ano,mes,data,regiao,uf,cidade,pm25,pm10,no2,co,o3,temperatura_media,umidade,indice_qualidade_ar,nivel_qualidade,mes_nome,trimestre,estacao,critico,contrib_pm25,contrib_pm10,contrib_no2,contrib_co,contrib_o3,poluente_predominante,faixa_temperatura,faixa_umidade
2015,1,2015-01-01,Norte,AM,Manaus,40.49,59.71,36.34,1.65,41.76,27.5,40.7,77.83,Moderada,Jan,1,Verão,False,36.441,14.9275,9.085,13.2,4.176,PM2.5,25-28 °C,até 55%
2015,1,2015-01-01,Norte,PA,Belém,42.4,56.33,11.07,0.76,57.16,25.3,76.2,66.82,Moderada,Jan,1,Verão,False,38.16,14.0825,2.7675,6.08,5.716,PM2.5,25-28 °C,70-85%
2015,1,2015-01-01,Norte,PA,Santarém,33.09,67.08,14.03,1.03,34.61,27.4,91.8,61.79,Moderada,Jan,1,Verão,False,29.781000000000002,16.77,3.5075,8.24,3.4610000000000003,PM2.5,25-28 °C,acima de 85%
2015,1,2015-01-01,Norte,RO,Porto Velho,28.57,92.4,19.51,1.38,22.36,19.6,57.7,66.96,Moderada,Jan,1,Verão,False,25.713,23.1,4.8775,11.04,2.236,PM2.5,até 22 °C,55-70%
2015,1,2015-01-01,Norte,TO,Palmas,22.18,92.5,28.23,1.63,27.42,23.4,47.3,65.93,Moderada,Jan,1,Verão,False,19.962,23.125,7.0575,13.04,2.7420000000000004,PM10,22-25 °C,até 55%
2015,1,2015-01-01,Nordeste,BA,Salvador,32.24,59.6,24.12,0.92,28.36,17.0,84.2,60.12,Moderada,Jan,1,Verão,False,29.016000000000002,14.9,6.03,7.36,2.8360000000000003,PM2.5,até 22 °C,70-85%
2015,1,2015-01-01,Nordeste,BA,Feira de Santana,38.32,61.54,17.01,1.32,31.61,28.4,70.7,67.84,Moderada,Jan,1,Verão,False,34.488,15.385,4.2525,10.56,3.161,PM2.5,acima de 28 °C,70-85%
2015,1,2015-01-01,Nordeste,PE,Recife,39.47,86.18,17.29,1.67,42.71,27.4,75.2,79.0,Moderada,Jan,1,Verão,False,35.523,21.545,4.3225,13.36,4.271,PM2.5,25-28 °C,70-85%
2015,1,2015-01-01,Nordeste,PE,Jaboatão dos Guararapes,26.67,62.07,31.24,0.77,34.0,27.4,88.3,56.87,Moderada,Jan,1,Verão,False,24.003000000000004,15.5175,7.81,6.16,3.4000000000000004,PM2.5,25-28 °C,acima de 85%
2015,1,2015-01-01,Nordeste,CE,Fortaleza,43.22,58.22,32.65,0.68,39.97,17.5,87.6,71.1,Moderada,Jan,1,Verão,False,38.898,14.555,8.1625,5.44,3.997,PM2.5,até 22 °C,acima de 85%
2015,1,2015-01-01,Nordeste,CE,Juazeiro do Norte,32.34,82.76,26.48,0.72,39.24,27.8,67.5,66.07,Moderada,Jan,1,Verão,False,29.106000000000005,20.69,6.62,5.76,3.9240000000000004,PM2.5,25-28 °C,55-70%
2015,1,2015-01-01,Nordeste,MA,São Luís,24.25,59.34,31.31,1.79,28.78,26.4,58.1,61.67,Moderada,Jan,1,Verão,False,21.825,14.835,7.8275,14.32,2.878,PM2.5,25-28 °C,55-70%
2015,1,2015-01-01,Nordeste,PB,João Pessoa,41.13,49.34,6.41,0.31,55.44,26.6,77.3,58.98,Moderada,Jan,1,Verão,False,37.017,12.335,1.6025,2.48,5.5440000000000005,PM2.5,25-28 °C,70-85%
2015,1,2015-01-01,Centro-Oeste,DF,Brasília,35.67,45.73,34.18,0.34,44.68,19.8,85.9,59.26,Moderada,Jan,1,Verão,False,32.103,11.4325,8.545,2.72,4.468,PM2.5,até 22 °C,acima de 85%
2015,1,2015-01-01,Centro-Oeste,GO,Goiânia,30.47,59.33,31.16,1.16,29.52,27.0,78.4,62.29,Moderada,Jan,1,Verão,False,27.423,14.8325,7.79,9.28,2.952,PM2.5,25-28 °C,70-85%
2015,1,2015-01-01,Centro-Oeste,GO,Aparecida de Goiânia,40.29,63.56,30.2,0.44,54.85,24.5,73.8,68.71,Moderada,Jan,1,Verão,False,36.261,15.89,7.55,3.52,5.485,PM2.5,22-25 °C,70-85%
2015,1,2015-01-01,Centro-Oeste,MT,Cuiabá,22.02,79.92,22.57,1.56,44.79,25.0,64.5,62.44,Moderada,Jan,1,Verão,False,19.818,19.98,5.6425,12.48,4.479,PM10,22-25 °C,55-70%
2015,1,2015-01-01,Centro-Oeste,MS,Campo Grande,32.83,53.16,16.69,0.47,26.82,26.3,44.5,53.46,Moderada,Jan,1,Verão,False,29.547,13.29,4.1725,3.76,2.6820000000000004,PM2.5,25-28 °C,até 55%
2015,1,2015-01-01,Sudeste,SP,São Paulo,34.13,49.35,38.6,0.64,27.27,21.0,81.0,60.57,Moderada,Jan,1,Verão,False,30.717000000000002,12.3375,9.65,5.12,2.7270000000000003,PM2.5,até 22 °C,70-85%
2015,1,2015-01-01,Sudeste,SP,Campinas,33.25,54.28,20.9,0.53,44.59,30.0,56.6,57.38,Moderada,Jan,1,Verão,False,29.925,13.57,5.225,4.24,4.4590000000000005,PM2.5,acima de 28 °C,55-70%
2015,1,2015-01-01,Sudeste,SP,Ribeirão Preto,30.06,46.4,28.59,1.18,37.91,23.8,49.8,59.05,Moderada,Jan,1,Verão,False,27.054,11.6,7.1475,9.44,3.791,PM2.5,22-25 °C,até 55%
2015,1,2015-01-01,Sudeste,RJ,Rio de Janeiro,33.62,67.67,35.68,1.64,38.54,24.6,84.0,73.11,Moderada,Jan,1,Verão,False,30.258,16.9175,8.92,13.12,3.854,PM2.5,22-25 °C,70-85%
2015,1,2015-01-01,Sudeste,RJ,Niterói,34.72,57.38,24.98,0.76,37.51,24.6,42.7,61.71,Moderada,Jan,1,Verão,False,31.248,14.345,6.245,6.08,3.751,PM2.5,22-25 °C,até 55%
2015,1,2015-01-01,Sudeste,RJ,Nova Iguaçu,27.46,64.17,17.72,1.13,58.1,26.3,47.8,60.08,Moderada,Jan,1,Verão,False,24.714000000000002,16.0425,4.43,9.04,5.8100000000000005,PM2.5,25-28 °C,até 55%
2015,1,2015-01-01,Sudeste,RJ,Petrópolis,33.03,52.32,28.97,1.04,35.6,25.6,50.3,61.91,Moderada,Jan,1,Verão,False,29.727,13.08,7.2425,8.32,3.5600000000000005,PM2.5,25-28 °C,até 55%
2015,1,2015-01-01,Sudeste,MG,Belo Horizonte,43.03,83.49,18.56,1.44,45.35,21.4,80.4,80.31,Ruim,Jan,1,Verão,True,38.727000000000004,20.8725,4.64,11.52,4.535,PM2.5,até 22 °C,70-85%
2015,1,2015-01-01,Sudeste,MG,Uberlândia,41.73,73.67,15.16,0.57,40.96,28.4,41.8,68.44,Moderada,Jan,1,Verão,False,37.556999999999995,18.4175,3.79,4.56,4.096,PM2.5,acima de 28 °C,até 55%
2015,1,2015-01-01,Sudeste,MG,Juiz de Fora,35.86,61.84,13.83,0.7,46.86,29.1,66.7,61.5,Moderada,Jan,1,Verão,False,32.274,15.46,3.4575,5.6,4.686,PM2.5,acima de 28 °C,55-70%
2015,1,2015-01-01,Sudeste,ES,Vitória,35.61,75.24,31.94,1.22,47.26,27.8,56.2,73.29,Moderada,Jan,1,Verão,False,32.049,18.81,7.985,9.76,4.726,PM2.5,25-28 °C,55-70%
2015,1,2015-01-01,Sudeste,ES,Vila Velha,34.67,61.08,26.87,0.37,45.62,23.3,69.7,60.71,Moderada,Jan,1,Verão,False,31.203000000000003,15.27,6.7175,2.96,4.562,PM2.5,22-25 °C,55-70%
2015,1,2015-01-01,Sudeste,ES,Serra,25.5,54.93,29.54,0.79,20.52,20.8,74.4,52.44,Moderada,Jan,1,Verão,False,22.95,13.7325,7.385,6.32,2.052,PM2.5,até 22 °C,70-85%
2015,1,2015-01-01,Sul,PR,Curitiba,39.56,61.67,35.41,1.36,39.47,28.3,92.3,74.71,Moderada,Jan,1,Verão,False,35.604000000000006,15.4175,8.8525,10.88,3.947,PM2.5,acima de 28 °C,acima de 85%
2015,1,2015-01-01,Sul,PR,Londrina,35.59,84.56,26.51,0.92,50.29,25.4,75.0,72.16,Moderada,Jan,1,Verão,False,32.031000000000006,21.14,6.6275,7.36,5.029,PM2.5,25-28 °C,70-85%
2015,1,2015-01-01,Sul,SC,Florianópolis,50.78,102.42,44.01,1.03,45.43,26.4,91.9,95.08,Ruim,Jan,1,Verão,True,45.702000000000005,25.605,11.0025,8.24,4.543,PM2.5,25-28 °C,acima de 85%
2015,1,2015-01-01,Sul,SC,Joinville,50.72,89.68,32.74,1.72,33.88,27.4,47.8,93.38,Ruim,Jan,1,Verão,True,45.648,22.42,8.185,13.76,3.3880000000000003,PM2.5,25-28 °C,até 55%
2015,1,2015-01-01,Sul,RS,Porto Alegre,38.05,60.45,5.89,0.62,42.84,22.7,65.6,60.09,Moderada,Jan,1,Verão,False,34.245,15.1125,1.4725,4.96,4.284000000000001,PM2.5,22-25 °C,55-70%
2015,1,2015-01-01,Sul,RS,Caxias do Sul,21.3,26.02,35.99,0.4,43.69,22.4,58.3,42.23,Boa,Jan,1,Verão,False,19.17,6.505,8.9975,3.2,4.369,PM2.5,22-25 °C,55-70%
2015,2,2015-02-01,Norte,AM,Manaus,32.52,50.26,21.41,1.67,49.54,20.3,78.0,65.49,Moderada,Fev,1,Verão,False,29.268000000000004,12.565,5.3525,13.36,4.954000000000001,PM2.5,até 22 °C,70-85%
2015,2,2015-02-01,Norte,PA,Belém,38.56,56.52,29.51,1.31,45.39,29.9,79.0,71.2,Moderada,Fev,1,Verão,False,34.704,14.13,7.3775,10.48,4.539000000000001,PM2.5,acima de 28 °C,70-85%
2015,2,2015-02-01,Norte,PA,Santarém,33.91,63.81,33.07,1.39,30.68,26.7,71.3,68.89,Moderada,Fev,1,Verão,False,30.519,15.9525,8.2675,11.12,3.068,PM2.5,25-28 °C,70-85%
2015,2,2015-02-01,Norte,RO,Porto Velho,40.95,62.06,10.33,1.78,49.92,27.2,85.4,74.17,Moderada,Fev,1,Verão,False,36.855000000000004,15.515,2.5825,14.24,4.992000000000001,PM2.5,25-28 °C,acima de 85%
2015,2,2015-02-01,Norte,TO,Palmas,36.15,72.62,31.43,0.97,41.41,24.2,91.2,70.48,Moderada,Fev,1,Verão,False,32.535,18.155,7.8575,7.76,4.141,PM2.5,22-25 °C,acima de 85%
2015,2,2015-02-01,Nordeste,BA,Salvador,20.27,74.05,27.39,0.94,34.61,25.7,53.7,54.61,Moderada,Fev,1,Verão,False,18.243,18.5125,6.8475,7.52,3.4610000000000003,PM10,25-28 °C,até 55%
2015,2,2015-02-01,Nordeste,BA,Feira de Santana,23.57,60.21,34.79,0.43,44.24,27.5,59.2,52.81,Moderada,Fev,1,Verão,False,21.213,15.0525,8.6975,3.44,4.424,PM2.5,25-28 °C,55-70%
2015,2,2015-02-01,Nordeste,PE,Recife,27.48,58.49,36.47,0.49,52.79,22.6,42.9,57.7,Moderada,Fev,1,Verão,False,24.732,14.6225,9.1175,3.92,5.279,PM2.5,22-25 °C,até 55%
2015,2,2015-02-01,Nordeste,PE,Jaboatão dos Guararapes,48.63,43.67,38.5,1.11,49.67,21.2,71.4,78.17,Moderada,Fev,1,Verão,False,43.767,10.9175,9.625,8.88,4.9670000000000005,PM2.5,até 22 °C,70-85%
2015,2,2015-02-01,Nordeste,CE,Fortaleza,46.1,47.81,16.25,0.97,46.99,23.7,74.9,69.99,Moderada,Fev,1,Verão,False,41.49,11.9525,4.0625,7.76,4.699000000000001,PM2.5,22-25 °C,70-85%
2015,2,2015-02-01,Nordeste,CE,Juazeiro do Norte,39.67,66.28,17.65,1.62,32.36,23.7,42.7,72.86,Moderada,Fev,1,Verão,False,35.703,16.57,4.4125,12.96,3.236,PM2.5,22-25 °C,até 55%
2015,2,2015-02-01,Nordeste,MA,São Luís,42.43,95.35,26.18,0.45,29.83,23.6,55.9,75.13,Moderada,Fev,1,Verão,False,38.187,23.8375,6.545,3.6,2.983,PM2.5,22-25 °C,55-70%
2015,2,2015-02-01,Nordeste,PB,João Pessoa,44.93,60.5,38.64,0.37,44.1,20.8,83.2,72.61,Moderada,Fev,1,Verão,False,40.437,15.125,9.66,2.96,4.41,PM2.5,até 22 °C,70-85%
2015,2,2015-02-01,Centro-Oeste,DF,Brasília,34.72,77.26,15.64,0.67,40.28,26.3,70.1,63.86,Moderada,Fev,1,Verão,False,31.248,19.315,3.91,5.36,4.0280000000000005,PM2.5,25-28 °C,70-85%
2015,2,2015-02-01,Centro-Oeste,GO,Goiânia,33.09,75.1,21.96,1.21,45.78,17.0,46.8,68.32,Moderada,Fev,1,Verão,False,29.781000000000002,18.775,5.49,9.68,4.578,PM2.5,até 22 °C,até 55%
2015,2,2015-02-01,Centro-Oeste,GO,Aparecida de Goiânia,38.9,78.53,24.96,0.59,41.31,25.3,48.9,69.75,Moderada,Fev,1,Verão,False,35.01,19.6325,6.24,4.72,4.131,PM2.5,25-28 °C,até 55%
2015,2,2015-02-01,Centro-Oeste,MT,Cuiabá,34.92,61.09,13.0,0.69,30.42,19.8,62.8,58.54,Moderada,Fev,1,Verão,False,31.428,15.2725,3.25,5.52,3.0420000000000003,PM2.5,até 22 °C,55-70%
2015,2,2015-02-01,Centro-Oeste,MS,Campo Grande,48.99,3.0,20.2,0.35,43.86,21.3,81.5,57.08,Moderada,Fev,1,Verão,False,44.091,0.75,5.05,2.8,4.386,PM2.5,até 22 °C,70-85%
2015,2,2015-02-01,Sudeste,SP,São Paulo,35.57,68.93,30.25,1.16,45.68,27.9,78.8,70.63,Moderada,Fev,1,Verão,False,32.013,17.2325,7.5625,9.28,4.5680000000000005,PM2.5,25-28 °C,70-85%
2015,2,2015-02-01,Sudeste,SP,Campinas,41.41,73.35,23.82,1.53,56.53,28.4,88.6,79.48,Moderada,Fev,1,Verão,False,37.269,18.3375,5.955,12.24,5.6530000000000005,PM2.5,acima de 28 °C,acima de 85%
2015,2,2015-02-01,Sudeste,SP,Ribeirão Preto,40.75,62.37,19.21,1.51,35.14,28.8,67.1,72.63,Moderada,Fev,1,Verão,False,36.675000000000004,15.5925,4.8025,12.08,3.5140000000000002,PM2.5,acima de 28 °C,55-70%
2015,2,2015-02-01,Sudeste,RJ,Rio de Janeiro,31.37,85.12,29.35,0.91,33.76,28.6,78.1,67.48,Moderada,Fev,1,Verão,False,28.233,21.28,7.3375,7.28,3.376,PM2.5,acima de 28 °C,70-85%
2015,2,2015-02-01,Sudeste,RJ,Niterói,40.24,73.42,20.42,1.49,41.88,22.8,64.2,75.77,Moderada,Fev,1,Verão,False,36.216,18.355,5.105,11.92,4.188000000000001,PM2.5,22-25 °C,55-70%
2015,2,2015-02-01,Sudeste,RJ,Nova Iguaçu,34.8,54.47,24.32,1.76,40.96,24.3,94.5,69.19,Moderada,Fev,1,Verão,False,31.319999999999997,13.6175,6.08,14.08,4.096,PM2.5,22-25 °C,acima de 85%
2015,2,2015-02-01,Sudeste,RJ,Petrópolis,34.21,56.66,29.82,0.82,24.61,24.7,90.4,61.38,Moderada,Fev,1,Verão,False,30.789,14.165,7.455,6.56,2.4610000000000003,PM2.5,22-25 °C,acima de 85%
2015,2,2015-02-01,Sudeste,MG,Belo Horizonte,39.64,80.67,22.21,1.08,40.94,21.4,76.3,74.15,Moderada,Fev,1,Verão,False,35.676,20.1675,5.5525,8.64,4.094,PM2.5,até 22 °C,70-85%
2015,2,2015-02-01,Sudeste,MG,Uberlândia,41.2,81.09,15.26,1.38,22.87,29.4,60.2,74.48,Moderada,Fev,1,Verão,False,37.080000000000005,20.2725,3.815,11.04,2.2870000000000004,PM2.5,acima de 28 °C,55-70%
2015,2,2015-02-01,Sudeste,MG,Juiz de Fora,52.53,51.88,21.15,1.11,26.6,30.1,81.1,77.08,Moderada,Fev,1,Verão,False,47.277,12.97,5.2875,8.88,2.66,PM2.5,acima de 28 °C,70-85%
2015,2,2015-02-01,Sudeste,ES,Vitória,23.2,71.0,11.18,0.56,26.46,25.8,42.6,48.52,Boa,Fev,1,Verão,False,20.88,17.75,2.795,4.48,2.6460000000000004,PM2.5,25-28 °C,até 55%
2015,2,2015-02-01,Sudeste,ES,Vila Velha,45.22,100.19,20.86,1.08,49.94,32.1,67.9,84.6,Ruim,Fev,1,Verão,True,40.698,25.0475,5.215,8.64,4.994,PM2.5,acima de 28 °C,55-70%
2015,2,2015-02-01,Sudeste,ES,Serra,31.27,74.78,23.39,1.67,38.54,29.9,82.9,69.88,Moderada,Fev,1,Verão,False,28.143,18.695,5.8475,13.36,3.854,PM2.5,acima de 28 °C,70-85%
2015,2,2015-02-01,Sul,PR,Curitiba,27.25,56.16,35.4,0.46,56.53,31.4,40.8,56.78,Moderada,Fev,1,Verão,False,24.525000000000002,14.04,8.85,3.68,5.6530000000000005,PM2.5,acima de 28 °C,até 55%
2015,2,2015-02-01,Sul,PR,Londrina,31.88,62.54,21.34,1.16,52.62,30.1,90.4,64.19,Moderada,Fev,1,Verão,False,28.692,15.635,5.335,9.28,5.2620000000000005,PM2.5,acima de 28 °C,acima de 85%
2015,2,2015-02-01,Sul,SC,Florianópolis,30.4,102.41,26.78,0.97,46.94,23.9,71.8,72.08,Moderada,Fev,1,Verão,False,27.36,25.6025,6.695,7.76,4.694,PM2.5,22-25 °C,70-85%
2015,2,2015-02-01,Sul,SC,Joinville,33.63,50.57,31.12,0.49,35.76,25.6,67.6,58.17,Moderada,Fev,1,Verão,False,30.267000000000003,12.6425,7.78,3.92,3.576,PM2.5,25-28 °C,55-70%
2015,2,2015-02-01,Sul,RS,Porto Alegre,24.18,42.32,31.33,1.06,18.77,20.3,71.7,50.5,Moderada,Fev,1,Verão,False,21.762,10.58,7.8325,8.48,1.877,PM2.5,até 22 °C,70-85%
2015,2,2015-02-01,Sul,RS,Caxias do Sul,32.63,84.67,30.93,1.73,35.7,26.4,73.3,75.71,Moderada,Fev,1,Verão,False,29.367000000000004,21.1675,7.7325,13.84,3.5700000000000003,PM2.5,25-28 °C,70-85%
2015,3,2015-03-01,Norte,AM,Manaus,23.96,61.95,40.61,1.53,42.15,23.7,46.9,63.69,Moderada,Mar,1,Outono,False,21.564,15.4875,10.1525,12.24,4.215,PM2.5,22-25 °C,até 55%
2015,3,2015-03-01,Norte,PA,Belém,20.09,44.48,32.12,1.44,42.26,31.8,82.2,52.98,Moderada,Mar,1,Outono,False,18.081,11.12,8.03,11.52,4.226,PM2.5,acima de 28 °C,70-85%
2015,3,2015-03-01,Norte,PA,Santarém,19.81,71.74,52.78,1.47,34.97,19.6,75.1,64.22,Moderada,Mar,1,Outono,False,17.829,17.935,13.195,11.76,3.497,PM10,até 22 °C,70-85%
2015,3,2015-03-01,Norte,RO,Porto Velho,44.8,82.06,42.14,1.78,43.3,25.2,58.3,89.91,Ruim,Mar,1,Outono,True,40.32,20.515,10.535,14.24,4.33,PM2.5,25-28 °C,55-70%
2015,3,2015-03-01,Norte,TO,Palmas,32.27,35.54,29.37,1.57,34.28,25.7,65.1,61.25,Moderada,Mar,1,Outono,False,29.043000000000003,8.885,7.3425,12.56,3.4280000000000004,PM2.5,25-28 °C,55-70%
2015,3,2015-03-01,Nordeste,BA,Salvador,38.43,42.32,17.19,1.15,32.59,23.8,89.8,61.95,Moderada,Mar,1,Outono,False,34.587,10.58,4.2975,9.2,3.2590000000000003,PM2.5,22-25 °C,acima de 85%
2015,3,2015-03-01,Nordeste,BA,Feira de Santana,16.59,48.78,16.89,0.62,35.99,22.6,60.3,39.89,Boa,Mar,1,Outono,False,14.931000000000001,12.195,4.2225,4.96,3.599,PM2.5,22-25 °C,55-70%
2015,3,2015-03-01,Nordeste,PE,Recife,39.91,64.42,24.01,1.06,38.06,23.9,84.6,70.34,Moderada,Mar,1,Outono,False,35.919,16.105,6.0025,8.48,3.8060000000000005,PM2.5,22-25 °C,70-85%
2015,3,2015-03-01,Nordeste,PE,Jaboatão dos Guararapes,37.22,66.23,21.64,0.33,33.84,24.6,43.1,61.46,Moderada,Mar,1,Outono,False,33.498,16.5575,5.41,2.64,3.3840000000000003,PM2.5,22-25 °C,até 55%
2015,3,2015-03-01,Nordeste,CE,Fortaleza,41.93,52.41,30.85,0.74,49.93,23.4,89.1,69.43,Moderada,Mar,1,Outono,False,37.737,13.1025,7.7125,5.92,4.993,PM2.5,22-25 °C,acima de 85%
2015,3,2015-03-01,Nordeste,CE,Juazeiro do Norte,37.52,86.45,17.56,0.61,29.29,24.2,83.6,67.61,Moderada,Mar,1,Outono,False,33.768,21.6125,4.39,4.88,2.9290000000000003,PM2.5,22-25 °C,70-85%
2015,3,2015-03-01,Nordeste,MA,São Luís,34.42,76.0,29.13,1.62,41.32,26.3,49.1,74.32,Moderada,Mar,1,Outono,False,30.978,19.0,7.2825,12.96,4.132000000000001,PM2.5,25-28 °C,até 55%
2015,3,2015-03-01,Nordeste,PB,João Pessoa,26.05,93.97,16.17,0.4,56.38,26.3,74.6,59.85,Moderada,Mar,1,Outono,False,23.445,23.4925,4.0425,3.2,5.638000000000001,PM10,25-28 °C,70-85%
2015,3,2015-03-01,Centro-Oeste,DF,Brasília,15.48,74.43,21.78,0.37,30.65,30.1,56.3,44.04,Boa,Mar,1,Outono,False,13.932,18.6075,5.445,2.96,3.065,PM10,acima de 28 °C,55-70%
2015,3,2015-03-01,Centro-Oeste,GO,Goiânia,41.9,56.87,31.73,1.48,35.02,25.1,82.7,75.23,Moderada,Mar,1,Outono,False,37.71,14.2175,7.9325,11.84,3.5020000000000007,PM2.5,25-28 °C,70-85%
2015,3,2015-03-01,Centro-Oeste,GO,Aparecida de Goiânia,35.92,75.07,23.0,0.94,31.7,23.9,56.5,67.55,Moderada,Mar,1,Outono,False,32.328,18.7675,5.75,7.52,3.17,PM2.5,22-25 °C,55-70%
2015,3,2015-03-01,Centro-Oeste,MT,Cuiabá,36.91,34.31,25.96,1.27,34.59,25.3,64.7,61.88,Moderada,Mar,1,Outono,False,33.219,8.5775,6.49,10.16,3.4590000000000005,PM2.5,25-28 °C,55-70%
2015,3,2015-03-01,Centro-Oeste,MS,Campo Grande,43.22,42.25,41.46,1.3,15.07,25.3,53.1,71.75,Moderada,Mar,1,Outono,False,38.898,10.5625,10.365,10.4,1.5070000000000001,PM2.5,25-28 °C,até 55%
2015,3,2015-03-01,Sudeste,SP,São Paulo,29.56,69.77,22.45,1.37,51.35,28.2,85.9,65.71,Moderada,Mar,1,Outono,False,26.604,17.4425,5.6125,10.96,5.135000000000001,PM2.5,acima de 28 °C,acima de 85%
2015,3,2015-03-01,Sudeste,SP,Campinas,38.15,75.72,12.34,1.62,60.22,25.3,65.3,75.36,Moderada,Mar,1,Outono,False,34.335,18.93,3.085,12.96,6.022,PM2.5,25-28 °C,55-70%
2015,3,2015-03-01,Sudeste,SP,Ribeirão Preto,35.03,57.98,22.64,0.81,43.5,29.3,80.9,62.53,Moderada,Mar,1,Outono,False,31.527,14.495,5.66,6.48,4.3500000000000005,PM2.5,acima de 28 °C,70-85%
2015,3,2015-03-01,Sudeste,RJ,Rio de Janeiro,29.54,66.24,36.41,1.3,51.57,27.5,85.7,67.8,Moderada,Mar,1,Outono,False,26.586,16.56,9.1025,10.4,5.157,PM2.5,25-28 °C,acima de 85%
2015,3,2015-03-01,Sudeste,RJ,Niterói,41.46,52.32,18.16,0.84,30.52,30.0,46.5,64.7,Moderada,Mar,1,Outono,False,37.314,13.08,4.54,6.72,3.052,PM2.5,acima de 28 °C,até 55%
2015,3,2015-03-01,Sudeste,RJ,Nova Iguaçu,37.69,87.3,23.7,0.86,54.81,27.6,63.3,74.0,Moderada,Mar,1,Outono,False,33.921,21.825,5.925,6.88,5.481000000000001,PM2.5,25-28 °C,55-70%
2015,3,2015-03-01,Sudeste,RJ,Petrópolis,21.79,58.37,23.39,0.85,40.15,30.3,86.9,50.87,Moderada,Mar,1,Outono,False,19.611,14.5925,5.8475,6.8,4.015,PM2.5,acima de 28 °C,acima de 85%
2015,3,2015-03-01,Sudeste,MG,Belo Horizonte,26.41,85.66,19.37,1.7,40.91,25.9,69.2,67.68,Moderada,Mar,1,Outono,False,23.769000000000002,21.415,4.8425,13.6,4.091,PM2.5,25-28 °C,55-70%
2015,3,2015-03-01,Sudeste,MG,Uberlândia,36.18,77.23,12.54,1.09,45.3,24.6,41.9,68.26,Moderada,Mar,1,Outono,False,32.562,19.3075,3.135,8.72,4.53,PM2.5,22-25 °C,até 55%
2015,3,2015-03-01,Sudeste,MG,Juiz de Fora,40.16,85.71,13.76,0.64,33.26,23.6,42.1,69.45,Moderada,Mar,1,Outono,False,36.144,21.4275,3.44,5.12,3.326,PM2.5,22-25 °C,até 55%
2015,3,2015-03-01,Sudeste,ES,Vitória,36.86,52.69,29.88,1.05,42.39,26.0,46.6,66.45,Moderada,Mar,1,Outono,False,33.174,13.1725,7.47,8.4,4.239,PM2.5,25-28 °C,até 55%
2015,3,2015-03-01,Sudeste,ES,Vila Velha,41.16,72.77,39.72,0.84,33.51,27.1,62.8,75.23,Moderada,Mar,1,Outono,False,37.044,18.1925,9.93,6.72,3.351,PM2.5,25-28 °C,55-70%
2015,3,2015-03-01,Sudeste,ES,Serra,35.92,76.26,30.54,0.52,48.12,25.5,41.3,68.0,Moderada,Mar,1,Outono,False,32.328,19.065,7.635,4.16,4.812,PM2.5,25-28 °C,até 55%
2015,3,2015-03-01,Sul,PR,Curitiba,33.31,46.57,22.91,0.96,33.37,24.1,71.8,58.34,Moderada,Mar,1,Outono,False,29.979000000000003,11.6425,5.7275,7.68,3.3369999999999997,PM2.5,22-25 °C,70-85%
2015,3,2015-03-01,Sul,PR,Londrina,34.69,82.77,22.87,1.67,42.77,28.5,70.3,75.31,Moderada,Mar,1,Outono,False,31.221,20.6925,5.7175,13.36,4.277,PM2.5,acima de 28 °C,70-85%
2015,3,2015-03-01,Sul,SC,Florianópolis,46.22,87.88,33.23,1.06,24.99,24.2,45.7,82.86,Ruim,Mar,1,Outono,True,41.598,21.97,8.3075,8.48,2.499,PM2.5,22-25 °C,até 55%
2015,3,2015-03-01,Sul,SC,Joinville,37.9,58.5,28.06,0.57,34.65,23.6,79.4,63.78,Moderada,Mar,1,Outono,False,34.11,14.625,7.015,4.56,3.465,PM2.5,22-25 °C,70-85%
2015,3,2015-03-01,Sul,RS,Porto Alegre,28.5,80.17,28.8,0.51,47.93,32.6,74.9,61.8,Moderada,Mar,1,Outono,False,25.650000000000002,20.0425,7.2,4.08,4.793,PM2.5,acima de 28 °C,70-85%
2015,3,2015-03-01,Sul,RS,Caxias do Sul,37.68,57.66,36.11,1.04,42.75,30.0,54.1,69.94,Moderada,Mar,1,Outono,False,33.912,14.415,9.0275,8.32,4.275,PM2.5,acima de 28 °C,até 55%
2015,4,2015-04-01,Norte,AM,Manaus,40.16,77.62,22.68,1.06,45.55,21.7,84.0,74.27,Moderada,Abr,2,Outono,False,36.144,19.405,5.67,8.48,4.555,PM2.5,até 22 °C,70-85%
2015,4,2015-04-01,Norte,PA,Belém,36.87,63.36,17.59,0.94,44.76,19.5,64.0,65.39,Moderada,Abr,2,Outono,False,33.183,15.84,4.3975,7.52,4.476,PM2.5,até 22 °C,55-70%
2015,4,2015-04-01,Norte,PA,Santarém,35.28,102.76,25.62,0.87,33.01,23.8,82.9,74.1,Moderada,Abr,2,Outono,False,31.752000000000002,25.69,6.405,6.96,3.301,PM2.5,22-25 °C,70-85%
2015,4,2015-04-01,Norte,RO,Porto Velho,42.39,67.07,20.04,1.25,36.03,27.6,91.1,73.49,Moderada,Abr,2,Outono,False,38.151,16.7675,5.01,10.0,3.603,PM2.5,25-28 °C,acima de 85%
2015,4,2015-04-01,Norte,TO,Palmas,52.51,57.14,27.97,1.52,44.52,22.9,81.9,85.12,Ruim,Abr,2,Outono,True,47.259,14.285,6.9925,12.16,4.452000000000001,PM2.5,22-25 °C,70-85%
2015,4,2015-04-01,Nordeste,BA,Salvador,51.55,105.55,30.33,1.59,23.13,26.8,75.2,95.4,Ruim,Abr,2,Outono,True,46.394999999999996,26.3875,7.5825,12.72,2.313,PM2.5,25-28 °C,70-85%
2015,4,2015-04-01,Nordeste,BA,Feira de Santana,33.33,74.61,22.81,0.84,44.07,26.6,51.2,65.48,Moderada,Abr,2,Outono,False,29.997,18.6525,5.7025,6.72,4.407,PM2.5,25-28 °C,até 55%
2015,4,2015-04-01,Nordeste,PE,Recife,52.54,58.81,29.77,1.2,43.63,25.6,77.3,83.4,Ruim,Abr,2,Outono,True,47.286,14.7025,7.4425,9.6,4.363,PM2.5,25-28 °C,70-85%
2015,4,2015-04-01,Nordeste,PE,Jaboatão dos Guararapes,38.98,73.61,18.77,1.27,36.82,27.6,41.0,71.98,Moderada,Abr,2,Outono,False,35.082,18.4025,4.6925,10.16,3.6820000000000004,PM2.5,25-28 °C,até 55%
2015,4,2015-04-01,Nordeste,CE,Fortaleza,27.41,98.68,30.85,1.52,60.45,23.4,43.6,75.24,Moderada,Abr,2,Outono,False,24.669,24.67,7.7125,12.16,6.045000000000001,PM10,22-25 °C,até 55%
2015,4,2015-04-01,Nordeste,CE,Juazeiro do Norte,21.34,66.76,28.37,0.35,42.29,23.9,48.7,50.05,Moderada,Abr,2,Outono,False,19.206,16.69,7.0925,2.8,4.229,PM2.5,22-25 °C,até 55%
2015,4,2015-04-01,Nordeste,MA,São Luís,41.0,33.85,32.44,0.42,28.44,29.5,93.4,59.7,Moderada,Abr,2,Outono,False,36.9,8.4625,8.11,3.36,2.8440000000000003,PM2.5,acima de 28 °C,acima de 85%
2015,4,2015-04-01,Nordeste,PB,João Pessoa,14.83,92.32,12.45,1.27,42.57,22.6,74.7,53.97,Moderada,Abr,2,Outono,False,13.347,23.08,3.1125,10.16,4.257000000000001,PM10,22-25 °C,70-85%
2015,4,2015-04-01,Centro-Oeste,DF,Brasília,38.44,99.2,37.74,1.47,46.02,28.1,94.4,85.2,Ruim,Abr,2,Outono,True,34.596,24.8,9.435,11.76,4.602,PM2.5,acima de 28 °C,acima de 85%
2015,4,2015-04-01,Centro-Oeste,GO,Goiânia,48.17,72.22,20.6,0.91,55.54,27.0,82.1,79.43,Moderada,Abr,2,Outono,False,43.353,18.055,5.15,7.28,5.554,PM2.5,25-28 °C,70-85%
2015,4,2015-04-01,Centro-Oeste,GO,Aparecida de Goiânia,25.84,59.8,17.57,1.35,50.95,27.4,48.4,58.47,Moderada,Abr,2,Outono,False,23.256,14.95,4.3925,10.8,5.095000000000001,PM2.5,25-28 °C,até 55%
2015,4,2015-04-01,Centro-Oeste,MT,Cuiabá,21.89,69.56,18.99,0.62,42.25,21.8,63.0,51.05,Moderada,Abr,2,Outono,False,19.701,17.39,4.7475,4.96,4.2250000000000005,PM2.5,até 22 °C,55-70%
2015,4,2015-04-01,Centro-Oeste,MS,Campo Grande,30.3,94.55,19.32,1.18,22.8,29.8,79.4,67.43,Moderada,Abr,2,Outono,False,27.27,23.6375,4.83,9.44,2.2800000000000002,PM2.5,acima de 28 °C,70-85%
2015,4,2015-04-01,Sudeste,SP,São Paulo,25.39,76.64,29.93,0.7,49.79,21.7,81.5,60.1,Moderada,Abr,2,Outono,False,22.851000000000003,19.16,7.4825,5.6,4.979,PM2.5,até 22 °C,70-85%
2015,4,2015-04-01,Sudeste,SP,Campinas,34.52,26.55,14.48,0.81,34.35,23.6,93.5,51.28,Moderada,Abr,2,Outono,False,31.068000000000005,6.6375,3.62,6.48,3.4350000000000005,PM2.5,22-25 °C,acima de 85%
2015,4,2015-04-01,Sudeste,SP,Ribeirão Preto,20.49,81.95,30.91,1.21,49.55,26.5,79.3,61.32,Moderada,Abr,2,Outono,False,18.441,20.4875,7.7275,9.68,4.955,PM10,25-28 °C,70-85%
2015,4,2015-04-01,Sudeste,RJ,Rio de Janeiro,22.93,30.37,43.48,0.4,33.36,24.2,52.5,45.67,Boa,Abr,2,Outono,False,20.637,7.5925,10.87,3.2,3.3360000000000003,PM2.5,22-25 °C,até 55%
2015,4,2015-04-01,Sudeste,RJ,Niterói,12.54,50.96,21.95,0.34,39.62,20.8,79.1,36.21,Boa,Abr,2,Outono,False,11.286,12.74,5.4875,2.72,3.9619999999999997,PM10,até 22 °C,70-85%
2015,4,2015-04-01,Sudeste,RJ,Nova Iguaçu,42.73,96.41,26.33,1.39,36.8,26.9,46.2,83.93,Ruim,Abr,2,Outono,True,38.457,24.1025,6.5825,11.12,3.6799999999999997,PM2.5,25-28 °C,até 55%
2015,4,2015-04-01,Sudeste,RJ,Petrópolis,30.33,45.14,15.51,0.9,10.47,25.6,55.1,50.68,Moderada,Abr,2,Outono,False,27.297,11.285,3.8775,7.2,1.0470000000000002,PM2.5,25-28 °C,55-70%
2015,4,2015-04-01,Sudeste,MG,Belo Horizonte,39.81,81.64,21.43,1.7,27.2,23.2,44.9,77.95,Moderada,Abr,2,Outono,False,35.829,20.41,5.3575,13.6,2.72,PM2.5,22-25 °C,até 55%
2015,4,2015-04-01,Sudeste,MG,Uberlândia,32.38,64.02,21.0,1.7,62.19,23.4,51.6,70.24,Moderada,Abr,2,Outono,False,29.142000000000003,16.005,5.25,13.6,6.219,PM2.5,22-25 °C,até 55%
2015,4,2015-04-01,Sudeste,MG,Juiz de Fora,18.09,35.03,15.61,1.27,33.54,24.3,54.3,42.48,Boa,Abr,2,Outono,False,16.281,8.7575,3.9025,10.16,3.354,PM2.5,22-25 °C,até 55%
2015,4,2015-04-01,Sudeste,ES,Vitória,18.72,72.32,19.89,0.92,47.83,30.1,79.9,52.04,Moderada,Abr,2,Outono,False,16.848,18.08,4.9725,7.36,4.783,PM10,acima de 28 °C,70-85%
2015,4,2015-04-01,Sudeste,ES,Vila Velha,25.93,84.08,13.94,1.03,28.05,24.1,48.5,58.92,Moderada,Abr,2,Outono,False,23.337,21.02,3.485,8.24,2.805,PM2.5,22-25 °C,até 55%
2015,4,2015-04-01,Sudeste,ES,Serra,23.88,58.21,16.11,1.72,24.36,23.7,47.5,56.23,Moderada,Abr,2,Outono,False,21.492,14.5525,4.0275,13.76,2.436,PM2.5,22-25 °C,até 55%
2015,4,2015-04-01,Sul,PR,Curitiba,39.12,88.23,31.49,0.31,26.6,27.9,72.4,70.25,Moderada,Abr,2,Outono,False,35.208,22.0575,7.8725,2.48,2.66,PM2.5,25-28 °C,70-85%
2015,4,2015-04-01,Sul,PR,Londrina,27.26,94.97,19.56,1.35,29.33,26.0,80.9,66.93,Moderada,Abr,2,Outono,False,24.534000000000002,23.7425,4.89,10.8,2.933,PM2.5,25-28 °C,70-85%
2015,4,2015-04-01,Sul,SC,Florianópolis,41.42,68.29,26.58,1.09,50.25,25.5,74.8,74.76,Moderada,Abr,2,Outono,False,37.278000000000006,17.0725,6.645,8.72,5.025,PM2.5,25-28 °C,70-85%
2015,4,2015-04-01,Sul,SC,Joinville,34.03,93.3,16.88,1.7,50.3,29.3,58.9,76.79,Moderada,Abr,2,Outono,False,30.627000000000002,23.325,4.22,13.6,5.03,PM2.5,acima de 28 °C,55-70%
2015,4,2015-04-01,Sul,RS,Porto Alegre,27.43,66.65,21.75,1.09,31.29,26.3,89.5,58.62,Moderada,Abr,2,Outono,False,24.687,16.6625,5.4375,8.72,3.129,PM2.5,25-28 °C,acima de 85%
2015,4,2015-04-01,Sul,RS,Caxias do Sul,26.76,75.56,46.87,1.08,50.2,22.0,82.1,68.32,Moderada,Abr,2,Outono,False,24.084000000000003,18.89,11.7175,8.64,5.0200000000000005,PM2.5,até 22 °C,70-85%
2015,5,2015-05-01,Norte,AM,Manaus,30.52,94.29,26.0,0.49,43.65,27.2,59.2,65.87,Moderada,Mai,2,Outono,False,27.468,23.5725,6.5,3.92,4.365,PM2.5,25-28 °C,55-70%
2015,5,2015-05-01,Norte,PA,Belém,35.14,53.25,25.79,1.28,49.13,24.5,93.0,66.5,Moderada,Mai,2,Outono,False,31.626,13.3125,6.4475,10.24,4.913,PM2.5,22-25 °C,acima de 85%
2015,5,2015-05-01,Norte,PA,Santarém,38.01,83.37,29.02,0.65,49.16,24.8,40.1,72.43,Moderada,Mai,2,Outono,False,34.208999999999996,20.8425,7.255,5.2,4.916,PM2.5,22-25 °C,até 55%
2015,5,2015-05-01,Norte,RO,Porto Velho,24.75,69.55,31.78,0.92,38.23,23.9,65.5,58.78,Moderada,Mai,2,Outono,False,22.275000000000002,17.3875,7.945,7.36,3.823,PM2.5,22-25 °C,55-70%
2015,5,2015-05-01,Norte,TO,Palmas,37.15,80.96,23.3,0.69,38.22,21.7,69.6,68.81,Moderada,Mai,2,Outono,False,33.435,20.24,5.825,5.52,3.822,PM2.5,até 22 °C,55-70%
2015,5,2015-05-01,Nordeste,BA,Salvador,33.74,85.75,23.83,0.85,37.03,24.1,71.3,68.3,Moderada,Mai,2,Outono,False,30.366000000000003,21.4375,5.9575,6.8,3.7030000000000003,PM2.5,22-25 °C,70-85%
2015,5,2015-05-01,Nordeste,BA,Feira de Santana,23.49,86.03,21.73,0.86,45.8,29.1,69.8,59.53,Moderada,Mai,2,Outono,False,21.141,21.5075,5.4325,6.88,4.58,PM10,acima de 28 °C,55-70%
2015,5,2015-05-01,Nordeste,PE,Recife,30.73,94.53,30.8,0.33,25.77,19.0,48.8,64.21,Moderada,Mai,2,Outono,False,27.657,23.6325,7.7,2.64,2.577,PM2.5,até 22 °C,até 55%
2015,5,2015-05-01,Nordeste,PE,Jaboatão dos Guararapes,32.2,50.66,37.12,1.03,43.53,16.6,88.8,63.55,Moderada,Mai,2,Outono,False,28.980000000000004,12.665,9.28,8.24,4.353000000000001,PM2.5,até 22 °C,acima de 85%
2015,5,2015-05-01,Nordeste,CE,Fortaleza,37.87,71.58,13.6,0.36,58.29,26.9,43.7,64.09,Moderada,Mai,2,Outono,False,34.083,17.895,3.4,2.88,5.829000000000001,PM2.5,25-28 °C,até 55%
2015,5,2015-05-01,Nordeste,CE,Juazeiro do Norte,28.32,75.45,24.25,0.82,41.09,28.0,72.2,61.04,Moderada,Mai,2,Outono,False,25.488,18.8625,6.0625,6.56,4.109000000000001,PM2.5,25-28 °C,70-85%
2015,5,2015-05-01,Nordeste,MA,São Luís,40.91,87.55,30.31,0.92,28.23,28.9,66.9,76.47,Moderada,Mai,2,Outono,False,36.818999999999996,21.8875,7.5775,7.36,2.8230000000000004,PM2.5,acima de 28 °C,55-70%
2015,5,2015-05-01,Nordeste,PB,João Pessoa,37.84,24.65,33.95,1.1,28.05,20.4,45.8,60.3,Moderada,Mai,2,Outono,False,34.056000000000004,6.1625,8.4875,8.8,2.805,PM2.5,até 22 °C,até 55%
2015,5,2015-05-01,Centro-Oeste,DF,Brasília,34.54,50.6,40.31,1.33,34.18,26.2,47.6,67.84,Moderada,Mai,2,Outono,False,31.086,12.65,10.0775,10.64,3.418,PM2.5,25-28 °C,até 55%
2015,5,2015-05-01,Centro-Oeste,GO,Goiânia,47.56,103.03,27.8,0.49,31.09,27.7,62.1,82.52,Ruim,Mai,2,Outono,True,42.804,25.7575,6.95,3.92,3.109,PM2.5,25-28 °C,55-70%
2015,5,2015-05-01,Centro-Oeste,GO,Aparecida de Goiânia,38.93,36.67,38.53,1.37,41.72,25.0,45.3,68.98,Moderada,Mai,2,Outono,False,35.037,9.1675,9.6325,10.96,4.172,PM2.5,22-25 °C,até 55%
2015,5,2015-05-01,Centro-Oeste,MT,Cuiabá,25.94,53.4,21.15,1.13,51.62,21.4,63.8,56.21,Moderada,Mai,2,Outono,False,23.346,13.35,5.2875,9.04,5.162,PM2.5,até 22 °C,55-70%
2015,5,2015-05-01,Centro-Oeste,MS,Campo Grande,42.42,103.94,36.73,0.36,44.29,26.6,41.2,80.65,Ruim,Mai,2,Outono,True,38.178000000000004,25.985,9.1825,2.88,4.429,PM2.5,25-28 °C,até 55%
2015,5,2015-05-01,Sudeste,SP,São Paulo,30.52,73.96,10.0,0.36,43.25,26.6,77.3,55.67,Moderada,Mai,2,Outono,False,27.468,18.49,2.5,2.88,4.325,PM2.5,25-28 °C,70-85%
2015,5,2015-05-01,Sudeste,SP,Campinas,52.41,76.46,15.54,1.72,30.39,30.1,60.8,86.95,Ruim,Mai,2,Outono,True,47.169,19.115,3.885,13.76,3.039,PM2.5,acima de 28 °C,55-70%
2015,5,2015-05-01,Sudeste,SP,Ribeirão Preto,59.7,69.24,20.67,1.53,45.31,20.5,45.0,93.01,Ruim,Mai,2,Outono,True,53.730000000000004,17.31,5.1675,12.24,4.531000000000001,PM2.5,até 22 °C,até 55%
2015,5,2015-05-01,Sudeste,RJ,Rio de Janeiro,41.19,75.85,25.97,1.45,51.82,22.9,68.0,79.3,Moderada,Mai,2,Outono,False,37.071,18.9625,6.4925,11.6,5.182,PM2.5,22-25 °C,55-70%
2015,5,2015-05-01,Sudeste,RJ,Niterói,46.45,41.88,19.82,0.42,47.79,22.4,69.8,65.38,Moderada,Mai,2,Outono,False,41.80500000000001,10.47,4.955,3.36,4.779,PM2.5,22-25 °C,55-70%
2015,5,2015-05-01,Sudeste,RJ,Nova Iguaçu,40.37,54.66,31.66,0.54,39.91,22.5,63.4,66.19,Moderada,Mai,2,Outono,False,36.333,13.665,7.915,4.32,3.9909999999999997,PM2.5,22-25 °C,55-70%
2015,5,2015-05-01,Sudeste,RJ,Petrópolis,28.82,88.33,23.97,0.75,36.94,31.0,93.7,63.72,Moderada,Mai,2,Outono,False,25.938000000000002,22.0825,5.9925,6.0,3.694,PM2.5,acima de 28 °C,acima de 85%
2015,5,2015-05-01,Sudeste,MG,Belo Horizonte,15.98,74.99,36.32,0.94,39.76,22.8,83.5,53.7,Moderada,Mai,2,Outono,False,14.382000000000001,18.7475,9.08,7.52,3.976,PM10,22-25 °C,70-85%
2015,5,2015-05-01,Sudeste,MG,Uberlândia,40.63,78.35,30.02,0.56,31.53,23.6,54.2,71.31,Moderada,Mai,2,Outono,False,36.567,19.5875,7.505,4.48,3.1530000000000005,PM2.5,22-25 °C,até 55%
2015,5,2015-05-01,Sudeste,MG,Juiz de Fora,27.12,83.34,22.38,0.54,20.48,24.9,74.8,57.18,Moderada,Mai,2,Outono,False,24.408,20.835,5.595,4.32,2.048,PM2.5,22-25 °C,70-85%
2015,5,2015-05-01,Sudeste,ES,Vitória,23.16,70.72,17.64,0.58,32.57,26.4,74.4,50.81,Moderada,Mai,2,Outono,False,20.844,17.68,4.41,4.64,3.257,PM2.5,25-28 °C,70-85%
2015,5,2015-05-01,Sudeste,ES,Vila Velha,39.16,83.66,16.12,0.34,46.48,28.1,73.5,67.53,Moderada,Mai,2,Outono,False,35.244,20.915,4.03,2.72,4.648,PM2.5,acima de 28 °C,70-85%
2015,5,2015-05-01,Sudeste,ES,Serra,51.32,59.23,38.12,0.96,34.91,28.6,53.9,81.69,Ruim,Mai,2,Outono,True,46.188,14.8075,9.53,7.68,3.4909999999999997,PM2.5,acima de 28 °C,até 55%
2015,5,2015-05-01,Sul,PR,Curitiba,32.51,33.73,29.68,1.43,54.21,22.6,53.8,62.0,Moderada,Mai,2,Outono,False,29.259,8.4325,7.42,11.44,5.421,PM2.5,22-25 °C,até 55%
2015,5,2015-05-01,Sul,PR,Londrina,28.1,80.06,34.55,0.62,29.31,28.9,72.8,61.84,Moderada,Mai,2,Outono,False,25.290000000000003,20.015,8.6375,4.96,2.931,PM2.5,acima de 28 °C,70-85%
2015,5,2015-05-01,Sul,SC,Florianópolis,46.81,45.41,11.92,0.97,12.23,28.4,52.6,65.46,Moderada,Mai,2,Outono,False,42.129000000000005,11.3525,2.98,7.76,1.223,PM2.5,acima de 28 °C,até 55%
2015,5,2015-05-01,Sul,SC,Joinville,39.81,121.82,26.5,1.36,34.8,26.9,45.0,87.3,Ruim,Mai,2,Outono,True,35.829,30.455,6.625,10.88,3.48,PM2.5,25-28 °C,até 55%
2015,5,2015-05-01,Sul,RS,Porto Alegre,39.75,92.76,33.19,1.64,37.52,25.2,42.1,84.11,Ruim,Mai,2,Outono,True,35.775,23.19,8.2975,13.12,3.7520000000000007,PM2.5,25-28 °C,até 55%
2015,5,2015-05-01,Sul,RS,Caxias do Sul,38.81,63.25,29.4,1.68,28.85,27.4,59.1,74.45,Moderada,Mai,2,Outono,False,34.929,15.8125,7.35,13.44,2.8850000000000002,PM2.5,25-28 °C,55-70%
2015,6,2015-06-01,Norte,AM,Manaus,19.61,91.86,24.58,1.35,30.75,23.5,93.9,60.64,Moderada,Jun,2,Inverno,False,17.649,22.965,6.145,10.8,3.075,PM10,22-25 °C,acima de 85%
2015,6,2015-06-01,Norte,PA,Belém,34.97,69.52,40.17,1.19,44.0,22.0,63.7,72.78,Moderada,Jun,2,Inverno,False,31.473,17.38,10.0425,9.52,4.4,PM2.5,até 22 °C,55-70%
2015,6,2015-06-01,Norte,PA,Santarém,46.66,75.81,39.37,1.12,59.03,18.4,72.4,85.66,Ruim,Jun,2,Inverno,True,41.994,18.9525,9.8425,8.96,5.9030000000000005,PM2.5,até 22 °C,70-85%
2015,6,2015-06-01,Norte,RO,Porto Velho,25.03,29.37,44.95,0.66,27.69,27.3,67.4,49.15,Boa,Jun,2,Inverno,False,22.527,7.3425,11.2375,5.28,2.769,PM2.5,25-28 °C,55-70%
2015,6,2015-06-01,Norte,TO,Palmas,22.38,64.19,26.74,1.52,34.06,29.2,54.1,58.42,Moderada,Jun,2,Inverno,False,20.142,16.0475,6.685,12.16,3.4060000000000006,PM2.5,acima de 28 °C,até 55%
2015,6,2015-06-01,Nordeste,BA,Salvador,35.13,68.92,24.59,0.57,38.3,19.1,92.5,63.39,Moderada,Jun,2,Inverno,False,31.617000000000004,17.23,6.1475,4.56,3.83,PM2.5,até 22 °C,acima de 85%
2015,6,2015-06-01,Nordeste,BA,Feira de Santana,29.44,97.81,14.96,1.53,31.98,20.5,43.5,70.14,Moderada,Jun,2,Inverno,False,26.496000000000002,24.4525,3.74,12.24,3.1980000000000004,PM2.5,até 22 °C,até 55%
2015,6,2015-06-01,Nordeste,PE,Recife,39.37,90.71,7.66,1.45,41.78,25.4,75.5,75.81,Moderada,Jun,2,Inverno,False,35.433,22.6775,1.915,11.6,4.178,PM2.5,25-28 °C,70-85%
2015,6,2015-06-01,Nordeste,PE,Jaboatão dos Guararapes,30.29,40.1,34.63,1.61,44.4,26.6,71.6,63.3,Moderada,Jun,2,Inverno,False,27.261,10.025,8.6575,12.88,4.44,PM2.5,25-28 °C,70-85%
2015,6,2015-06-01,Nordeste,CE,Fortaleza,28.18,69.98,29.65,0.46,36.57,22.3,70.3,57.59,Moderada,Jun,2,Inverno,False,25.362000000000002,17.495,7.4125,3.68,3.657,PM2.5,22-25 °C,70-85%
2015,6,2015-06-01,Nordeste,CE,Juazeiro do Norte,26.76,68.42,21.84,0.85,54.33,23.1,86.9,58.9,Moderada,Jun,2,Inverno,False,24.084000000000003,17.105,5.46,6.8,5.433,PM2.5,22-25 °C,acima de 85%
2015,6,2015-06-01,Nordeste,MA,São Luís,30.29,46.25,29.05,1.54,47.13,29.5,58.5,63.13,Moderada,Jun,2,Inverno,False,27.261,11.5625,7.2625,12.32,4.713,PM2.5,acima de 28 °C,55-70%
2015,6,2015-06-01,Nordeste,PB,João Pessoa,14.48,47.5,25.62,0.5,17.8,26.0,49.8,37.09,Boa,Jun,2,Inverno,False,13.032,11.875,6.405,4.0,1.7800000000000002,PM2.5,25-28 °C,até 55%
2015,6,2015-06-01,Centro-Oeste,DF,Brasília,48.81,61.74,22.23,1.61,53.93,26.7,69.3,83.16,Ruim,Jun,2,Inverno,True,43.929,15.435,5.5575,12.88,5.393000000000001,PM2.5,25-28 °C,55-70%
2015,6,2015-06-01,Centro-Oeste,GO,Goiânia,53.38,57.94,28.94,1.23,38.65,23.5,80.8,83.5,Ruim,Jun,2,Inverno,True,48.042,14.485,7.235,9.84,3.865,PM2.5,22-25 °C,70-85%
2015,6,2015-06-01,Centro-Oeste,GO,Aparecida de Goiânia,58.32,86.29,29.28,0.59,39.38,30.7,51.8,90.07,Ruim,Jun,2,Inverno,True,52.488,21.5725,7.32,4.72,3.9380000000000006,PM2.5,acima de 28 °C,até 55%
2015,6,2015-06-01,Centro-Oeste,MT,Cuiabá,35.37,58.33,26.24,0.33,56.83,23.8,88.6,61.29,Moderada,Jun,2,Inverno,False,31.833,14.5825,6.56,2.64,5.683,PM2.5,22-25 °C,acima de 85%
2015,6,2015-06-01,Centro-Oeste,MS,Campo Grande,41.46,42.94,29.83,1.34,30.66,25.8,86.4,69.26,Moderada,Jun,2,Inverno,False,37.314,10.735,7.4575,10.72,3.0660000000000003,PM2.5,25-28 °C,acima de 85%
2015,6,2015-06-01,Sudeste,SP,São Paulo,36.11,68.6,22.68,1.39,27.74,27.9,46.9,69.25,Moderada,Jun,2,Inverno,False,32.499,17.15,5.67,11.12,2.774,PM2.5,25-28 °C,até 55%
2015,6,2015-06-01,Sudeste,SP,Campinas,30.62,120.62,19.29,1.71,37.67,24.0,56.7,80.01,Ruim,Jun,2,Inverno,True,27.558,30.155,4.8225,13.68,3.7670000000000003,PM10,22-25 °C,55-70%
2015,6,2015-06-01,Sudeste,SP,Ribeirão Preto,50.04,80.27,14.87,0.61,50.67,28.0,66.9,78.77,Moderada,Jun,2,Inverno,False,45.036,20.0675,3.7175,4.88,5.067,PM2.5,25-28 °C,55-70%
2015,6,2015-06-01,Sudeste,RJ,Rio de Janeiro,23.87,104.26,31.22,1.61,49.56,24.9,65.3,73.19,Moderada,Jun,2,Inverno,False,21.483,26.065,7.805,12.88,4.956,PM10,22-25 °C,55-70%
2015,6,2015-06-01,Sudeste,RJ,Niterói,28.04,68.4,37.8,0.95,30.48,25.3,49.3,62.43,Moderada,Jun,2,Inverno,False,25.236,17.1,9.45,7.6,3.048,PM2.5,25-28 °C,até 55%
2015,6,2015-06-01,Sudeste,RJ,Nova Iguaçu,34.87,46.95,36.57,0.98,61.1,30.6,54.9,66.25,Moderada,Jun,2,Inverno,False,31.383,11.7375,9.1425,7.84,6.11,PM2.5,acima de 28 °C,até 55%
2015,6,2015-06-01,Sudeste,RJ,Petrópolis,35.58,73.7,26.33,1.05,56.25,27.2,60.8,71.06,Moderada,Jun,2,Inverno,False,32.022,18.425,6.5825,8.4,5.625,PM2.5,25-28 °C,55-70%
2015,6,2015-06-01,Sudeste,MG,Belo Horizonte,34.72,75.43,19.57,0.44,23.66,25.9,56.9,60.87,Moderada,Jun,2,Inverno,False,31.248,18.8575,4.8925,3.52,2.366,PM2.5,25-28 °C,55-70%
2015,6,2015-06-01,Sudeste,MG,Uberlândia,40.6,50.39,24.55,0.88,29.16,28.5,44.7,65.25,Moderada,Jun,2,Inverno,False,36.54,12.5975,6.1375,7.04,2.9160000000000004,PM2.5,acima de 28 °C,até 55%
2015,6,2015-06-01,Sudeste,MG,Juiz de Fora,36.6,58.9,26.43,1.01,27.0,24.9,82.5,65.02,Moderada,Jun,2,Inverno,False,32.940000000000005,14.725,6.6075,8.08,2.7,PM2.5,22-25 °C,70-85%
2015,6,2015-06-01,Sudeste,ES,Vitória,40.84,107.88,27.33,1.66,29.36,24.2,41.2,86.77,Ruim,Jun,2,Inverno,True,36.75600000000001,26.97,6.8325,13.28,2.936,PM2.5,22-25 °C,até 55%
2015,6,2015-06-01,Sudeste,ES,Vila Velha,35.24,38.13,21.66,0.32,51.48,23.2,42.5,54.38,Moderada,Jun,2,Inverno,False,31.716,9.5325,5.415,2.56,5.148,PM2.5,22-25 °C,até 55%
2015,6,2015-06-01,Sudeste,ES,Serra,30.48,70.25,14.51,0.45,48.03,26.2,41.2,57.0,Moderada,Jun,2,Inverno,False,27.432000000000002,17.5625,3.6275,3.6,4.803000000000001,PM2.5,25-28 °C,até 55%
2015,6,2015-06-01,Sul,PR,Curitiba,44.87,40.91,34.17,0.57,44.35,26.3,79.3,68.15,Moderada,Jun,2,Inverno,False,40.382999999999996,10.2275,8.5425,4.56,4.4350000000000005,PM2.5,25-28 °C,70-85%
2015,6,2015-06-01,Sul,PR,Londrina,26.27,67.96,23.17,0.94,45.54,22.2,61.9,58.48,Moderada,Jun,2,Inverno,False,23.643,16.99,5.7925,7.52,4.554,PM2.5,22-25 °C,55-70%
2015,6,2015-06-01,Sul,SC,Florianópolis,27.6,62.63,31.58,0.75,39.87,20.1,88.2,58.41,Moderada,Jun,2,Inverno,False,24.840000000000003,15.6575,7.895,6.0,3.987,PM2.5,até 22 °C,acima de 85%
2015,6,2015-06-01,Sul,SC,Joinville,37.39,86.74,41.08,1.78,36.92,29.6,74.8,83.55,Ruim,Jun,2,Inverno,True,33.651,21.685,10.27,14.24,3.692,PM2.5,acima de 28 °C,70-85%
2015,6,2015-06-01,Sul,RS,Porto Alegre,44.72,74.29,29.3,0.66,29.18,25.0,57.6,74.31,Moderada,Jun,2,Inverno,False,40.248,18.5725,7.325,5.28,2.918,PM2.5,22-25 °C,55-70%
2015,6,2015-06-01,Sul,RS,Caxias do Sul,37.51,59.89,33.59,1.6,28.89,33.7,78.2,72.81,Moderada,Jun,2,Inverno,False,33.759,14.9725,8.3975,12.8,2.8890000000000002,PM2.5,acima de 28 °C,70-85%
2015,7,2015-07-01,Norte,AM,Manaus,31.9,50.9,34.03,1.28,50.11,27.1,71.3,65.19,Moderada,Jul,3,Inverno,False,28.71,12.725,8.5075,10.24,5.011,PM2.5,25-28 °C,70-85%
2015,7,2015-07-01,Norte,PA,Belém,37.93,101.27,21.71,1.36,41.97,26.0,84.8,79.94,Moderada,Jul,3,Inverno,False,34.137,25.3175,5.4275,10.88,4.197,PM2.5,25-28 °C,70-85%
2015,7,2015-07-01,Norte,PA,Santarém,32.89,56.81,21.16,1.13,46.49,24.9,52.2,62.77,Moderada,Jul,3,Inverno,False,29.601000000000003,14.2025,5.29,9.04,4.649,PM2.5,22-25 °C,até 55%
2015,7,2015-07-01,Norte,RO,Porto Velho,31.53,67.78,38.71,0.75,33.36,28.3,77.7,64.33,Moderada,Jul,3,Inverno,False,28.377000000000002,16.945,9.6775,6.0,3.3360000000000003,PM2.5,acima de 28 °C,70-85%
2015,7,2015-07-01,Norte,TO,Palmas,46.66,83.64,39.63,1.58,39.44,26.0,68.2,89.37,Ruim,Jul,3,Inverno,True,41.994,20.91,9.9075,12.64,3.944,PM2.5,25-28 °C,55-70%
2015,7,2015-07-01,Nordeste,BA,Salvador,33.83,83.85,31.3,0.68,46.74,27.4,57.1,69.37,Moderada,Jul,3,Inverno,False,30.447,20.9625,7.825,5.44,4.674,PM2.5,25-28 °C,55-70%
2015,7,2015-07-01,Nordeste,BA,Feira de Santana,37.15,94.27,34.18,0.9,49.16,23.5,69.7,77.7,Moderada,Jul,3,Inverno,False,33.435,23.5675,8.545,7.2,4.916,PM2.5,22-25 °C,55-70%
2015,7,2015-07-01,Nordeste,PE,Recife,20.8,102.0,28.02,0.55,41.64,28.0,42.3,59.75,Moderada,Jul,3,Inverno,False,18.720000000000002,25.5,7.005,4.4,4.164000000000001,PM10,25-28 °C,até 55%
2015,7,2015-07-01,Nordeste,PE,Jaboatão dos Guararapes,26.14,93.91,23.21,1.54,33.28,26.4,71.2,68.48,Moderada,Jul,3,Inverno,False,23.526,23.4775,5.8025,12.32,3.3280000000000003,PM2.5,25-28 °C,70-85%
2015,7,2015-07-01,Nordeste,CE,Fortaleza,19.41,100.92,23.99,0.97,46.76,32.6,52.5,61.13,Moderada,Jul,3,Inverno,False,17.469,25.23,5.9975,7.76,4.676,PM10,acima de 28 °C,até 55%
2015,7,2015-07-01,Nordeste,CE,Juazeiro do Norte,30.02,89.37,9.82,1.59,33.13,22.5,56.0,67.81,Moderada,Jul,3,Inverno,False,27.018,22.3425,2.455,12.72,3.3130000000000006,PM2.5,22-25 °C,55-70%
2015,7,2015-07-01,Nordeste,MA,São Luís,27.36,96.53,29.13,1.0,61.74,23.5,67.9,70.24,Moderada,Jul,3,Inverno,False,24.624,24.1325,7.2825,8.0,6.174,PM2.5,22-25 °C,55-70%
2015,7,2015-07-01,Nordeste,PB,João Pessoa,28.34,50.89,35.92,1.41,44.37,25.0,60.9,62.93,Moderada,Jul,3,Inverno,False,25.506,12.7225,8.98,11.28,4.437,PM2.5,22-25 °C,55-70%
2015,7,2015-07-01,Centro-Oeste,DF,Brasília,33.97,60.05,29.75,1.69,51.81,25.0,92.5,71.7,Moderada,Jul,3,Inverno,False,30.573,15.0125,7.4375,13.52,5.181000000000001,PM2.5,22-25 °C,acima de 85%
2015,7,2015-07-01,Centro-Oeste,GO,Goiânia,52.92,37.78,32.12,1.74,24.15,29.5,93.9,81.44,Ruim,Jul,3,Inverno,True,47.628,9.445,8.03,13.92,2.415,PM2.5,acima de 28 °C,acima de 85%
2015,7,2015-07-01,Centro-Oeste,GO,Aparecida de Goiânia,41.52,48.44,19.95,1.67,50.71,20.1,57.4,72.89,Moderada,Jul,3,Inverno,False,37.368,12.11,4.9875,13.36,5.071000000000001,PM2.5,até 22 °C,55-70%
2015,7,2015-07-01,Centro-Oeste,MT,Cuiabá,42.06,69.47,28.85,0.68,33.86,22.1,75.9,71.25,Moderada,Jul,3,Inverno,False,37.854000000000006,17.3675,7.2125,5.44,3.386,PM2.5,22-25 °C,70-85%
2015,7,2015-07-01,Centro-Oeste,MS,Campo Grande,29.98,90.97,22.82,0.31,40.49,27.1,88.7,61.99,Moderada,Jul,3,Inverno,False,26.982,22.7425,5.705,2.48,4.049,PM2.5,25-28 °C,acima de 85%
2015,7,2015-07-01,Sudeste,SP,São Paulo,46.48,62.28,31.43,1.79,64.7,23.6,57.0,86.07,Ruim,Jul,3,Inverno,True,41.832,15.57,7.8575,14.32,6.470000000000001,PM2.5,22-25 °C,55-70%
2015,7,2015-07-01,Sudeste,SP,Campinas,40.66,92.03,37.64,1.77,41.54,23.5,72.7,87.29,Ruim,Jul,3,Inverno,True,36.594,23.0075,9.41,14.16,4.154,PM2.5,22-25 °C,70-85%
2015,7,2015-07-01,Sudeste,SP,Ribeirão Preto,33.79,83.73,13.06,0.82,56.68,27.4,60.5,66.82,Moderada,Jul,3,Inverno,False,30.411,20.9325,3.265,6.56,5.668,PM2.5,25-28 °C,55-70%
2015,7,2015-07-01,Sudeste,RJ,Rio de Janeiro,28.87,56.32,46.47,1.42,43.02,21.9,71.3,67.32,Moderada,Jul,3,Inverno,False,25.983,14.08,11.6175,11.36,4.3020000000000005,PM2.5,até 22 °C,70-85%
2015,7,2015-07-01,Sudeste,RJ,Niterói,23.84,48.28,21.32,1.59,44.69,27.7,75.2,56.09,Moderada,Jul,3,Inverno,False,21.456,12.07,5.33,12.72,4.469,PM2.5,25-28 °C,70-85%
2015,7,2015-07-01,Sudeste,RJ,Nova Iguaçu,36.23,68.37,27.12,1.22,61.91,19.1,66.1,72.4,Moderada,Jul,3,Inverno,False,32.607,17.0925,6.78,9.76,6.191,PM2.5,até 22 °C,55-70%
2015,7,2015-07-01,Sudeste,RJ,Petrópolis,36.87,55.48,16.1,1.34,46.21,26.2,90.3,66.38,Moderada,Jul,3,Inverno,False,33.183,13.87,4.025,10.72,4.621,PM2.5,25-28 °C,acima de 85%
2015,7,2015-07-01,Sudeste,MG,Belo Horizonte,40.6,82.18,27.37,1.14,31.24,28.6,72.3,76.16,Moderada,Jul,3,Inverno,False,36.54,20.545,6.8425,9.12,3.124,PM2.5,acima de 28 °C,70-85%
2015,7,2015-07-01,Sudeste,MG,Uberlândia,37.18,68.6,19.58,1.52,48.51,27.6,89.9,72.56,Moderada,Jul,3,Inverno,False,33.462,17.15,4.895,12.16,4.851,PM2.5,25-28 °C,acima de 85%
2015,7,2015-07-01,Sudeste,MG,Juiz de Fora,37.01,86.58,32.26,1.65,36.77,30.8,56.9,79.88,Moderada,Jul,3,Inverno,False,33.309,21.645,8.065,13.2,3.6770000000000005,PM2.5,acima de 28 °C,55-70%
2015,7,2015-07-01,Sudeste,ES,Vitória,15.48,97.1,21.36,1.36,25.38,22.9,69.1,56.93,Moderada,Jul,3,Inverno,False,13.932,24.275,5.34,10.88,2.5380000000000003,PM10,22-25 °C,55-70%
2015,7,2015-07-01,Sudeste,ES,Vila Velha,38.13,45.34,40.78,0.77,45.34,25.9,40.5,66.5,Moderada,Jul,3,Inverno,False,34.317,11.335,10.195,6.16,4.534000000000001,PM2.5,25-28 °C,até 55%
2015,7,2015-07-01,Sudeste,ES,Serra,22.12,42.55,27.52,1.37,44.05,22.4,40.6,52.83,Moderada,Jul,3,Inverno,False,19.908,10.6375,6.88,10.96,4.405,PM2.5,22-25 °C,até 55%
2015,7,2015-07-01,Sul,PR,Curitiba,39.3,59.43,19.66,0.38,45.3,23.7,54.8,62.75,Moderada,Jul,3,Inverno,False,35.37,14.8575,4.915,3.04,4.53,PM2.5,22-25 °C,até 55%
2015,7,2015-07-01,Sul,PR,Londrina,46.98,58.83,29.69,1.44,38.31,23.6,56.6,79.75,Moderada,Jul,3,Inverno,False,42.282,14.7075,7.4225,11.52,3.8310000000000004,PM2.5,22-25 °C,55-70%
2015,7,2015-07-01,Sul,SC,Florianópolis,58.49,76.39,34.23,0.32,42.36,19.3,42.9,87.11,Ruim,Jul,3,Inverno,True,52.641000000000005,19.0975,8.5575,2.56,4.236,PM2.5,até 22 °C,até 55%
2015,7,2015-07-01,Sul,SC,Joinville,25.47,36.51,29.28,1.67,45.9,29.5,92.2,57.29,Moderada,Jul,3,Inverno,False,22.923,9.1275,7.32,13.36,4.59,PM2.5,acima de 28 °C,acima de 85%
2015,7,2015-07-01,Sul,RS,Porto Alegre,35.81,82.45,31.37,1.1,52.78,30.1,70.9,74.79,Moderada,Jul,3,Inverno,False,32.229000000000006,20.6125,7.8425,8.8,5.2780000000000005,PM2.5,acima de 28 °C,70-85%
2015,7,2015-07-01,Sul,RS,Caxias do Sul,28.76,48.58,24.09,1.15,47.72,31.2,78.9,58.03,Moderada,Jul,3,Inverno,False,25.884,12.145,6.0225,9.2,4.772,PM2.5,acima de 28 °C,70-85%
2015,8,2015-08-01,Norte,AM,Manaus,31.15,79.81,24.13,1.2,42.26,29.2,94.1,67.81,Moderada,Ago,3,Inverno,False,28.035,19.9525,6.0325,9.6,4.226,PM2.5,acima de 28 °C,acima de 85%
2015,8,2015-08-01,Norte,PA,Belém,38.88,75.13,36.69,0.37,39.32,29.0,56.9,69.85,Moderada,Ago,3,Inverno,False,34.992000000000004,18.7825,9.1725,2.96,3.9320000000000004,PM2.5,acima de 28 °C,55-70%
2015,8,2015-08-01,Norte,PA,Santarém,43.76,68.45,19.75,0.97,42.5,28.9,45.0,73.45,Moderada,Ago,3,Inverno,False,39.384,17.1125,4.9375,7.76,4.25,PM2.5,acima de 28 °C,até 55%
2015,8,2015-08-01,Norte,RO,Porto Velho,30.6,45.41,23.3,1.76,44.66,26.3,57.6,63.25,Moderada,Ago,3,Inverno,False,27.540000000000003,11.3525,5.825,14.08,4.466,PM2.5,25-28 °C,55-70%
2015,8,2015-08-01,Norte,TO,Palmas,19.87,86.71,17.46,1.26,41.01,26.0,91.6,58.09,Moderada,Ago,3,Inverno,False,17.883000000000003,21.6775,4.365,10.08,4.101,PM10,25-28 °C,acima de 85%
2015,8,2015-08-01,Nordeste,BA,Salvador,36.83,68.27,24.14,0.62,53.65,18.1,64.9,66.55,Moderada,Ago,3,Inverno,False,33.147,17.0675,6.035,4.96,5.365,PM2.5,até 22 °C,55-70%
2015,8,2015-08-01,Nordeste,BA,Feira de Santana,32.29,59.14,22.66,1.46,40.23,26.5,54.8,65.23,Moderada,Ago,3,Inverno,False,29.061,14.785,5.665,11.68,4.023,PM2.5,25-28 °C,até 55%
2015,8,2015-08-01,Nordeste,PE,Recife,52.68,49.44,33.63,1.13,24.83,27.8,45.6,79.71,Moderada,Ago,3,Inverno,False,47.412,12.36,8.4075,9.04,2.483,PM2.5,25-28 °C,até 55%
2015,8,2015-08-01,Nordeste,PE,Jaboatão dos Guararapes,41.3,83.41,24.05,1.49,49.73,23.4,94.2,80.97,Ruim,Ago,3,Inverno,True,37.17,20.8525,6.0125,11.92,4.973,PM2.5,22-25 °C,acima de 85%
2015,8,2015-08-01,Nordeste,CE,Fortaleza,18.61,95.98,42.54,0.82,36.37,25.4,46.1,61.54,Moderada,Ago,3,Inverno,False,16.749,23.995,10.635,6.56,3.637,PM10,25-28 °C,até 55%
2015,8,2015-08-01,Nordeste,CE,Juazeiro do Norte,42.59,80.44,34.37,1.04,29.69,25.4,94.6,78.3,Moderada,Ago,3,Inverno,False,38.331,20.11,8.5925,8.32,2.9690000000000003,PM2.5,25-28 °C,acima de 85%
2015,8,2015-08-01,Nordeste,MA,São Luís,35.54,73.79,21.7,1.55,56.22,18.8,67.5,73.91,Moderada,Ago,3,Inverno,False,31.986,18.4475,5.425,12.4,5.622,PM2.5,até 22 °C,55-70%
2015,8,2015-08-01,Nordeste,PB,João Pessoa,40.27,91.39,40.97,1.25,23.47,18.8,75.0,81.68,Ruim,Ago,3,Inverno,True,36.243,22.8475,10.2425,10.0,2.347,PM2.5,até 22 °C,70-85%
2015,8,2015-08-01,Centro-Oeste,DF,Brasília,24.23,87.79,20.53,1.42,54.89,26.1,68.3,65.71,Moderada,Ago,3,Inverno,False,21.807000000000002,21.9475,5.1325,11.36,5.489000000000001,PM10,25-28 °C,55-70%
2015,8,2015-08-01,Centro-Oeste,GO,Goiânia,30.26,66.74,18.38,1.43,31.64,22.6,74.8,63.14,Moderada,Ago,3,Inverno,False,27.234,16.685,4.595,11.44,3.164,PM2.5,22-25 °C,70-85%
2015,8,2015-08-01,Centro-Oeste,GO,Aparecida de Goiânia,32.0,41.81,23.43,1.72,44.03,25.4,83.8,63.3,Moderada,Ago,3,Inverno,False,28.8,10.4525,5.8575,13.76,4.4030000000000005,PM2.5,25-28 °C,70-85%
2015,8,2015-08-01,Centro-Oeste,MT,Cuiabá,21.3,77.51,11.89,1.63,38.69,22.0,86.5,58.43,Moderada,Ago,3,Inverno,False,19.17,19.3775,2.9725,13.04,3.8689999999999998,PM10,até 22 °C,acima de 85%
2015,8,2015-08-01,Centro-Oeste,MS,Campo Grande,45.56,52.17,29.58,0.71,36.11,23.1,54.8,70.75,Moderada,Ago,3,Inverno,False,41.004000000000005,13.0425,7.395,5.68,3.611,PM2.5,22-25 °C,até 55%
2015,8,2015-08-01,Sudeste,SP,São Paulo,21.88,83.35,23.76,0.53,42.01,27.6,57.3,54.95,Moderada,Ago,3,Inverno,False,19.692,20.8375,5.94,4.24,4.201,PM10,25-28 °C,55-70%
2015,8,2015-08-01,Sudeste,SP,Campinas,30.08,53.14,13.38,1.44,49.82,28.1,79.2,60.22,Moderada,Ago,3,Inverno,False,27.072,13.285,3.345,11.52,4.982,PM2.5,acima de 28 °C,70-85%
2015,8,2015-08-01,Sudeste,SP,Ribeirão Preto,26.52,68.71,22.53,1.29,49.09,25.9,75.5,61.87,Moderada,Ago,3,Inverno,False,23.868,17.1775,5.6325,10.32,4.909000000000001,PM2.5,25-28 °C,70-85%
2015,8,2015-08-01,Sudeste,RJ,Rio de Janeiro,45.21,76.29,21.41,0.42,52.74,25.7,87.0,73.73,Moderada,Ago,3,Inverno,False,40.689,19.0725,5.3525,3.36,5.274000000000001,PM2.5,25-28 °C,acima de 85%
2015,8,2015-08-01,Sudeste,RJ,Niterói,32.15,87.49,28.92,0.78,43.3,27.7,52.5,68.6,Moderada,Ago,3,Inverno,False,28.935,21.8725,7.23,6.24,4.33,PM2.5,25-28 °C,até 55%
2015,8,2015-08-01,Sudeste,RJ,Nova Iguaçu,40.14,74.48,29.03,1.42,57.59,28.0,74.4,79.13,Moderada,Ago,3,Inverno,False,36.126000000000005,18.62,7.2575,11.36,5.759,PM2.5,25-28 °C,70-85%
2015,8,2015-08-01,Sudeste,RJ,Petrópolis,40.6,53.2,28.51,0.85,59.14,21.3,63.0,69.68,Moderada,Ago,3,Inverno,False,36.54,13.3,7.1275,6.8,5.914000000000001,PM2.5,até 22 °C,55-70%
2015,8,2015-08-01,Sudeste,MG,Belo Horizonte,38.52,82.25,26.06,0.39,40.66,26.0,92.3,68.89,Moderada,Ago,3,Inverno,False,34.668000000000006,20.5625,6.515,3.12,4.066,PM2.5,25-28 °C,acima de 85%
2015,8,2015-08-01,Sudeste,MG,Uberlândia,18.44,72.65,21.15,1.52,32.88,21.9,90.8,55.46,Moderada,Ago,3,Inverno,False,16.596,18.1625,5.2875,12.16,3.2880000000000003,PM10,até 22 °C,acima de 85%
2015,8,2015-08-01,Sudeste,MG,Juiz de Fora,36.49,77.8,21.79,0.47,31.89,25.5,60.7,64.68,Moderada,Ago,3,Inverno,False,32.841,19.45,5.4475,3.76,3.189,PM2.5,25-28 °C,55-70%
2015,8,2015-08-01,Sudeste,ES,Vitória,38.93,91.49,19.86,0.77,36.39,22.5,92.2,72.64,Moderada,Ago,3,Inverno,False,35.037,22.8725,4.965,6.16,3.6390000000000002,PM2.5,22-25 °C,acima de 85%
2015,8,2015-08-01,Sudeste,ES,Vila Velha,36.03,62.07,22.78,1.0,39.82,23.8,83.3,65.59,Moderada,Ago,3,Inverno,False,32.427,15.5175,5.695,8.0,3.982,PM2.5,22-25 °C,70-85%
2015,8,2015-08-01,Sudeste,ES,Serra,32.61,70.02,26.34,0.91,42.14,29.0,84.2,64.9,Moderada,Ago,3,Inverno,False,29.349,17.505,6.585,7.28,4.214,PM2.5,acima de 28 °C,70-85%
2015,8,2015-08-01,Sul,PR,Curitiba,36.53,59.64,42.96,1.66,55.99,24.9,88.5,77.38,Moderada,Ago,3,Inverno,False,32.877,14.91,10.74,13.28,5.599,PM2.5,22-25 °C,acima de 85%
2015,8,2015-08-01,Sul,PR,Londrina,35.23,50.36,23.55,1.41,45.19,21.6,56.5,65.98,Moderada,Ago,3,Inverno,False,31.706999999999997,12.59,5.8875,11.28,4.519,PM2.5,até 22 °C,55-70%
2015,8,2015-08-01,Sul,SC,Florianópolis,13.77,96.95,36.63,0.59,37.95,27.4,81.9,54.29,Moderada,Ago,3,Inverno,False,12.393,24.2375,9.1575,4.72,3.7950000000000004,PM10,25-28 °C,70-85%
2015,8,2015-08-01,Sul,SC,Joinville,47.18,78.1,29.61,1.76,42.71,27.4,77.9,87.77,Ruim,Ago,3,Inverno,True,42.462,19.525,7.4025,14.08,4.271,PM2.5,25-28 °C,70-85%
2015,8,2015-08-01,Sul,RS,Porto Alegre,40.15,74.2,13.33,0.71,37.51,28.1,90.4,67.47,Moderada,Ago,3,Inverno,False,36.135,18.55,3.3325,5.68,3.751,PM2.5,acima de 28 °C,acima de 85%
2015,8,2015-08-01,Sul,RS,Caxias do Sul,29.57,82.4,24.27,1.26,21.07,26.1,77.4,65.5,Moderada,Ago,3,Inverno,False,26.613,20.6,6.0675,10.08,2.107,PM2.5,25-28 °C,70-85%
2015,9,2015-09-01,Norte,AM,Manaus,32.76,56.75,17.31,0.74,42.59,27.7,65.4,58.2,Moderada,Set,3,Primavera,False,29.483999999999998,14.1875,4.3275,5.92,4.259,PM2.5,25-28 °C,55-70%
2015,9,2015-09-01,Norte,PA,Belém,28.39,44.02,28.28,0.53,31.78,30.0,93.3,51.08,Moderada,Set,3,Primavera,False,25.551000000000002,11.005,7.07,4.24,3.1780000000000004,PM2.5,acima de 28 °C,acima de 85%
2015,9,2015-09-01,Norte,PA,Santarém,22.13,51.63,21.15,1.48,16.89,24.7,54.2,51.6,Moderada,Set,3,Primavera,False,19.916999999999998,12.9075,5.2875,11.84,1.689,PM2.5,22-25 °C,até 55%
2015,9,2015-09-01,Norte,RO,Porto Velho,22.67,39.18,29.56,0.75,27.15,25.3,56.9,46.3,Boa,Set,3,Primavera,False,20.403000000000002,9.795,7.39,6.0,2.715,PM2.5,25-28 °C,55-70%
2015,9,2015-09-01,Norte,TO,Palmas,34.8,47.68,24.36,1.14,32.2,25.4,44.0,61.66,Moderada,Set,3,Primavera,False,31.319999999999997,11.92,6.09,9.12,3.2200000000000006,PM2.5,25-28 °C,até 55%
2015,9,2015-09-01,Nordeste,BA,Salvador,47.7,73.19,23.25,1.13,44.08,28.2,94.5,80.51,Ruim,Set,3,Primavera,True,42.93000000000001,18.2975,5.8125,9.04,4.408,PM2.5,acima de 28 °C,acima de 85%
2015,9,2015-09-01,Nordeste,BA,Feira de Santana,39.64,62.38,14.4,1.04,33.32,29.4,55.9,66.55,Moderada,Set,3,Primavera,False,35.676,15.595,3.6,8.32,3.3320000000000003,PM2.5,acima de 28 °C,55-70%
2015,9,2015-09-01,Nordeste,PE,Recife,30.11,71.65,25.74,0.74,48.08,29.8,50.4,62.21,Moderada,Set,3,Primavera,False,27.099,17.9125,6.435,5.92,4.808,PM2.5,acima de 28 °C,até 55%
2015,9,2015-09-01,Nordeste,PE,Jaboatão dos Guararapes,43.86,44.67,33.64,1.43,48.76,24.9,67.3,75.36,Moderada,Set,3,Primavera,False,39.474000000000004,11.1675,8.41,11.44,4.876,PM2.5,22-25 °C,55-70%
2015,9,2015-09-01,Nordeste,CE,Fortaleza,19.92,87.14,17.84,0.84,44.77,27.3,78.9,55.38,Moderada,Set,3,Primavera,False,17.928,21.785,4.46,6.72,4.477,PM10,25-28 °C,70-85%
2015,9,2015-09-01,Nordeste,CE,Juazeiro do Norte,45.48,71.79,11.76,1.41,28.45,26.1,50.3,75.94,Moderada,Set,3,Primavera,False,40.931999999999995,17.9475,2.94,11.28,2.845,PM2.5,25-28 °C,até 55%
2015,9,2015-09-01,Nordeste,MA,São Luís,38.81,58.27,31.82,0.33,51.06,28.0,53.0,65.19,Moderada,Set,3,Primavera,False,34.929,14.5675,7.955,2.64,5.106000000000001,PM2.5,25-28 °C,até 55%
2015,9,2015-09-01,Nordeste,PB,João Pessoa,41.6,60.55,16.88,0.32,43.79,27.1,94.0,63.76,Moderada,Set,3,Primavera,False,37.440000000000005,15.1375,4.22,2.56,4.3790000000000004,PM2.5,25-28 °C,acima de 85%
2015,9,2015-09-01,Centro-Oeste,DF,Brasília,50.15,84.88,34.99,1.53,46.8,24.9,48.3,92.02,Ruim,Set,3,Primavera,True,45.135,21.22,8.7475,12.24,4.68,PM2.5,22-25 °C,até 55%
2015,9,2015-09-01,Centro-Oeste,GO,Goiânia,32.82,46.0,28.11,0.75,48.06,28.3,46.7,58.86,Moderada,Set,3,Primavera,False,29.538,11.5,7.0275,6.0,4.806000000000001,PM2.5,acima de 28 °C,até 55%
2015,9,2015-09-01,Centro-Oeste,GO,Aparecida de Goiânia,22.75,33.98,11.01,0.81,42.01,25.0,86.9,42.41,Boa,Set,3,Primavera,False,20.475,8.495,2.7525,6.48,4.201,PM2.5,22-25 °C,acima de 85%
2015,9,2015-09-01,Centro-Oeste,MT,Cuiabá,27.97,79.17,11.18,0.57,36.64,30.6,59.3,55.98,Moderada,Set,3,Primavera,False,25.173,19.7925,2.795,4.56,3.664,PM2.5,acima de 28 °C,55-70%
2015,9,2015-09-01,Centro-Oeste,MS,Campo Grande,21.52,103.55,20.54,1.25,38.42,28.5,64.1,64.24,Moderada,Set,3,Primavera,False,19.368,25.8875,5.135,10.0,3.8420000000000005,PM10,acima de 28 °C,55-70%
2015,9,2015-09-01,Sudeste,SP,São Paulo,45.18,91.7,29.16,0.96,36.18,25.5,55.7,82.2,Ruim,Set,3,Primavera,True,40.662,22.925,7.29,7.68,3.6180000000000003,PM2.5,25-28 °C,55-70%
2015,9,2015-09-01,Sudeste,SP,Campinas,27.73,63.79,4.22,1.6,44.14,27.4,53.5,59.18,Moderada,Set,3,Primavera,False,24.957,15.9475,1.055,12.8,4.414000000000001,PM2.5,25-28 °C,até 55%
2015,9,2015-09-01,Sudeste,SP,Ribeirão Preto,26.25,87.17,18.3,0.34,51.03,27.2,69.5,57.83,Moderada,Set,3,Primavera,False,23.625,21.7925,4.575,2.72,5.103000000000001,PM2.5,25-28 °C,55-70%
2015,9,2015-09-01,Sudeste,RJ,Rio de Janeiro,24.0,56.16,28.89,0.69,48.08,28.4,43.4,53.16,Moderada,Set,3,Primavera,False,21.6,14.04,7.2225,5.52,4.808,PM2.5,acima de 28 °C,até 55%
2015,9,2015-09-01,Sudeste,RJ,Niterói,34.54,67.87,21.7,1.41,44.24,19.9,68.2,69.17,Moderada,Set,3,Primavera,False,31.086,16.9675,5.425,11.28,4.424,PM2.5,até 22 °C,55-70%
2015,9,2015-09-01,Sudeste,RJ,Nova Iguaçu,39.99,115.41,32.59,0.65,39.1,28.8,71.5,82.12,Ruim,Set,3,Primavera,True,35.991,28.8525,8.1475,5.2,3.91,PM2.5,acima de 28 °C,70-85%
2015,9,2015-09-01,Sudeste,RJ,Petrópolis,27.28,69.28,34.19,1.79,53.25,29.1,70.5,70.06,Moderada,Set,3,Primavera,False,24.552000000000003,17.32,8.5475,14.32,5.325,PM2.5,acima de 28 °C,70-85%
2015,9,2015-09-01,Sudeste,MG,Belo Horizonte,13.39,47.48,28.86,1.25,40.09,23.6,80.3,45.18,Boa,Set,3,Primavera,False,12.051,11.87,7.215,10.0,4.009,PM2.5,22-25 °C,70-85%
2015,9,2015-09-01,Sudeste,MG,Uberlândia,48.46,47.28,29.65,0.51,47.75,25.0,74.6,71.7,Moderada,Set,3,Primavera,False,43.614000000000004,11.82,7.4125,4.08,4.775,PM2.5,22-25 °C,70-85%
2015,9,2015-09-01,Sudeste,MG,Juiz de Fora,38.38,82.51,30.97,1.73,23.8,25.5,73.2,79.16,Moderada,Set,3,Primavera,False,34.542,20.6275,7.7425,13.84,2.3800000000000003,PM2.5,25-28 °C,70-85%
2015,9,2015-09-01,Sudeste,ES,Vitória,47.87,75.26,31.84,0.73,27.26,23.5,65.9,78.41,Moderada,Set,3,Primavera,False,43.083,18.815,7.96,5.84,2.7260000000000004,PM2.5,22-25 °C,55-70%
2015,9,2015-09-01,Sudeste,ES,Vila Velha,35.44,71.55,23.42,1.2,35.77,18.8,84.5,68.79,Moderada,Set,3,Primavera,False,31.895999999999997,17.8875,5.855,9.6,3.5770000000000004,PM2.5,até 22 °C,70-85%
2015,9,2015-09-01,Sudeste,ES,Serra,43.13,64.76,18.58,0.73,30.23,23.5,73.0,68.54,Moderada,Set,3,Primavera,False,38.817,16.19,4.645,5.84,3.023,PM2.5,22-25 °C,70-85%
2015,9,2015-09-01,Sul,PR,Curitiba,46.38,103.56,32.64,0.72,37.99,28.6,72.0,85.39,Ruim,Set,3,Primavera,True,41.742000000000004,25.89,8.16,5.76,3.7990000000000004,PM2.5,acima de 28 °C,70-85%
2015,9,2015-09-01,Sul,PR,Londrina,41.88,89.14,24.67,1.18,43.44,20.6,77.1,79.95,Moderada,Set,3,Primavera,False,37.692,22.285,6.1675,9.44,4.344,PM2.5,até 22 °C,70-85%
2015,9,2015-09-01,Sul,SC,Florianópolis,44.77,58.54,24.16,0.4,44.5,23.2,92.1,68.63,Moderada,Set,3,Primavera,False,40.293000000000006,14.635,6.04,3.2,4.45,PM2.5,22-25 °C,acima de 85%
2015,9,2015-09-01,Sul,SC,Joinville,46.89,96.75,18.92,0.51,37.78,25.9,86.6,78.97,Moderada,Set,3,Primavera,False,42.201,24.1875,4.73,4.08,3.7780000000000005,PM2.5,25-28 °C,acima de 85%
2015,9,2015-09-01,Sul,RS,Porto Alegre,51.52,79.96,24.19,1.46,48.28,24.2,64.4,88.92,Ruim,Set,3,Primavera,True,46.368,19.99,6.0475,11.68,4.828,PM2.5,22-25 °C,55-70%
2015,9,2015-09-01,Sul,RS,Caxias do Sul,53.02,71.09,39.49,1.46,26.02,19.8,76.7,89.65,Ruim,Set,3,Primavera,True,47.718,17.7725,9.8725,11.68,2.6020000000000003,PM2.5,até 22 °C,70-85%
2015,10,2015-10-01,Norte,AM,Manaus,25.85,37.06,26.37,1.77,42.92,26.0,77.2,57.61,Moderada,Out,4,Primavera,False,23.265,9.265,6.5925,14.16,4.292000000000001,PM2.5,25-28 °C,70-85%
2015,10,2015-10-01,Norte,PA,Belém,59.44,41.0,14.88,1.71,34.45,28.0,76.6,84.61,Ruim,Out,4,Primavera,True,53.496,10.25,3.72,13.68,3.4450000000000003,PM2.5,25-28 °C,70-85%
2015,10,2015-10-01,Norte,PA,Santarém,35.66,57.73,17.22,1.05,34.78,20.4,69.4,62.75,Moderada,Out,4,Primavera,False,32.094,14.4325,4.305,8.4,3.478,PM2.5,até 22 °C,55-70%
2015,10,2015-10-01,Norte,RO,Porto Velho,45.32,72.63,25.24,1.68,44.25,21.0,79.7,83.15,Ruim,Out,4,Primavera,True,40.788000000000004,18.1575,6.31,13.44,4.425,PM2.5,até 22 °C,70-85%
2015,10,2015-10-01,Norte,TO,Palmas,23.78,73.21,30.24,1.51,40.47,28.2,43.4,63.38,Moderada,Out,4,Primavera,False,21.402,18.3025,7.56,12.08,4.047,PM2.5,acima de 28 °C,até 55%
2015,10,2015-10-01,Nordeste,BA,Salvador,22.81,55.38,20.57,1.19,42.21,29.0,81.6,53.28,Moderada,Out,4,Primavera,False,20.529,13.845,5.1425,9.52,4.221,PM2.5,acima de 28 °C,70-85%
2015,10,2015-10-01,Nordeste,BA,Feira de Santana,27.14,66.52,31.15,1.31,26.97,27.6,79.0,61.99,Moderada,Out,4,Primavera,False,24.426000000000002,16.63,7.7875,10.48,2.697,PM2.5,25-28 °C,70-85%
2015,10,2015-10-01,Nordeste,PE,Recife,42.56,64.0,17.59,1.02,43.15,22.6,65.7,71.21,Moderada,Out,4,Primavera,False,38.304,16.0,4.3975,8.16,4.315,PM2.5,22-25 °C,55-70%
2015,10,2015-10-01,Nordeste,PE,Jaboatão dos Guararapes,23.41,62.14,31.52,1.72,49.72,21.0,94.7,63.22,Moderada,Out,4,Primavera,False,21.069,15.535,7.88,13.76,4.972,PM2.5,até 22 °C,acima de 85%
2015,10,2015-10-01,Nordeste,CE,Fortaleza,31.52,69.19,47.06,1.03,52.82,24.8,78.1,70.92,Moderada,Out,4,Primavera,False,28.368,17.2975,11.765,8.24,5.282,PM2.5,22-25 °C,70-85%
2015,10,2015-10-01,Nordeste,CE,Juazeiro do Norte,26.93,33.62,32.37,1.55,41.63,26.6,75.4,57.32,Moderada,Out,4,Primavera,False,24.237000000000002,8.405,8.0925,12.4,4.163,PM2.5,25-28 °C,70-85%
2015,10,2015-10-01,Nordeste,MA,São Luís,35.92,74.55,38.8,1.68,35.61,24.9,59.0,77.69,Moderada,Out,4,Primavera,False,32.328,18.6375,9.7,13.44,3.561,PM2.5,22-25 °C,55-70%
2015,10,2015-10-01,Nordeste,PB,João Pessoa,18.19,52.98,23.22,0.74,18.91,31.4,76.1,43.24,Boa,Out,4,Primavera,False,16.371000000000002,13.245,5.805,5.92,1.891,PM2.5,acima de 28 °C,70-85%
2015,10,2015-10-01,Centro-Oeste,DF,Brasília,29.98,70.82,22.85,1.13,46.68,28.3,46.5,64.14,Moderada,Out,4,Primavera,False,26.982,17.705,5.7125,9.04,4.668,PM2.5,acima de 28 °C,até 55%
2015,10,2015-10-01,Centro-Oeste,GO,Goiânia,34.16,68.47,22.56,0.73,29.54,30.5,53.6,62.28,Moderada,Out,4,Primavera,False,30.743999999999996,17.1175,5.64,5.84,2.954,PM2.5,acima de 28 °C,até 55%
2015,10,2015-10-01,Centro-Oeste,GO,Aparecida de Goiânia,24.89,75.95,18.37,1.63,39.68,20.0,69.8,63.02,Moderada,Out,4,Primavera,False,22.401,18.9875,4.5925,13.04,3.968,PM2.5,até 22 °C,55-70%
2015,10,2015-10-01,Centro-Oeste,MT,Cuiabá,45.35,82.82,26.32,1.51,42.4,24.3,73.0,84.45,Ruim,Out,4,Primavera,True,40.815000000000005,20.705,6.58,12.08,4.24,PM2.5,22-25 °C,70-85%
2015,10,2015-10-01,Centro-Oeste,MS,Campo Grande,35.26,94.25,9.77,0.48,46.63,28.2,58.0,66.24,Moderada,Out,4,Primavera,False,31.733999999999998,23.5625,2.4425,3.84,4.663,PM2.5,acima de 28 °C,55-70%
2015,10,2015-10-01,Sudeste,SP,São Paulo,37.84,103.78,34.51,0.57,34.63,20.9,92.4,76.61,Moderada,Out,4,Primavera,False,34.056000000000004,25.945,8.6275,4.56,3.4630000000000005,PM2.5,até 22 °C,acima de 85%
2015,10,2015-10-01,Sudeste,SP,Campinas,48.15,70.73,14.7,0.88,49.12,31.9,46.7,76.67,Moderada,Out,4,Primavera,False,43.335,17.6825,3.675,7.04,4.912,PM2.5,acima de 28 °C,até 55%
2015,10,2015-10-01,Sudeste,SP,Ribeirão Preto,45.78,52.91,16.94,0.51,43.61,23.4,50.5,67.12,Moderada,Out,4,Primavera,False,41.202000000000005,13.2275,4.235,4.08,4.361,PM2.5,22-25 °C,até 55%
2015,10,2015-10-01,Sudeste,RJ,Rio de Janeiro,14.8,80.4,21.64,1.0,42.44,21.5,49.6,51.1,Moderada,Out,4,Primavera,False,13.32,20.1,5.41,8.0,4.244,PM10,até 22 °C,até 55%
2015,10,2015-10-01,Sudeste,RJ,Niterói,31.39,83.46,24.31,1.09,37.58,28.5,62.0,67.67,Moderada,Out,4,Primavera,False,28.251,20.865,6.0775,8.72,3.758,PM2.5,acima de 28 °C,55-70%
2015,10,2015-10-01,Sudeste,RJ,Nova Iguaçu,25.46,73.23,37.68,0.5,33.11,26.2,86.2,57.99,Moderada,Out,4,Primavera,False,22.914,18.3075,9.42,4.0,3.311,PM2.5,25-28 °C,acima de 85%
2015,10,2015-10-01,Sudeste,RJ,Petrópolis,28.59,97.63,22.16,0.77,33.65,30.0,41.4,65.19,Moderada,Out,4,Primavera,False,25.731,24.4075,5.54,6.16,3.365,PM2.5,acima de 28 °C,até 55%
2015,10,2015-10-01,Sudeste,MG,Belo Horizonte,16.09,95.28,27.48,1.74,42.9,28.8,64.7,63.42,Moderada,Out,4,Primavera,False,14.481,23.82,6.87,13.92,4.29,PM10,acima de 28 °C,55-70%
2015,10,2015-10-01,Sudeste,MG,Uberlândia,44.3,53.15,16.37,1.32,37.27,24.8,77.8,71.55,Moderada,Out,4,Primavera,False,39.87,13.2875,4.0925,10.56,3.7270000000000003,PM2.5,22-25 °C,70-85%
2015,10,2015-10-01,Sudeste,MG,Juiz de Fora,26.72,76.53,35.8,0.7,42.12,23.8,48.7,61.95,Moderada,Out,4,Primavera,False,24.048,19.1325,8.95,5.6,4.212,PM2.5,22-25 °C,até 55%
2015,10,2015-10-01,Sudeste,ES,Vitória,27.68,76.83,36.47,0.48,49.22,21.1,66.4,62.01,Moderada,Out,4,Primavera,False,24.912,19.2075,9.1175,3.84,4.922000000000001,PM2.5,até 22 °C,55-70%
2015,10,2015-10-01,Sudeste,ES,Vila Velha,23.98,68.43,19.34,1.01,50.4,21.3,65.8,56.65,Moderada,Out,4,Primavera,False,21.582,17.1075,4.835,8.08,5.04,PM2.5,até 22 °C,55-70%
2015,10,2015-10-01,Sudeste,ES,Serra,37.05,49.47,24.99,0.36,34.94,25.8,43.9,58.36,Moderada,Out,4,Primavera,False,33.345,12.3675,6.2475,2.88,3.4939999999999998,PM2.5,25-28 °C,até 55%
2015,10,2015-10-01,Sul,PR,Curitiba,17.07,53.06,28.65,1.28,45.12,25.9,81.9,50.56,Moderada,Out,4,Primavera,False,15.363000000000001,13.265,7.1625,10.24,4.512,PM2.5,25-28 °C,70-85%
2015,10,2015-10-01,Sul,PR,Londrina,34.54,86.51,20.35,0.97,42.35,29.5,42.5,69.77,Moderada,Out,4,Primavera,False,31.086,21.6275,5.0875,7.76,4.235,PM2.5,acima de 28 °C,até 55%
2015,10,2015-10-01,Sul,SC,Florianópolis,24.53,69.31,22.2,1.23,16.78,26.2,86.4,56.47,Moderada,Out,4,Primavera,False,22.077,17.3275,5.55,9.84,1.6780000000000002,PM2.5,25-28 °C,acima de 85%
2015,10,2015-10-01,Sul,SC,Joinville,41.56,85.99,16.45,1.54,28.5,20.9,48.4,78.18,Moderada,Out,4,Primavera,False,37.404,21.4975,4.1125,12.32,2.85,PM2.5,até 22 °C,até 55%
2015,10,2015-10-01,Sul,RS,Porto Alegre,39.23,65.22,32.0,0.94,34.54,20.5,62.5,70.57,Moderada,Out,4,Primavera,False,35.306999999999995,16.305,8.0,7.52,3.454,PM2.5,até 22 °C,55-70%
2015,10,2015-10-01,Sul,RS,Caxias do Sul,36.73,86.59,23.41,1.52,27.42,19.4,41.1,75.45,Moderada,Out,4,Primavera,False,33.056999999999995,21.6475,5.8525,12.16,2.7420000000000004,PM2.5,até 22 °C,até 55%
2015,11,2015-11-01,Norte,AM,Manaus,45.24,58.96,29.3,0.82,27.12,24.8,60.6,72.03,Moderada,Nov,4,Primavera,False,40.716,14.74,7.325,6.56,2.712,PM2.5,22-25 °C,55-70%
2015,11,2015-11-01,Norte,PA,Belém,38.82,69.67,36.54,0.73,45.38,20.5,61.0,71.85,Moderada,Nov,4,Primavera,False,34.938,17.4175,9.135,5.84,4.538,PM2.5,até 22 °C,55-70%
2015,11,2015-11-01,Norte,PA,Santarém,55.77,58.09,33.75,1.27,25.84,19.4,90.8,85.92,Ruim,Nov,4,Primavera,True,50.193000000000005,14.5225,8.4375,10.16,2.584,PM2.5,até 22 °C,acima de 85%
2015,11,2015-11-01,Norte,RO,Porto Velho,47.62,79.41,20.98,0.57,51.02,24.6,88.1,77.6,Moderada,Nov,4,Primavera,False,42.858,19.8525,5.245,4.56,5.102,PM2.5,22-25 °C,acima de 85%
2015,11,2015-11-01,Norte,TO,Palmas,35.12,57.89,21.92,0.62,40.24,26.0,86.8,60.53,Moderada,Nov,4,Primavera,False,31.607999999999997,14.4725,5.48,4.96,4.024,PM2.5,25-28 °C,acima de 85%
2015,11,2015-11-01,Nordeste,BA,Salvador,26.02,41.92,43.68,0.41,50.02,25.4,40.6,53.07,Moderada,Nov,4,Primavera,False,23.418,10.48,10.92,3.28,5.002000000000001,PM2.5,25-28 °C,até 55%
2015,11,2015-11-01,Nordeste,BA,Feira de Santana,39.95,80.8,21.11,0.73,37.23,26.4,50.3,71.03,Moderada,Nov,4,Primavera,False,35.955000000000005,20.2,5.2775,5.84,3.723,PM2.5,25-28 °C,até 55%
2015,11,2015-11-01,Nordeste,PE,Recife,27.21,99.76,28.85,1.03,31.35,22.6,78.5,68.02,Moderada,Nov,4,Primavera,False,24.489,24.94,7.2125,8.24,3.1350000000000002,PM10,22-25 °C,70-85%
2015,11,2015-11-01,Nordeste,PE,Jaboatão dos Guararapes,37.96,59.37,22.61,0.67,31.27,26.7,40.9,63.14,Moderada,Nov,4,Primavera,False,34.164,14.8425,5.6525,5.36,3.1270000000000002,PM2.5,25-28 °C,até 55%
2015,11,2015-11-01,Nordeste,CE,Fortaleza,38.0,83.74,19.59,0.78,47.48,25.4,81.2,71.04,Moderada,Nov,4,Primavera,False,34.2,20.935,4.8975,6.24,4.748,PM2.5,25-28 °C,70-85%
2015,11,2015-11-01,Nordeste,CE,Juazeiro do Norte,39.55,87.28,18.26,0.74,46.81,24.2,52.7,72.57,Moderada,Nov,4,Primavera,False,35.595,21.82,4.565,5.92,4.681,PM2.5,22-25 °C,até 55%
2015,11,2015-11-01,Nordeste,MA,São Luís,52.02,63.31,18.86,0.47,28.85,26.2,51.4,74.04,Moderada,Nov,4,Primavera,False,46.818000000000005,15.8275,4.715,3.76,2.8850000000000002,PM2.5,25-28 °C,até 55%
2015,11,2015-11-01,Nordeste,PB,João Pessoa,43.89,138.25,24.77,0.66,29.78,22.6,88.1,88.48,Ruim,Nov,4,Primavera,True,39.501000000000005,34.5625,6.1925,5.28,2.978,PM2.5,22-25 °C,acima de 85%
2015,11,2015-11-01,Centro-Oeste,DF,Brasília,27.89,59.74,35.09,0.77,43.35,25.0,68.2,59.33,Moderada,Nov,4,Primavera,False,25.101000000000003,14.935,8.7725,6.16,4.335,PM2.5,22-25 °C,55-70%
2015,11,2015-11-01,Centro-Oeste,GO,Goiânia,38.54,96.62,23.87,1.03,52.26,25.0,77.1,78.26,Moderada,Nov,4,Primavera,False,34.686,24.155,5.9675,8.24,5.226,PM2.5,22-25 °C,70-85%
2015,11,2015-11-01,Centro-Oeste,GO,Aparecida de Goiânia,34.63,70.63,22.86,1.59,48.13,24.6,49.6,72.05,Moderada,Nov,4,Primavera,False,31.167,17.6575,5.715,12.72,4.813000000000001,PM2.5,22-25 °C,até 55%
2015,11,2015-11-01,Centro-Oeste,MT,Cuiabá,44.31,68.85,36.71,0.88,51.66,24.2,85.0,78.45,Moderada,Nov,4,Primavera,False,39.879000000000005,17.2125,9.1775,7.04,5.166,PM2.5,22-25 °C,70-85%
2015,11,2015-11-01,Centro-Oeste,MS,Campo Grande,51.38,75.87,27.86,0.42,25.89,24.0,82.0,78.1,Moderada,Nov,4,Primavera,False,46.242000000000004,18.9675,6.965,3.36,2.5890000000000004,PM2.5,22-25 °C,70-85%
2015,11,2015-11-01,Sudeste,SP,São Paulo,27.81,57.97,11.38,1.79,50.62,29.0,73.7,61.72,Moderada,Nov,4,Primavera,False,25.029,14.4925,2.845,14.32,5.062,PM2.5,acima de 28 °C,70-85%
2015,11,2015-11-01,Sudeste,SP,Campinas,30.88,64.89,23.73,1.76,54.36,25.9,45.6,69.47,Moderada,Nov,4,Primavera,False,27.791999999999998,16.2225,5.9325,14.08,5.436,PM2.5,25-28 °C,até 55%
2015,11,2015-11-01,Sudeste,SP,Ribeirão Preto,36.64,52.29,29.37,0.68,43.25,24.1,85.1,63.13,Moderada,Nov,4,Primavera,False,32.976,13.0725,7.3425,5.44,4.325,PM2.5,22-25 °C,acima de 85%
2015,11,2015-11-01,Sudeste,RJ,Rio de Janeiro,37.7,86.25,32.79,1.7,40.51,21.5,59.6,81.31,Ruim,Nov,4,Primavera,True,33.93000000000001,21.5625,8.1975,13.6,4.051,PM2.5,até 22 °C,55-70%
2015,11,2015-11-01,Sudeste,RJ,Niterói,33.52,77.27,22.82,1.44,37.87,23.0,73.4,70.53,Moderada,Nov,4,Primavera,False,30.168000000000003,19.3175,5.705,11.52,3.787,PM2.5,22-25 °C,70-85%
2015,11,2015-11-01,Sudeste,RJ,Nova Iguaçu,29.1,102.35,10.06,1.72,36.58,18.9,77.4,71.71,Moderada,Nov,4,Primavera,False,26.19,25.5875,2.515,13.76,3.658,PM2.5,até 22 °C,70-85%
2015,11,2015-11-01,Sudeste,RJ,Petrópolis,44.2,94.17,25.6,0.8,36.5,27.9,70.1,79.79,Moderada,Nov,4,Primavera,False,39.78,23.5425,6.4,6.4,3.6500000000000004,PM2.5,25-28 °C,70-85%
2015,11,2015-11-01,Sudeste,MG,Belo Horizonte,44.61,62.79,27.62,0.95,42.82,25.1,78.2,74.6,Moderada,Nov,4,Primavera,False,40.149,15.6975,6.905,7.6,4.282,PM2.5,25-28 °C,70-85%
2015,11,2015-11-01,Sudeste,MG,Uberlândia,27.25,99.07,13.08,1.8,27.4,18.3,91.3,69.67,Moderada,Nov,4,Primavera,False,24.525000000000002,24.7675,3.27,14.4,2.74,PM10,até 22 °C,acima de 85%
2015,11,2015-11-01,Sudeste,MG,Juiz de Fora,31.74,58.76,19.29,1.04,35.13,23.6,54.1,59.92,Moderada,Nov,4,Primavera,False,28.566,14.69,4.8225,8.32,3.5130000000000003,PM2.5,22-25 °C,até 55%
2015,11,2015-11-01,Sudeste,ES,Vitória,36.32,91.6,5.08,1.37,42.46,26.2,79.2,72.09,Moderada,Nov,4,Primavera,False,32.688,22.9,1.27,10.96,4.246,PM2.5,25-28 °C,70-85%
2015,11,2015-11-01,Sudeste,ES,Vila Velha,33.88,71.69,34.24,1.78,54.13,21.9,88.9,76.64,Moderada,Nov,4,Primavera,False,30.492000000000004,17.9225,8.56,14.24,5.413,PM2.5,até 22 °C,acima de 85%
2015,11,2015-11-01,Sudeste,ES,Serra,32.91,76.17,25.64,0.43,42.28,22.7,58.1,62.74,Moderada,Nov,4,Primavera,False,29.618999999999996,19.0425,6.41,3.44,4.228000000000001,PM2.5,22-25 °C,55-70%
2015,11,2015-11-01,Sul,PR,Curitiba,21.07,99.62,28.88,1.24,50.39,21.0,57.1,66.04,Moderada,Nov,4,Primavera,False,18.963,24.905,7.22,9.92,5.039000000000001,PM10,até 22 °C,55-70%
2015,11,2015-11-01,Sul,PR,Londrina,26.45,73.49,23.41,1.41,49.43,25.6,86.8,64.25,Moderada,Nov,4,Primavera,False,23.805,18.3725,5.8525,11.28,4.9430000000000005,PM2.5,25-28 °C,acima de 85%
2015,11,2015-11-01,Sul,SC,Florianópolis,20.2,74.5,32.11,1.36,41.27,22.7,54.8,59.86,Moderada,Nov,4,Primavera,False,18.18,18.625,8.0275,10.88,4.127000000000001,PM10,22-25 °C,até 55%
2015,11,2015-11-01,Sul,SC,Joinville,23.58,59.72,42.41,1.36,51.3,19.0,85.3,62.78,Moderada,Nov,4,Primavera,False,21.221999999999998,14.93,10.6025,10.88,5.13,PM2.5,até 22 °C,acima de 85%
2015,11,2015-11-01,Sul,RS,Porto Alegre,48.62,55.04,24.19,0.59,35.82,24.5,60.1,71.83,Moderada,Nov,4,Primavera,False,43.757999999999996,13.76,6.0475,4.72,3.5820000000000003,PM2.5,22-25 °C,55-70%
2015,11,2015-11-01,Sul,RS,Caxias do Sul,46.31,60.38,24.89,0.8,39.42,28.2,82.4,73.31,Moderada,Nov,4,Primavera,False,41.679,15.095,6.2225,6.4,3.942,PM2.5,acima de 28 °C,70-85%
2015,12,2015-12-01,Norte,AM,Manaus,44.56,72.34,28.12,1.3,54.38,24.1,50.7,81.07,Ruim,Dez,4,Verão,True,40.104000000000006,18.085,7.03,10.4,5.438000000000001,PM2.5,22-25 °C,até 55%
2015,12,2015-12-01,Norte,PA,Belém,24.73,60.72,25.11,0.36,46.02,26.1,58.4,51.23,Moderada,Dez,4,Verão,False,22.257,15.18,6.2775,2.88,4.602,PM2.5,25-28 °C,55-70%
2015,12,2015-12-01,Norte,PA,Santarém,35.09,71.11,32.47,0.68,44.47,20.6,40.6,67.38,Moderada,Dez,4,Verão,False,31.581000000000003,17.7775,8.1175,5.44,4.447,PM2.5,até 22 °C,até 55%
2015,12,2015-12-01,Norte,RO,Porto Velho,39.42,51.58,38.18,1.65,67.25,25.3,81.0,77.87,Moderada,Dez,4,Verão,False,35.478,12.895,9.545,13.2,6.7250000000000005,PM2.5,25-28 °C,70-85%
2015,12,2015-12-01,Norte,TO,Palmas,30.89,58.84,20.51,0.54,48.25,23.5,78.1,56.82,Moderada,Dez,4,Verão,False,27.801000000000002,14.71,5.1275,4.32,4.825,PM2.5,22-25 °C,70-85%
2015,12,2015-12-01,Nordeste,BA,Salvador,27.28,77.54,25.84,0.55,25.7,30.9,47.9,57.36,Moderada,Dez,4,Verão,False,24.552000000000003,19.385,6.46,4.4,2.5700000000000003,PM2.5,acima de 28 °C,até 55%
2015,12,2015-12-01,Nordeste,BA,Feira de Santana,34.08,49.51,23.43,1.12,37.79,31.5,42.6,61.62,Moderada,Dez,4,Verão,False,30.672,12.3775,5.8575,8.96,3.779,PM2.5,acima de 28 °C,até 55%
2015,12,2015-12-01,Nordeste,PE,Recife,53.05,76.54,33.76,1.73,52.69,28.7,86.9,94.45,Ruim,Dez,4,Verão,True,47.745,19.135,8.44,13.84,5.269,PM2.5,acima de 28 °C,acima de 85%
2015,12,2015-12-01,Nordeste,PE,Jaboatão dos Guararapes,28.73,105.74,34.27,0.41,37.44,30.8,66.7,67.88,Moderada,Dez,4,Verão,False,25.857,26.435,8.5675,3.28,3.7439999999999998,PM10,acima de 28 °C,55-70%
2015,12,2015-12-01,Nordeste,CE,Fortaleza,51.06,103.29,39.58,0.82,35.25,29.6,52.4,91.74,Ruim,Dez,4,Verão,True,45.954,25.8225,9.895,6.56,3.5250000000000004,PM2.5,acima de 28 °C,até 55%
2015,12,2015-12-01,Nordeste,CE,Juazeiro do Norte,38.62,60.74,21.95,1.31,40.99,22.3,46.1,69.98,Moderada,Dez,4,Verão,False,34.757999999999996,15.185,5.4875,10.48,4.099,PM2.5,22-25 °C,até 55%
2015,12,2015-12-01,Nordeste,MA,São Luís,35.71,79.06,5.46,1.69,30.37,26.2,78.5,69.79,Moderada,Dez,4,Verão,False,32.139,19.765,1.365,13.52,3.0370000000000004,PM2.5,25-28 °C,70-85%
2015,12,2015-12-01,Nordeste,PB,João Pessoa,31.14,80.66,26.04,1.79,47.98,22.1,55.3,73.78,Moderada,Dez,4,Verão,False,28.026,20.165,6.51,14.32,4.798,PM2.5,22-25 °C,55-70%
2015,12,2015-12-01,Centro-Oeste,DF,Brasília,37.5,63.82,25.09,0.53,37.33,23.7,80.6,63.95,Moderada,Dez,4,Verão,False,33.75,15.955,6.2725,4.24,3.733,PM2.5,22-25 °C,70-85%
2015,12,2015-12-01,Centro-Oeste,GO,Goiânia,35.65,64.15,35.97,0.59,31.38,22.8,49.5,64.96,Moderada,Dez,4,Verão,False,32.085,16.0375,8.9925,4.72,3.138,PM2.5,22-25 °C,até 55%
2015,12,2015-12-01,Centro-Oeste,GO,Aparecida de Goiânia,29.65,71.93,25.41,1.21,42.66,26.5,61.7,65.0,Moderada,Dez,4,Verão,False,26.685,17.9825,6.3525,9.68,4.266,PM2.5,25-28 °C,55-70%
2015,12,2015-12-01,Centro-Oeste,MT,Cuiabá,17.14,76.62,17.58,0.96,50.77,18.3,77.1,51.72,Moderada,Dez,4,Verão,False,15.426,19.155,4.395,7.68,5.077000000000001,PM10,até 22 °C,70-85%
2015,12,2015-12-01,Centro-Oeste,MS,Campo Grande,43.74,56.15,34.64,1.03,30.58,22.0,77.1,73.38,Moderada,Dez,4,Verão,False,39.366,14.0375,8.66,8.24,3.058,PM2.5,até 22 °C,70-85%
2015,12,2015-12-01,Sudeste,SP,São Paulo,35.35,67.83,21.65,1.08,54.28,23.4,84.4,68.21,Moderada,Dez,4,Verão,False,31.815,16.9575,5.4125,8.64,5.428000000000001,PM2.5,22-25 °C,70-85%
2015,12,2015-12-01,Sudeste,SP,Campinas,35.06,70.9,24.48,0.45,45.48,25.7,79.1,63.55,Moderada,Dez,4,Verão,False,31.554000000000002,17.725,6.12,3.6,4.548,PM2.5,25-28 °C,70-85%
2015,12,2015-12-01,Sudeste,SP,Ribeirão Preto,58.33,64.68,29.3,1.58,27.03,24.8,41.4,91.35,Ruim,Dez,4,Verão,True,52.497,16.17,7.325,12.64,2.7030000000000003,PM2.5,22-25 °C,até 55%
2015,12,2015-12-01,Sudeste,RJ,Rio de Janeiro,38.28,92.4,25.0,1.56,26.13,22.4,74.5,78.86,Moderada,Dez,4,Verão,False,34.452000000000005,23.1,6.25,12.48,2.613,PM2.5,22-25 °C,70-85%
2015,12,2015-12-01,Sudeste,RJ,Niterói,33.25,77.1,14.17,1.78,41.38,21.9,77.5,71.1,Moderada,Dez,4,Verão,False,29.925,19.275,3.5425,14.24,4.138000000000001,PM2.5,até 22 °C,70-85%
2015,12,2015-12-01,Sudeste,RJ,Nova Iguaçu,37.94,51.83,35.06,0.43,48.77,27.8,94.7,64.21,Moderada,Dez,4,Verão,False,34.146,12.9575,8.765,3.44,4.877000000000001,PM2.5,25-28 °C,acima de 85%
2015,12,2015-12-01,Sudeste,RJ,Petrópolis,36.84,86.58,21.72,1.06,36.43,18.4,80.3,72.32,Moderada,Dez,4,Verão,False,33.156000000000006,21.645,5.43,8.48,3.6430000000000002,PM2.5,até 22 °C,70-85%
2015,12,2015-12-01,Sudeste,MG,Belo Horizonte,33.74,72.62,20.69,1.33,42.1,21.7,54.4,68.55,Moderada,Dez,4,Verão,False,30.366000000000003,18.155,5.1725,10.64,4.21,PM2.5,até 22 °C,até 55%
2015,12,2015-12-01,Sudeste,MG,Uberlândia,38.8,76.49,23.68,0.87,36.4,23.2,82.6,70.6,Moderada,Dez,4,Verão,False,34.92,19.1225,5.92,6.96,3.64,PM2.5,22-25 °C,70-85%
2015,12,2015-12-01,Sudeste,MG,Juiz de Fora,53.86,101.34,20.44,0.97,41.54,21.1,77.3,90.85,Ruim,Dez,4,Verão,True,48.474000000000004,25.335,5.11,7.76,4.154,PM2.5,até 22 °C,70-85%
2015,12,2015-12-01,Sudeste,ES,Vitória,41.24,80.22,28.75,0.42,25.0,24.2,91.0,70.19,Moderada,Dez,4,Verão,False,37.116,20.055,7.1875,3.36,2.5,PM2.5,22-25 °C,acima de 85%
2015,12,2015-12-01,Sudeste,ES,Vila Velha,44.11,50.3,14.63,0.34,33.96,23.0,51.1,62.02,Moderada,Dez,4,Verão,False,39.699,12.575,3.6575,2.72,3.3960000000000004,PM2.5,22-25 °C,até 55%
2015,12,2015-12-01,Sudeste,ES,Serra,50.73,84.74,15.59,1.1,41.64,23.9,83.0,83.73,Ruim,Dez,4,Verão,True,45.657,21.185,3.8975,8.8,4.164000000000001,PM2.5,22-25 °C,70-85%
2015,12,2015-12-01,Sul,PR,Curitiba,33.25,56.65,13.11,1.36,26.08,22.0,50.9,60.87,Moderada,Dez,4,Verão,False,29.925,14.1625,3.2775,10.88,2.608,PM2.5,até 22 °C,até 55%
2015,12,2015-12-01,Sul,PR,Londrina,33.33,73.02,23.52,0.96,32.2,29.1,74.4,65.02,Moderada,Dez,4,Verão,False,29.997,18.255,5.88,7.68,3.2200000000000006,PM2.5,acima de 28 °C,70-85%
2015,12,2015-12-01,Sul,SC,Florianópolis,34.55,84.52,30.64,1.0,63.04,22.2,47.9,74.21,Moderada,Dez,4,Verão,False,31.095,21.13,7.66,8.0,6.304,PM2.5,22-25 °C,até 55%
2015,12,2015-12-01,Sul,SC,Joinville,38.54,50.96,17.39,1.19,34.32,27.5,85.5,64.76,Moderada,Dez,4,Verão,False,34.686,12.74,4.3475,9.52,3.4320000000000004,PM2.5,25-28 °C,acima de 85%
2015,12,2015-12-01,Sul,RS,Porto Alegre,35.84,81.27,19.76,1.11,37.63,28.5,93.5,70.13,Moderada,Dez,4,Verão,False,32.25600000000001,20.3175,4.94,8.88,3.7630000000000003,PM2.5,acima de 28 °C,acima de 85%
2015,12,2015-12-01,Sul,RS,Caxias do Sul,26.3,56.57,37.97,0.38,16.69,24.3,81.9,52.0,Moderada,Dez,4,Verão,False,23.67,14.1425,9.4925,3.04,1.6690000000000003,PM2.5,22-25 °C,70-85%
2016,1,2016-01-01,Norte,AM,Manaus,30.52,53.49,31.78,1.64,31.72,22.1,71.5,65.05,Moderada,Jan,1,Verão,False,27.468,13.3725,7.945,13.12,3.172,PM2.5,22-25 °C,70-85%
2016,1,2016-01-01,Norte,PA,Belém,30.24,70.21,19.0,0.67,24.39,28.1,88.0,57.32,Moderada,Jan,1,Verão,False,27.215999999999998,17.5525,4.75,5.36,2.439,PM2.5,acima de 28 °C,acima de 85%
2016,1,2016-01-01,Norte,PA,Santarém,33.1,65.6,22.39,1.01,41.43,24.1,52.9,64.04,Moderada,Jan,1,Verão,False,29.790000000000003,16.4,5.5975,8.08,4.143,PM2.5,22-25 °C,até 55%
2016,1,2016-01-01,Norte,RO,Porto Velho,30.59,69.5,19.06,1.0,52.39,24.3,67.5,62.88,Moderada,Jan,1,Verão,False,27.531,17.375,4.765,8.0,5.239000000000001,PM2.5,22-25 °C,55-70%
2016,1,2016-01-01,Norte,TO,Palmas,53.58,54.99,20.17,1.34,26.19,26.3,75.2,80.39,Ruim,Jan,1,Verão,True,48.222,13.7475,5.0425,10.72,2.619,PM2.5,25-28 °C,70-85%
2016,1,2016-01-01,Nordeste,BA,Salvador,16.88,65.79,29.24,0.69,36.54,24.0,71.8,48.14,Boa,Jan,1,Verão,False,15.192,16.4475,7.31,5.52,3.654,PM10,22-25 °C,70-85%
2016,1,2016-01-01,Nordeste,BA,Feira de Santana,34.4,58.25,19.03,1.62,28.42,33.5,93.1,66.08,Moderada,Jan,1,Verão,False,30.96,14.5625,4.7575,12.96,2.8420000000000005,PM2.5,acima de 28 °C,acima de 85%
2016,1,2016-01-01,Nordeste,PE,Recife,38.2,68.92,20.17,0.52,54.85,28.9,43.5,66.32,Moderada,Jan,1,Verão,False,34.38,17.23,5.0425,4.16,5.485,PM2.5,acima de 28 °C,até 55%
2016,1,2016-01-01,Nordeste,PE,Jaboatão dos Guararapes,40.85,97.25,29.37,0.85,44.06,17.9,75.8,79.62,Moderada,Jan,1,Verão,False,36.765,24.3125,7.3425,6.8,4.406000000000001,PM2.5,até 22 °C,70-85%
2016,1,2016-01-01,Nordeste,CE,Fortaleza,39.48,71.21,29.95,0.44,48.8,23.8,92.0,69.19,Moderada,Jan,1,Verão,False,35.532,17.8025,7.4875,3.52,4.88,PM2.5,22-25 °C,acima de 85%
2016,1,2016-01-01,Nordeste,CE,Juazeiro do Norte,37.56,51.97,29.78,0.71,39.79,24.9,74.9,63.9,Moderada,Jan,1,Verão,False,33.804,12.9925,7.445,5.68,3.979,PM2.5,22-25 °C,70-85%
2016,1,2016-01-01,Nordeste,MA,São Luís,46.24,71.6,18.33,0.72,20.21,26.2,89.5,71.9,Moderada,Jan,1,Verão,False,41.616,17.9,4.5825,5.76,2.0210000000000004,PM2.5,25-28 °C,acima de 85%
2016,1,2016-01-01,Nordeste,PB,João Pessoa,23.74,80.18,12.61,0.32,37.05,27.1,83.3,50.85,Moderada,Jan,1,Verão,False,21.366,20.045,3.1525,2.56,3.705,PM2.5,25-28 °C,70-85%
2016,1,2016-01-01,Centro-Oeste,DF,Brasília,36.32,86.42,16.18,0.56,31.29,27.6,65.8,65.92,Moderada,Jan,1,Verão,False,32.688,21.605,4.045,4.48,3.129,PM2.5,25-28 °C,55-70%
2016,1,2016-01-01,Centro-Oeste,GO,Goiânia,29.64,85.49,19.72,1.18,39.01,27.2,55.6,66.33,Moderada,Jan,1,Verão,False,26.676000000000002,21.3725,4.93,9.44,3.901,PM2.5,25-28 °C,55-70%
2016,1,2016-01-01,Centro-Oeste,GO,Aparecida de Goiânia,47.36,68.88,34.1,1.62,42.04,24.3,41.3,85.55,Ruim,Jan,1,Verão,True,42.624,17.22,8.525,12.96,4.204,PM2.5,22-25 °C,até 55%
2016,1,2016-01-01,Centro-Oeste,MT,Cuiabá,41.7,52.8,27.82,0.47,42.29,24.4,91.3,65.66,Moderada,Jan,1,Verão,False,37.53,13.2,6.955,3.76,4.229,PM2.5,22-25 °C,acima de 85%
2016,1,2016-01-01,Centro-Oeste,MS,Campo Grande,39.08,53.24,23.76,0.52,48.5,23.4,42.7,63.45,Moderada,Jan,1,Verão,False,35.172,13.31,5.94,4.16,4.8500000000000005,PM2.5,22-25 °C,até 55%
2016,1,2016-01-01,Sudeste,SP,São Paulo,39.03,64.82,27.77,0.6,48.63,27.0,68.6,67.97,Moderada,Jan,1,Verão,False,35.127,16.205,6.9425,4.8,4.863,PM2.5,25-28 °C,55-70%
2016,1,2016-01-01,Sudeste,SP,Campinas,27.67,53.18,27.84,0.75,30.67,24.4,82.1,54.19,Moderada,Jan,1,Verão,False,24.903000000000002,13.295,6.96,6.0,3.067,PM2.5,22-25 °C,70-85%
2016,1,2016-01-01,Sudeste,SP,Ribeirão Preto,29.84,91.47,18.86,0.58,32.52,21.9,88.2,62.29,Moderada,Jan,1,Verão,False,26.856,22.8675,4.715,4.64,3.2520000000000007,PM2.5,até 22 °C,acima de 85%
2016,1,2016-01-01,Sudeste,RJ,Rio de Janeiro,35.85,73.14,29.48,0.85,35.7,24.5,81.3,68.25,Moderada,Jan,1,Verão,False,32.265,18.285,7.37,6.8,3.5700000000000003,PM2.5,22-25 °C,70-85%
2016,1,2016-01-01,Sudeste,RJ,Niterói,28.77,74.37,21.97,1.14,41.9,28.2,69.9,63.26,Moderada,Jan,1,Verão,False,25.893,18.5925,5.4925,9.12,4.19,PM2.5,acima de 28 °C,55-70%
2016,1,2016-01-01,Sudeste,RJ,Nova Iguaçu,33.7,74.25,19.41,0.49,34.06,24.0,57.8,61.06,Moderada,Jan,1,Verão,False,30.330000000000002,18.5625,4.8525,3.92,3.4060000000000006,PM2.5,22-25 °C,55-70%
2016,1,2016-01-01,Sudeste,RJ,Petrópolis,38.55,48.42,38.8,0.31,22.59,32.7,48.1,61.26,Moderada,Jan,1,Verão,False,34.695,12.105,9.7,2.48,2.259,PM2.5,acima de 28 °C,até 55%
2016,1,2016-01-01,Sudeste,MG,Belo Horizonte,27.2,69.07,29.37,1.61,40.88,23.0,66.5,66.03,Moderada,Jan,1,Verão,False,24.48,17.2675,7.3425,12.88,4.088,PM2.5,22-25 °C,55-70%
2016,1,2016-01-01,Sudeste,MG,Uberlândia,18.27,85.64,37.94,1.34,28.78,23.3,47.0,60.97,Moderada,Jan,1,Verão,False,16.443,21.41,9.485,10.72,2.878,PM10,22-25 °C,até 55%
2016,1,2016-01-01,Sudeste,MG,Juiz de Fora,29.95,75.25,28.12,0.47,24.82,25.8,48.8,59.02,Moderada,Jan,1,Verão,False,26.955,18.8125,7.03,3.76,2.482,PM2.5,25-28 °C,até 55%
2016,1,2016-01-01,Sudeste,ES,Vitória,33.94,82.81,22.58,1.58,45.08,23.1,70.6,74.01,Moderada,Jan,1,Verão,False,30.546,20.7025,5.645,12.64,4.508,PM2.5,22-25 °C,70-85%
2016,1,2016-01-01,Sudeste,ES,Vila Velha,38.65,84.79,15.0,0.96,39.9,25.5,94.5,71.37,Moderada,Jan,1,Verão,False,34.785,21.1975,3.75,7.68,3.99,PM2.5,25-28 °C,acima de 85%
2016,1,2016-01-01,Sudeste,ES,Serra,32.39,64.59,17.68,0.99,52.7,25.5,67.0,62.95,Moderada,Jan,1,Verão,False,29.151,16.1475,4.42,7.92,5.2700000000000005,PM2.5,25-28 °C,55-70%
2016,1,2016-01-01,Sul,PR,Curitiba,28.98,91.91,19.98,1.13,43.96,19.7,62.3,67.53,Moderada,Jan,1,Verão,False,26.082,22.9775,4.995,9.04,4.396,PM2.5,até 22 °C,55-70%
2016,1,2016-01-01,Sul,PR,Londrina,22.55,64.21,29.35,0.74,25.02,24.6,51.9,52.12,Moderada,Jan,1,Verão,False,20.295,16.0525,7.3375,5.92,2.5020000000000002,PM2.5,22-25 °C,até 55%
2016,1,2016-01-01,Sul,SC,Florianópolis,33.1,36.6,14.62,1.63,30.11,27.0,94.0,58.62,Moderada,Jan,1,Verão,False,29.790000000000003,9.15,3.655,13.04,3.011,PM2.5,25-28 °C,acima de 85%
2016,1,2016-01-01,Sul,SC,Joinville,37.12,33.75,10.06,1.56,27.01,21.9,76.7,59.57,Moderada,Jan,1,Verão,False,33.408,8.4375,2.515,12.48,2.7010000000000005,PM2.5,até 22 °C,70-85%
2016,1,2016-01-01,Sul,RS,Porto Alegre,40.94,95.22,18.25,1.69,39.56,23.7,90.6,82.73,Ruim,Jan,1,Verão,True,36.846,23.805,4.5625,13.52,3.9560000000000004,PM2.5,22-25 °C,acima de 85%
2016,1,2016-01-01,Sul,RS,Caxias do Sul,37.52,91.26,16.92,0.34,45.23,17.5,52.6,68.02,Moderada,Jan,1,Verão,False,33.768,22.815,4.23,2.72,4.523,PM2.5,até 22 °C,até 55%
2016,2,2016-02-01,Norte,AM,Manaus,47.76,67.29,15.76,1.1,40.52,21.4,52.4,76.61,Moderada,Fev,1,Verão,False,42.984,16.8225,3.94,8.8,4.0520000000000005,PM2.5,até 22 °C,até 55%
2016,2,2016-02-01,Norte,PA,Belém,37.75,40.22,30.49,0.58,47.88,26.2,76.8,61.08,Moderada,Fev,1,Verão,False,33.975,10.055,7.6225,4.64,4.788,PM2.5,25-28 °C,70-85%
2016,2,2016-02-01,Norte,PA,Santarém,50.76,85.42,38.04,0.85,45.83,27.0,87.0,87.93,Ruim,Fev,1,Verão,True,45.684,21.355,9.51,6.8,4.583,PM2.5,25-28 °C,acima de 85%
2016,2,2016-02-01,Norte,RO,Porto Velho,27.84,70.46,14.36,1.44,27.35,25.2,63.7,60.51,Moderada,Fev,1,Verão,False,25.056,17.615,3.59,11.52,2.7350000000000003,PM2.5,25-28 °C,55-70%
2016,2,2016-02-01,Norte,TO,Palmas,28.69,86.4,14.26,1.76,56.75,20.3,59.7,70.77,Moderada,Fev,1,Verão,False,25.821,21.6,3.565,14.08,5.675000000000001,PM2.5,até 22 °C,55-70%
2016,2,2016-02-01,Nordeste,BA,Salvador,37.4,78.82,46.09,1.55,24.01,24.3,80.7,79.72,Moderada,Fev,1,Verão,False,33.66,19.705,11.5225,12.4,2.4010000000000002,PM2.5,22-25 °C,70-85%
2016,2,2016-02-01,Nordeste,BA,Feira de Santana,40.18,72.28,33.71,1.15,45.19,23.7,57.1,76.38,Moderada,Fev,1,Verão,False,36.162,18.07,8.4275,9.2,4.519,PM2.5,22-25 °C,55-70%
2016,2,2016-02-01,Nordeste,PE,Recife,53.12,81.02,19.29,1.72,47.45,22.2,82.0,91.36,Ruim,Fev,1,Verão,True,47.808,20.255,4.8225,13.76,4.745,PM2.5,22-25 °C,70-85%
2016,2,2016-02-01,Nordeste,PE,Jaboatão dos Guararapes,39.13,67.2,26.63,1.62,44.51,24.4,75.6,76.08,Moderada,Fev,1,Verão,False,35.217000000000006,16.8,6.6575,12.96,4.451,PM2.5,22-25 °C,70-85%
2016,2,2016-02-01,Nordeste,CE,Fortaleza,44.46,60.19,23.85,1.58,49.24,26.0,74.2,78.55,Moderada,Fev,1,Verão,False,40.014,15.0475,5.9625,12.64,4.924,PM2.5,25-28 °C,70-85%
2016,2,2016-02-01,Nordeste,CE,Juazeiro do Norte,23.32,49.42,17.59,1.48,56.19,22.2,77.5,55.23,Moderada,Fev,1,Verão,False,20.988,12.355,4.3975,11.84,5.619,PM2.5,22-25 °C,70-85%
2016,2,2016-02-01,Nordeste,MA,São Luís,48.94,79.03,19.16,1.52,41.79,25.8,46.4,84.96,Ruim,Fev,1,Verão,True,44.046,19.7575,4.79,12.16,4.179,PM2.5,25-28 °C,até 55%
2016,2,2016-02-01,Nordeste,PB,João Pessoa,55.99,72.54,33.94,0.85,44.0,28.5,47.6,88.25,Ruim,Fev,1,Verão,True,50.391000000000005,18.135,8.485,6.8,4.4,PM2.5,acima de 28 °C,até 55%
2016,2,2016-02-01,Centro-Oeste,DF,Brasília,37.69,76.88,7.16,1.67,39.11,26.8,91.5,72.24,Moderada,Fev,1,Verão,False,33.921,19.22,1.79,13.36,3.911,PM2.5,25-28 °C,acima de 85%
2016,2,2016-02-01,Centro-Oeste,GO,Goiânia,37.43,38.9,21.26,0.6,17.26,22.5,43.6,55.29,Moderada,Fev,1,Verão,False,33.687,9.725,5.315,4.8,1.7260000000000002,PM2.5,22-25 °C,até 55%
2016,2,2016-02-01,Centro-Oeste,GO,Aparecida de Goiânia,38.21,89.71,26.41,0.87,45.18,21.9,48.8,74.92,Moderada,Fev,1,Verão,False,34.389,22.4275,6.6025,6.96,4.518,PM2.5,até 22 °C,até 55%
2016,2,2016-02-01,Centro-Oeste,MT,Cuiabá,32.26,48.45,20.78,1.16,43.23,29.0,45.0,59.95,Moderada,Fev,1,Verão,False,29.034,12.1125,5.195,9.28,4.3229999999999995,PM2.5,acima de 28 °C,até 55%
2016,2,2016-02-01,Centro-Oeste,MS,Campo Grande,28.19,48.12,31.44,1.75,36.4,24.3,87.0,62.87,Moderada,Fev,1,Verão,False,25.371000000000002,12.03,7.86,14.0,3.64,PM2.5,22-25 °C,acima de 85%
2016,2,2016-02-01,Sudeste,SP,São Paulo,38.07,86.24,28.16,0.65,41.62,25.3,51.9,72.23,Moderada,Fev,1,Verão,False,34.263,21.56,7.04,5.2,4.162,PM2.5,25-28 °C,até 55%
2016,2,2016-02-01,Sudeste,SP,Campinas,39.02,67.18,23.02,0.72,51.64,28.7,89.9,68.57,Moderada,Fev,1,Verão,False,35.118,16.795,5.755,5.76,5.164000000000001,PM2.5,acima de 28 °C,acima de 85%
2016,2,2016-02-01,Sudeste,SP,Ribeirão Preto,39.3,73.64,26.28,0.81,35.3,21.2,71.2,70.34,Moderada,Fev,1,Verão,False,35.37,18.41,6.57,6.48,3.53,PM2.5,até 22 °C,70-85%
2016,2,2016-02-01,Sudeste,RJ,Rio de Janeiro,30.78,87.44,26.39,1.64,36.8,27.1,91.0,72.95,Moderada,Fev,1,Verão,False,27.702,21.86,6.5975,13.12,3.6799999999999997,PM2.5,25-28 °C,acima de 85%
2016,2,2016-02-01,Sudeste,RJ,Niterói,42.72,84.73,26.38,1.09,33.88,22.7,89.8,78.34,Moderada,Fev,1,Verão,False,38.448,21.1825,6.595,8.72,3.3880000000000003,PM2.5,22-25 °C,acima de 85%
2016,2,2016-02-01,Sudeste,RJ,Nova Iguaçu,34.05,57.8,26.29,1.04,28.61,25.4,59.3,62.88,Moderada,Fev,1,Verão,False,30.645,14.45,6.5725,8.32,2.861,PM2.5,25-28 °C,55-70%
2016,2,2016-02-01,Sudeste,RJ,Petrópolis,47.33,40.95,32.39,1.21,56.73,29.3,55.4,76.26,Moderada,Fev,1,Verão,False,42.597,10.2375,8.0975,9.68,5.673,PM2.5,acima de 28 °C,55-70%
2016,2,2016-02-01,Sudeste,MG,Belo Horizonte,37.34,71.73,17.38,0.6,58.45,23.4,93.4,66.56,Moderada,Fev,1,Verão,False,33.606,17.9325,4.345,4.8,5.845000000000001,PM2.5,22-25 °C,acima de 85%
2016,2,2016-02-01,Sudeste,MG,Uberlândia,32.06,75.82,16.06,0.42,40.34,24.8,83.4,59.18,Moderada,Fev,1,Verão,False,28.854000000000003,18.955,4.015,3.36,4.034000000000001,PM2.5,22-25 °C,70-85%
2016,2,2016-02-01,Sudeste,MG,Juiz de Fora,42.42,61.46,16.19,1.09,28.64,24.2,53.0,69.17,Moderada,Fev,1,Verão,False,38.178000000000004,15.365,4.0475,8.72,2.8640000000000003,PM2.5,22-25 °C,até 55%
2016,2,2016-02-01,Sudeste,ES,Vitória,34.5,74.86,21.81,0.5,26.92,24.9,53.9,61.93,Moderada,Fev,1,Verão,False,31.05,18.715,5.4525,4.0,2.692,PM2.5,22-25 °C,até 55%
2016,2,2016-02-01,Sudeste,ES,Vila Velha,40.4,66.46,20.54,1.72,32.36,28.1,80.3,75.12,Moderada,Fev,1,Verão,False,36.36,16.615,5.135,13.76,3.236,PM2.5,acima de 28 °C,70-85%
2016,2,2016-02-01,Sudeste,ES,Serra,28.13,67.47,39.97,1.28,35.68,27.7,65.6,65.99,Moderada,Fev,1,Verão,False,25.317,16.8675,9.9925,10.24,3.568,PM2.5,25-28 °C,55-70%
2016,2,2016-02-01,Sul,PR,Curitiba,44.08,49.48,29.68,1.43,52.73,25.2,72.6,76.14,Moderada,Fev,1,Verão,False,39.672,12.37,7.42,11.44,5.273,PM2.5,25-28 °C,70-85%
2016,2,2016-02-01,Sul,PR,Londrina,35.11,84.19,16.22,1.39,42.54,23.6,62.6,72.06,Moderada,Fev,1,Verão,False,31.599,21.0475,4.055,11.12,4.2540000000000004,PM2.5,22-25 °C,55-70%
2016,2,2016-02-01,Sul,SC,Florianópolis,17.35,102.95,22.97,0.41,44.33,23.7,60.4,54.79,Moderada,Fev,1,Verão,False,15.615000000000002,25.7375,5.7425,3.28,4.433,PM10,22-25 °C,55-70%
2016,2,2016-02-01,Sul,SC,Joinville,54.87,81.06,23.46,0.54,40.51,21.0,41.2,83.9,Ruim,Fev,1,Verão,True,49.382999999999996,20.265,5.865,4.32,4.051,PM2.5,até 22 °C,até 55%
2016,2,2016-02-01,Sul,RS,Porto Alegre,16.58,87.11,28.2,0.82,25.01,25.6,77.7,52.82,Moderada,Fev,1,Verão,False,14.921999999999999,21.7775,7.05,6.56,2.5010000000000003,PM10,25-28 °C,70-85%
2016,2,2016-02-01,Sul,RS,Caxias do Sul,34.25,45.44,26.95,0.78,45.18,25.2,85.6,59.65,Moderada,Fev,1,Verão,False,30.825,11.36,6.7375,6.24,4.518,PM2.5,25-28 °C,acima de 85%
2016,3,2016-03-01,Norte,AM,Manaus,31.54,48.47,32.01,1.66,44.24,24.9,73.7,66.21,Moderada,Mar,1,Outono,False,28.386,12.1175,8.0025,13.28,4.424,PM2.5,22-25 °C,70-85%
2016,3,2016-03-01,Norte,PA,Belém,44.94,95.08,28.41,1.76,32.79,25.6,41.7,88.7,Ruim,Mar,1,Outono,True,40.446,23.77,7.1025,14.08,3.279,PM2.5,25-28 °C,até 55%
2016,3,2016-03-01,Norte,PA,Santarém,28.8,65.06,29.33,0.99,33.51,29.5,51.8,60.78,Moderada,Mar,1,Outono,False,25.92,16.265,7.3325,7.92,3.351,PM2.5,acima de 28 °C,até 55%
2016,3,2016-03-01,Norte,RO,Porto Velho,46.49,77.72,30.8,0.5,55.97,28.7,50.3,78.59,Moderada,Mar,1,Outono,False,41.841,19.43,7.7,4.0,5.597,PM2.5,acima de 28 °C,até 55%
2016,3,2016-03-01,Norte,TO,Palmas,34.53,73.37,31.83,1.09,46.98,22.0,82.9,70.81,Moderada,Mar,1,Outono,False,31.077,18.3425,7.9575,8.72,4.6979999999999995,PM2.5,até 22 °C,70-85%
2016,3,2016-03-01,Nordeste,BA,Salvador,35.43,62.93,31.31,1.61,56.86,20.2,64.3,74.03,Moderada,Mar,1,Outono,False,31.887,15.7325,7.8275,12.88,5.686,PM2.5,até 22 °C,55-70%
2016,3,2016-03-01,Nordeste,BA,Feira de Santana,41.08,77.13,19.48,1.47,46.65,26.5,69.5,77.59,Moderada,Mar,1,Outono,False,36.972,19.2825,4.87,11.76,4.665,PM2.5,25-28 °C,55-70%
2016,3,2016-03-01,Nordeste,PE,Recife,34.41,61.77,31.29,1.45,60.29,21.1,63.5,71.83,Moderada,Mar,1,Outono,False,30.968999999999998,15.4425,7.8225,11.6,6.029,PM2.5,até 22 °C,55-70%
2016,3,2016-03-01,Nordeste,PE,Jaboatão dos Guararapes,29.41,84.3,29.61,0.78,61.83,26.5,71.3,67.41,Moderada,Mar,1,Outono,False,26.469,21.075,7.4025,6.24,6.183,PM2.5,25-28 °C,70-85%
2016,3,2016-03-01,Nordeste,CE,Fortaleza,34.46,61.36,31.18,1.13,44.75,21.6,60.9,67.68,Moderada,Mar,1,Outono,False,31.014000000000003,15.34,7.795,9.04,4.4750000000000005,PM2.5,até 22 °C,55-70%
2016,3,2016-03-01,Nordeste,CE,Juazeiro do Norte,33.37,72.53,11.44,1.11,48.0,27.1,81.2,64.75,Moderada,Mar,1,Outono,False,30.032999999999998,18.1325,2.86,8.88,4.800000000000001,PM2.5,25-28 °C,70-85%
2016,3,2016-03-01,Nordeste,MA,São Luís,32.13,86.42,5.12,0.75,38.22,26.5,64.1,61.66,Moderada,Mar,1,Outono,False,28.917,21.605,1.28,6.0,3.822,PM2.5,25-28 °C,55-70%
2016,3,2016-03-01,Nordeste,PB,João Pessoa,28.14,88.11,19.25,1.71,55.73,25.7,92.7,71.4,Moderada,Mar,1,Outono,False,25.326,22.0275,4.8125,13.68,5.573,PM2.5,25-28 °C,acima de 85%
2016,3,2016-03-01,Centro-Oeste,DF,Brasília,20.99,67.79,16.63,1.19,28.45,28.4,78.0,52.37,Moderada,Mar,1,Outono,False,18.891,16.9475,4.1575,9.52,2.845,PM2.5,acima de 28 °C,70-85%
2016,3,2016-03-01,Centro-Oeste,GO,Goiânia,33.07,82.6,16.98,0.75,46.43,24.4,43.5,65.28,Moderada,Mar,1,Outono,False,29.763,20.65,4.245,6.0,4.643,PM2.5,22-25 °C,até 55%
2016,3,2016-03-01,Centro-Oeste,GO,Aparecida de Goiânia,27.73,52.27,26.96,1.09,40.6,27.3,47.8,57.54,Moderada,Mar,1,Outono,False,24.957,13.0675,6.74,8.72,4.0600000000000005,PM2.5,25-28 °C,até 55%
2016,3,2016-03-01,Centro-Oeste,MT,Cuiabá,47.61,84.44,19.68,1.03,40.11,26.3,68.9,81.13,Ruim,Mar,1,Outono,True,42.849000000000004,21.11,4.92,8.24,4.011,PM2.5,25-28 °C,55-70%
2016,3,2016-03-01,Centro-Oeste,MS,Campo Grande,19.83,62.45,32.93,0.51,49.78,25.8,52.2,50.76,Moderada,Mar,1,Outono,False,17.846999999999998,15.6125,8.2325,4.08,4.978000000000001,PM2.5,25-28 °C,até 55%
2016,3,2016-03-01,Sudeste,SP,São Paulo,30.96,72.04,31.18,1.31,28.41,28.0,43.1,66.95,Moderada,Mar,1,Outono,False,27.864,18.01,7.795,10.48,2.841,PM2.5,25-28 °C,até 55%
2016,3,2016-03-01,Sudeste,SP,Campinas,25.96,73.96,31.54,1.5,30.71,25.6,60.6,64.84,Moderada,Mar,1,Outono,False,23.364,18.49,7.885,12.0,3.071,PM2.5,25-28 °C,55-70%
2016,3,2016-03-01,Sudeste,SP,Ribeirão Preto,29.67,81.68,24.76,0.38,43.22,24.9,60.5,60.64,Moderada,Mar,1,Outono,False,26.703000000000003,20.42,6.19,3.04,4.322,PM2.5,22-25 °C,55-70%
2016,3,2016-03-01,Sudeste,RJ,Rio de Janeiro,42.7,76.58,26.87,1.4,54.96,22.9,76.4,81.03,Ruim,Mar,1,Outono,True,38.43000000000001,19.145,6.7175,11.2,5.496,PM2.5,22-25 °C,70-85%
2016,3,2016-03-01,Sudeste,RJ,Niterói,40.48,49.64,15.89,1.55,50.56,30.2,82.3,70.31,Moderada,Mar,1,Outono,False,36.431999999999995,12.41,3.9725,12.4,5.056000000000001,PM2.5,acima de 28 °C,70-85%
2016,3,2016-03-01,Sudeste,RJ,Nova Iguaçu,28.95,92.33,21.51,0.71,35.32,24.3,94.5,63.75,Moderada,Mar,1,Outono,False,26.055,23.0825,5.3775,5.68,3.532,PM2.5,22-25 °C,acima de 85%
2016,3,2016-03-01,Sudeste,RJ,Petrópolis,31.2,44.7,34.04,1.77,64.65,25.4,78.4,68.38,Moderada,Mar,1,Outono,False,28.08,11.175,8.51,14.16,6.465000000000001,PM2.5,25-28 °C,70-85%
2016,3,2016-03-01,Sudeste,MG,Belo Horizonte,36.71,52.5,32.46,0.88,51.22,25.2,42.6,66.42,Moderada,Mar,1,Outono,False,33.039,13.125,8.115,7.04,5.122,PM2.5,25-28 °C,até 55%
2016,3,2016-03-01,Sudeste,MG,Uberlândia,48.58,78.25,14.8,0.52,43.07,24.7,63.8,75.45,Moderada,Mar,1,Outono,False,43.722,19.5625,3.7,4.16,4.307,PM2.5,22-25 °C,55-70%
2016,3,2016-03-01,Sudeste,MG,Juiz de Fora,33.46,70.45,26.87,1.34,38.74,21.9,45.8,69.04,Moderada,Mar,1,Outono,False,30.114,17.6125,6.7175,10.72,3.8740000000000006,PM2.5,até 22 °C,até 55%
2016,3,2016-03-01,Sudeste,ES,Vitória,43.81,76.26,27.54,1.42,33.88,22.8,41.3,80.1,Ruim,Mar,1,Outono,True,39.429,19.065,6.885,11.36,3.3880000000000003,PM2.5,22-25 °C,até 55%
2016,3,2016-03-01,Sudeste,ES,Vila Velha,29.61,64.74,22.26,0.97,41.77,22.6,78.9,60.37,Moderada,Mar,1,Outono,False,26.649,16.185,5.565,7.76,4.1770000000000005,PM2.5,22-25 °C,70-85%
2016,3,2016-03-01,Sudeste,ES,Serra,27.99,16.35,25.01,1.6,31.34,24.7,67.5,51.47,Moderada,Mar,1,Outono,False,25.191,4.0875,6.2525,12.8,3.1340000000000003,PM2.5,22-25 °C,55-70%
2016,3,2016-03-01,Sul,PR,Curitiba,37.45,75.63,27.81,1.15,31.61,27.1,58.0,71.95,Moderada,Mar,1,Outono,False,33.705000000000005,18.9075,6.9525,9.2,3.161,PM2.5,25-28 °C,55-70%
2016,3,2016-03-01,Sul,PR,Londrina,24.79,81.22,25.53,1.59,30.76,25.9,85.1,64.76,Moderada,Mar,1,Outono,False,22.311,20.305,6.3825,12.72,3.0760000000000005,PM2.5,25-28 °C,acima de 85%
2016,3,2016-03-01,Sul,SC,Florianópolis,26.53,79.33,19.01,1.67,43.52,25.9,58.3,66.16,Moderada,Mar,1,Outono,False,23.877000000000002,19.8325,4.7525,13.36,4.352,PM2.5,25-28 °C,55-70%
2016,3,2016-03-01,Sul,SC,Joinville,54.51,61.28,27.17,0.75,32.88,29.3,61.5,80.48,Ruim,Mar,1,Outono,True,49.059,15.32,6.7925,6.0,3.2880000000000003,PM2.5,acima de 28 °C,55-70%
2016,3,2016-03-01,Sul,RS,Porto Alegre,47.39,110.73,34.61,1.39,47.34,27.5,71.5,94.81,Ruim,Mar,1,Outono,True,42.651,27.6825,8.6525,11.12,4.734000000000001,PM2.5,25-28 °C,70-85%
2016,3,2016-03-01,Sul,RS,Caxias do Sul,38.39,79.38,14.64,0.99,41.56,22.4,71.4,70.14,Moderada,Mar,1,Outono,False,34.551,19.845,3.66,7.92,4.156000000000001,PM2.5,22-25 °C,70-85%
2016,4,2016-04-01,Norte,AM,Manaus,13.68,86.22,20.94,1.65,44.43,28.4,64.2,56.71,Moderada,Abr,2,Outono,False,12.312,21.555,5.235,13.2,4.4430000000000005,PM10,acima de 28 °C,55-70%
2016,4,2016-04-01,Norte,PA,Belém,35.58,54.31,24.24,0.96,44.09,23.7,68.3,63.72,Moderada,Abr,2,Outono,False,32.022,13.5775,6.06,7.68,4.409000000000001,PM2.5,22-25 °C,55-70%
2016,4,2016-04-01,Norte,PA,Santarém,26.62,52.69,13.6,0.85,29.11,22.6,76.9,50.2,Moderada,Abr,2,Outono,False,23.958000000000002,13.1725,3.4,6.8,2.911,PM2.5,22-25 °C,70-85%
2016,4,2016-04-01,Norte,RO,Porto Velho,37.89,57.36,16.0,0.81,29.05,27.6,94.1,61.83,Moderada,Abr,2,Outono,False,34.101,14.34,4.0,6.48,2.9050000000000002,PM2.5,25-28 °C,acima de 85%
2016,4,2016-04-01,Norte,TO,Palmas,29.54,94.22,25.31,1.01,31.38,31.9,42.1,67.69,Moderada,Abr,2,Outono,False,26.586,23.555,6.3275,8.08,3.138,PM2.5,acima de 28 °C,até 55%
2016,4,2016-04-01,Nordeste,BA,Salvador,31.82,79.06,22.85,1.08,44.4,21.7,85.9,67.22,Moderada,Abr,2,Outono,False,28.638,19.765,5.7125,8.64,4.44,PM2.5,até 22 °C,acima de 85%
2016,4,2016-04-01,Nordeste,BA,Feira de Santana,47.04,53.39,16.82,1.45,34.75,23.6,84.8,74.99,Moderada,Abr,2,Outono,False,42.336,13.3475,4.205,11.6,3.475,PM2.5,22-25 °C,70-85%
2016,4,2016-04-01,Nordeste,PE,Recife,48.45,91.98,21.86,1.34,32.23,29.9,80.8,86.03,Ruim,Abr,2,Outono,True,43.605000000000004,22.995,5.465,10.72,3.223,PM2.5,acima de 28 °C,70-85%
2016,4,2016-04-01,Nordeste,PE,Jaboatão dos Guararapes,39.77,46.89,18.63,1.5,41.0,23.5,75.0,68.28,Moderada,Abr,2,Outono,False,35.793000000000006,11.7225,4.6575,12.0,4.1000000000000005,PM2.5,22-25 °C,70-85%
2016,4,2016-04-01,Nordeste,CE,Fortaleza,41.09,81.42,28.94,0.97,37.41,29.3,87.4,76.09,Moderada,Abr,2,Outono,False,36.981,20.355,7.235,7.76,3.7409999999999997,PM2.5,acima de 28 °C,acima de 85%
2016,4,2016-04-01,Nordeste,CE,Juazeiro do Norte,36.25,78.1,17.9,1.74,39.57,20.9,53.3,74.53,Moderada,Abr,2,Outono,False,32.625,19.525,4.475,13.92,3.9570000000000003,PM2.5,até 22 °C,até 55%
2016,4,2016-04-01,Nordeste,MA,São Luís,31.59,104.52,13.93,1.74,46.91,26.6,71.9,76.68,Moderada,Abr,2,Outono,False,28.431,26.13,3.4825,13.92,4.691,PM2.5,25-28 °C,70-85%
2016,4,2016-04-01,Nordeste,PB,João Pessoa,21.72,69.01,20.64,0.86,31.39,26.0,54.0,52.0,Moderada,Abr,2,Outono,False,19.548,17.2525,5.16,6.88,3.1390000000000002,PM2.5,25-28 °C,até 55%
2016,4,2016-04-01,Centro-Oeste,DF,Brasília,31.9,120.14,22.54,1.72,39.46,26.2,43.2,82.13,Ruim,Abr,2,Outono,True,28.71,30.035,5.635,13.76,3.946,PM10,25-28 °C,até 55%
2016,4,2016-04-01,Centro-Oeste,GO,Goiânia,31.25,57.13,16.48,0.6,33.72,23.3,76.8,54.72,Moderada,Abr,2,Outono,False,28.125,14.2825,4.12,4.8,3.372,PM2.5,22-25 °C,70-85%
2016,4,2016-04-01,Centro-Oeste,GO,Aparecida de Goiânia,29.75,87.07,34.44,0.36,60.17,20.4,50.6,66.07,Moderada,Abr,2,Outono,False,26.775000000000002,21.7675,8.61,2.88,6.017,PM2.5,até 22 °C,até 55%
2016,4,2016-04-01,Centro-Oeste,MT,Cuiabá,32.63,32.62,34.1,0.94,37.08,24.0,77.0,57.28,Moderada,Abr,2,Outono,False,29.367000000000004,8.155,8.525,7.52,3.708,PM2.5,22-25 °C,70-85%
2016,4,2016-04-01,Centro-Oeste,MS,Campo Grande,42.95,67.52,24.13,1.66,39.6,22.2,71.4,78.8,Moderada,Abr,2,Outono,False,38.655,16.88,6.0325,13.28,3.9600000000000004,PM2.5,22-25 °C,70-85%
2016,4,2016-04-01,Sudeste,SP,São Paulo,38.62,75.55,12.24,1.15,41.53,29.0,54.2,70.09,Moderada,Abr,2,Outono,False,34.757999999999996,18.8875,3.06,9.2,4.1530000000000005,PM2.5,acima de 28 °C,até 55%
2016,4,2016-04-01,Sudeste,SP,Campinas,47.7,54.91,19.37,0.86,28.39,29.9,48.2,71.19,Moderada,Abr,2,Outono,False,42.93000000000001,13.7275,4.8425,6.88,2.8390000000000004,PM2.5,acima de 28 °C,até 55%
2016,4,2016-04-01,Sudeste,SP,Ribeirão Preto,37.62,57.04,29.52,1.7,41.18,26.1,63.5,73.19,Moderada,Abr,2,Outono,False,33.858,14.26,7.38,13.6,4.118,PM2.5,25-28 °C,55-70%
2016,4,2016-04-01,Sudeste,RJ,Rio de Janeiro,36.62,50.2,36.51,1.55,39.08,25.5,64.7,70.95,Moderada,Abr,2,Outono,False,32.958,12.55,9.1275,12.4,3.908,PM2.5,25-28 °C,55-70%
2016,4,2016-04-01,Sudeste,RJ,Niterói,40.68,81.8,24.14,1.21,37.75,25.7,51.0,76.52,Moderada,Abr,2,Outono,False,36.612,20.45,6.035,9.68,3.7750000000000004,PM2.5,25-28 °C,até 55%
2016,4,2016-04-01,Sudeste,RJ,Nova Iguaçu,39.43,89.03,30.17,0.46,44.71,28.4,66.7,73.43,Moderada,Abr,2,Outono,False,35.487,22.2575,7.5425,3.68,4.471,PM2.5,acima de 28 °C,55-70%
2016,4,2016-04-01,Sudeste,RJ,Petrópolis,33.55,82.18,17.46,0.77,41.71,30.2,80.3,65.48,Moderada,Abr,2,Outono,False,30.194999999999997,20.545,4.365,6.16,4.171,PM2.5,acima de 28 °C,70-85%
2016,4,2016-04-01,Sudeste,MG,Belo Horizonte,34.41,86.98,20.97,0.37,41.96,22.0,41.6,65.11,Moderada,Abr,2,Outono,False,30.968999999999998,21.745,5.2425,2.96,4.196000000000001,PM2.5,até 22 °C,até 55%
2016,4,2016-04-01,Sudeste,MG,Uberlândia,48.18,58.63,11.61,1.14,41.13,24.0,47.0,74.17,Moderada,Abr,2,Outono,False,43.362,14.6575,2.9025,9.12,4.113,PM2.5,22-25 °C,até 55%
2016,4,2016-04-01,Sudeste,MG,Juiz de Fora,32.84,59.11,23.85,1.5,45.42,28.6,88.0,66.87,Moderada,Abr,2,Outono,False,29.556000000000004,14.7775,5.9625,12.0,4.542000000000001,PM2.5,acima de 28 °C,acima de 85%
2016,4,2016-04-01,Sudeste,ES,Vitória,34.8,48.63,33.97,1.06,34.64,21.7,85.3,63.89,Moderada,Abr,2,Outono,False,31.319999999999997,12.1575,8.4925,8.48,3.4640000000000004,PM2.5,até 22 °C,acima de 85%
2016,4,2016-04-01,Sudeste,ES,Vila Velha,30.94,63.1,37.44,1.28,48.24,27.2,68.2,68.02,Moderada,Abr,2,Outono,False,27.846,15.775,9.36,10.24,4.824000000000001,PM2.5,25-28 °C,55-70%
2016,4,2016-04-01,Sudeste,ES,Serra,51.39,55.03,10.46,1.73,41.34,23.4,72.8,80.56,Ruim,Abr,2,Outono,True,46.251000000000005,13.7575,2.615,13.84,4.134,PM2.5,22-25 °C,70-85%
2016,4,2016-04-01,Sul,PR,Curitiba,31.62,39.37,20.16,0.88,35.93,26.4,62.3,53.95,Moderada,Abr,2,Outono,False,28.458000000000002,9.8425,5.04,7.04,3.593,PM2.5,25-28 °C,55-70%
2016,4,2016-04-01,Sul,PR,Londrina,39.85,62.96,9.36,1.02,37.36,25.3,59.9,65.88,Moderada,Abr,2,Outono,False,35.865,15.74,2.34,8.16,3.736,PM2.5,25-28 °C,55-70%
2016,4,2016-04-01,Sul,SC,Florianópolis,36.46,70.52,16.84,1.65,22.65,26.8,57.9,70.12,Moderada,Abr,2,Outono,False,32.814,17.63,4.21,13.2,2.265,PM2.5,25-28 °C,55-70%
2016,4,2016-04-01,Sul,SC,Joinville,17.53,51.64,20.39,1.39,36.46,29.4,46.5,48.58,Boa,Abr,2,Outono,False,15.777000000000001,12.91,5.0975,11.12,3.6460000000000004,PM2.5,acima de 28 °C,até 55%
2016,4,2016-04-01,Sul,RS,Porto Alegre,18.51,98.44,24.06,0.82,33.72,21.7,62.2,57.23,Moderada,Abr,2,Outono,False,16.659000000000002,24.61,6.015,6.56,3.372,PM10,até 22 °C,55-70%
2016,4,2016-04-01,Sul,RS,Caxias do Sul,22.52,56.76,25.93,1.09,45.13,27.1,67.3,54.13,Moderada,Abr,2,Outono,False,20.268,14.19,6.4825,8.72,4.513000000000001,PM2.5,25-28 °C,55-70%
2016,5,2016-05-01,Norte,AM,Manaus,34.5,73.82,21.13,1.63,44.26,20.9,78.5,72.22,Moderada,Mai,2,Outono,False,31.05,18.455,5.2825,13.04,4.426,PM2.5,até 22 °C,70-85%
2016,5,2016-05-01,Norte,PA,Belém,29.63,83.26,24.23,1.24,45.88,29.5,76.9,68.06,Moderada,Mai,2,Outono,False,26.666999999999998,20.815,6.0575,9.92,4.588,PM2.5,acima de 28 °C,70-85%
2016,5,2016-05-01,Norte,PA,Santarém,45.22,64.77,29.31,0.78,37.25,22.8,44.1,74.19,Moderada,Mai,2,Outono,False,40.698,16.1925,7.3275,6.24,3.725,PM2.5,22-25 °C,até 55%
2016,5,2016-05-01,Norte,RO,Porto Velho,46.63,54.96,38.74,1.24,33.07,29.6,56.1,78.66,Moderada,Mai,2,Outono,False,41.967000000000006,13.74,9.685,9.92,3.3070000000000004,PM2.5,acima de 28 °C,55-70%
2016,5,2016-05-01,Norte,TO,Palmas,33.86,84.17,19.2,0.95,46.01,22.7,90.4,68.48,Moderada,Mai,2,Outono,False,30.474,21.0425,4.8,7.6,4.601,PM2.5,22-25 °C,acima de 85%
2016,5,2016-05-01,Nordeste,BA,Salvador,41.69,73.81,15.58,0.46,42.81,27.3,55.4,67.83,Moderada,Mai,2,Outono,False,37.521,18.4525,3.895,3.68,4.281000000000001,PM2.5,25-28 °C,55-70%
2016,5,2016-05-01,Nordeste,BA,Feira de Santana,52.16,38.68,41.79,0.34,24.51,22.2,52.7,72.25,Moderada,Mai,2,Outono,False,46.943999999999996,9.67,10.4475,2.72,2.4510000000000005,PM2.5,22-25 °C,até 55%
2016,5,2016-05-01,Nordeste,PE,Recife,34.68,65.58,15.94,1.4,34.81,25.3,41.1,66.27,Moderada,Mai,2,Outono,False,31.212,16.395,3.985,11.2,3.4810000000000003,PM2.5,25-28 °C,até 55%
2016,5,2016-05-01,Nordeste,PE,Jaboatão dos Guararapes,30.03,56.15,41.38,0.67,42.91,25.6,48.0,61.1,Moderada,Mai,2,Outono,False,27.027,14.0375,10.345,5.36,4.2909999999999995,PM2.5,25-28 °C,até 55%
2016,5,2016-05-01,Nordeste,CE,Fortaleza,46.33,88.02,23.2,0.37,56.73,27.3,57.7,78.12,Moderada,Mai,2,Outono,False,41.697,22.005,5.8,2.96,5.673,PM2.5,25-28 °C,55-70%
2016,5,2016-05-01,Nordeste,CE,Juazeiro do Norte,41.28,91.86,21.84,1.23,36.53,24.1,45.2,79.03,Moderada,Mai,2,Outono,False,37.152,22.965,5.46,9.84,3.6530000000000005,PM2.5,22-25 °C,até 55%
2016,5,2016-05-01,Nordeste,MA,São Luís,33.85,65.17,27.47,1.1,31.89,22.1,62.5,65.6,Moderada,Mai,2,Outono,False,30.465000000000003,16.2925,6.8675,8.8,3.189,PM2.5,22-25 °C,55-70%
2016,5,2016-05-01,Nordeste,PB,João Pessoa,30.25,92.09,15.07,1.22,33.34,22.2,43.5,67.11,Moderada,Mai,2,Outono,False,27.225,23.0225,3.7675,9.76,3.3340000000000005,PM2.5,22-25 °C,até 55%
2016,5,2016-05-01,Centro-Oeste,DF,Brasília,34.41,51.45,21.03,1.03,47.38,25.4,74.2,62.08,Moderada,Mai,2,Outono,False,30.968999999999998,12.8625,5.2575,8.24,4.738,PM2.5,25-28 °C,70-85%
2016,5,2016-05-01,Centro-Oeste,GO,Goiânia,40.39,22.17,27.65,1.08,32.87,27.4,62.4,60.77,Moderada,Mai,2,Outono,False,36.351,5.5425,6.9125,8.64,3.287,PM2.5,25-28 °C,55-70%
2016,5,2016-05-01,Centro-Oeste,GO,Aparecida de Goiânia,32.45,47.16,23.84,0.96,47.65,24.6,57.8,59.38,Moderada,Mai,2,Outono,False,29.205000000000002,11.79,5.96,7.68,4.765,PM2.5,22-25 °C,55-70%
2016,5,2016-05-01,Centro-Oeste,MT,Cuiabá,21.27,85.93,33.26,0.82,24.49,23.2,93.5,57.93,Moderada,Mai,2,Outono,False,19.143,21.4825,8.315,6.56,2.449,PM10,22-25 °C,acima de 85%
2016,5,2016-05-01,Centro-Oeste,MS,Campo Grande,28.43,72.71,31.08,1.06,53.88,20.7,92.0,65.4,Moderada,Mai,2,Outono,False,25.587,18.1775,7.77,8.48,5.388000000000001,PM2.5,até 22 °C,acima de 85%
2016,5,2016-05-01,Sudeste,SP,São Paulo,34.67,65.82,27.16,0.42,48.37,27.9,57.6,62.64,Moderada,Mai,2,Outono,False,31.203000000000003,16.455,6.79,3.36,4.837,PM2.5,25-28 °C,55-70%
2016,5,2016-05-01,Sudeste,SP,Campinas,37.6,68.19,14.07,0.95,35.71,29.3,87.0,65.58,Moderada,Mai,2,Outono,False,33.84,17.0475,3.5175,7.6,3.571,PM2.5,acima de 28 °C,acima de 85%
2016,5,2016-05-01,Sudeste,SP,Ribeirão Preto,16.12,40.74,36.35,0.84,49.51,25.8,73.0,45.43,Boa,Mai,2,Outono,False,14.508000000000001,10.185,9.0875,6.72,4.9510000000000005,PM2.5,25-28 °C,70-85%
2016,5,2016-05-01,Sudeste,RJ,Rio de Janeiro,26.08,86.79,42.73,1.15,21.99,20.8,69.4,67.24,Moderada,Mai,2,Outono,False,23.471999999999998,21.6975,10.6825,9.2,2.199,PM2.5,até 22 °C,55-70%
2016,5,2016-05-01,Sudeste,RJ,Niterói,25.48,59.92,16.78,1.55,44.56,24.4,48.7,58.94,Moderada,Mai,2,Outono,False,22.932000000000002,14.98,4.195,12.4,4.456,PM2.5,22-25 °C,até 55%
2016,5,2016-05-01,Sudeste,RJ,Nova Iguaçu,39.06,90.48,20.64,0.35,32.08,24.4,42.3,68.93,Moderada,Mai,2,Outono,False,35.154,22.62,5.16,2.8,3.208,PM2.5,22-25 °C,até 55%
2016,5,2016-05-01,Sudeste,RJ,Petrópolis,37.11,50.34,42.07,1.19,24.54,25.9,47.3,68.46,Moderada,Mai,2,Outono,False,33.399,12.585,10.5175,9.52,2.454,PM2.5,25-28 °C,até 55%
2016,5,2016-05-01,Sudeste,MG,Belo Horizonte,9.68,98.88,36.87,0.81,27.24,21.1,64.2,51.88,Moderada,Mai,2,Outono,False,8.712,24.72,9.2175,6.48,2.724,PM10,até 22 °C,55-70%
2016,5,2016-05-01,Sudeste,MG,Uberlândia,31.67,91.84,33.26,0.51,46.81,26.2,93.9,68.55,Moderada,Mai,2,Outono,False,28.503000000000004,22.96,8.315,4.08,4.681,PM2.5,25-28 °C,acima de 85%
2016,5,2016-05-01,Sudeste,MG,Juiz de Fora,59.14,35.4,26.0,1.25,33.86,27.7,40.3,81.93,Ruim,Mai,2,Outono,True,53.226,8.85,6.5,10.0,3.386,PM2.5,25-28 °C,até 55%
2016,5,2016-05-01,Sudeste,ES,Vitória,32.56,40.43,13.11,1.02,24.1,18.6,46.1,53.29,Moderada,Mai,2,Outono,False,29.304000000000002,10.1075,3.2775,8.16,2.41,PM2.5,até 22 °C,até 55%
2016,5,2016-05-01,Sudeste,ES,Vila Velha,32.38,39.35,27.95,1.52,22.93,24.1,85.2,60.42,Moderada,Mai,2,Outono,False,29.142000000000003,9.8375,6.9875,12.16,2.293,PM2.5,22-25 °C,acima de 85%
2016,5,2016-05-01,Sudeste,ES,Serra,31.15,71.56,8.84,1.46,37.55,24.4,76.5,63.55,Moderada,Mai,2,Outono,False,28.035,17.89,2.21,11.68,3.755,PM2.5,22-25 °C,70-85%
2016,5,2016-05-01,Sul,PR,Curitiba,54.65,79.77,22.04,0.43,41.01,21.8,49.5,82.18,Ruim,Mai,2,Outono,True,49.185,19.9425,5.51,3.44,4.101,PM2.5,até 22 °C,até 55%
2016,5,2016-05-01,Sul,PR,Londrina,19.9,92.46,22.79,1.09,35.55,23.2,79.3,59.01,Moderada,Mai,2,Outono,False,17.91,23.115,5.6975,8.72,3.5549999999999997,PM10,22-25 °C,70-85%
2016,5,2016-05-01,Sul,SC,Florianópolis,30.15,66.39,35.95,1.07,50.66,26.9,61.8,66.34,Moderada,Mai,2,Outono,False,27.134999999999998,16.5975,8.9875,8.56,5.066,PM2.5,25-28 °C,55-70%
2016,5,2016-05-01,Sul,SC,Joinville,33.98,53.17,30.3,0.82,35.23,23.3,53.6,61.56,Moderada,Mai,2,Outono,False,30.581999999999997,13.2925,7.575,6.56,3.5229999999999997,PM2.5,22-25 °C,até 55%
2016,5,2016-05-01,Sul,RS,Porto Alegre,32.48,40.63,30.41,0.91,37.74,23.5,91.8,58.08,Moderada,Mai,2,Outono,False,29.232,10.1575,7.6025,7.28,3.7740000000000005,PM2.5,22-25 °C,acima de 85%
2016,5,2016-05-01,Sul,RS,Caxias do Sul,36.9,64.23,21.8,0.83,43.0,26.2,93.2,65.62,Moderada,Mai,2,Outono,False,33.21,16.0575,5.45,6.64,4.3,PM2.5,25-28 °C,acima de 85%
2016,6,2016-06-01,Norte,AM,Manaus,40.09,61.71,34.63,0.36,40.31,30.5,90.3,67.08,Moderada,Jun,2,Inverno,False,36.081,15.4275,8.6575,2.88,4.031000000000001,PM2.5,acima de 28 °C,acima de 85%
2016,6,2016-06-01,Norte,PA,Belém,40.62,75.15,13.23,0.51,32.81,23.5,73.2,66.03,Moderada,Jun,2,Inverno,False,36.558,18.7875,3.3075,4.08,3.2810000000000006,PM2.5,22-25 °C,70-85%
2016,6,2016-06-01,Norte,PA,Santarém,31.52,104.0,26.82,0.56,44.16,30.1,48.4,69.99,Moderada,Jun,2,Inverno,False,28.368,26.0,6.705,4.48,4.4159999999999995,PM2.5,acima de 28 °C,até 55%
2016,6,2016-06-01,Norte,RO,Porto Velho,25.12,87.94,32.27,0.98,42.22,24.8,70.2,64.69,Moderada,Jun,2,Inverno,False,22.608,21.985,8.0675,7.84,4.222,PM2.5,22-25 °C,70-85%
2016,6,2016-06-01,Norte,TO,Palmas,33.53,46.42,39.75,1.63,35.07,24.5,93.9,68.23,Moderada,Jun,2,Inverno,False,30.177000000000003,11.605,9.9375,13.04,3.507,PM2.5,22-25 °C,acima de 85%
2016,6,2016-06-01,Nordeste,BA,Salvador,41.7,74.67,13.95,0.5,37.47,23.8,57.0,67.42,Moderada,Jun,2,Inverno,False,37.53,18.6675,3.4875,4.0,3.747,PM2.5,22-25 °C,55-70%
2016,6,2016-06-01,Nordeste,BA,Feira de Santana,27.53,59.45,23.5,1.29,29.05,25.2,59.7,58.7,Moderada,Jun,2,Inverno,False,24.777,14.8625,5.875,10.32,2.9050000000000002,PM2.5,25-28 °C,55-70%
2016,6,2016-06-01,Nordeste,PE,Recife,48.87,101.24,26.73,1.68,47.0,25.2,41.7,94.13,Ruim,Jun,2,Inverno,True,43.983,25.31,6.6825,13.44,4.7,PM2.5,25-28 °C,até 55%
2016,6,2016-06-01,Nordeste,PE,Jaboatão dos Guararapes,36.08,81.13,23.54,1.32,38.07,25.0,42.3,72.99,Moderada,Jun,2,Inverno,False,32.472,20.2825,5.885,10.56,3.8070000000000004,PM2.5,22-25 °C,até 55%
2016,6,2016-06-01,Nordeste,CE,Fortaleza,29.71,46.04,20.63,1.74,35.25,25.8,92.6,60.83,Moderada,Jun,2,Inverno,False,26.739,11.51,5.1575,13.92,3.5250000000000004,PM2.5,25-28 °C,acima de 85%
2016,6,2016-06-01,Nordeste,CE,Juazeiro do Norte,33.62,50.77,41.86,1.05,40.58,28.6,83.7,65.86,Moderada,Jun,2,Inverno,False,30.258,12.6925,10.465,8.4,4.058,PM2.5,acima de 28 °C,70-85%
2016,6,2016-06-01,Nordeste,MA,São Luís,37.39,67.28,32.63,1.08,25.35,26.6,63.0,69.78,Moderada,Jun,2,Inverno,False,33.651,16.82,8.1575,8.64,2.535,PM2.5,25-28 °C,55-70%
2016,6,2016-06-01,Nordeste,PB,João Pessoa,33.2,48.15,31.1,0.59,43.99,22.9,77.6,58.8,Moderada,Jun,2,Inverno,False,29.880000000000003,12.0375,7.775,4.72,4.399,PM2.5,22-25 °C,70-85%
2016,6,2016-06-01,Centro-Oeste,DF,Brasília,42.08,71.24,25.33,1.14,30.87,27.2,84.0,74.26,Moderada,Jun,2,Inverno,False,37.872,17.81,6.3325,9.12,3.087,PM2.5,25-28 °C,70-85%
2016,6,2016-06-01,Centro-Oeste,GO,Goiânia,27.91,24.76,19.37,1.61,17.12,26.8,54.8,50.77,Moderada,Jun,2,Inverno,False,25.119,6.19,4.8425,12.88,1.7120000000000002,PM2.5,25-28 °C,até 55%
2016,6,2016-06-01,Centro-Oeste,GO,Aparecida de Goiânia,28.93,63.99,17.14,1.66,46.12,25.8,45.1,64.2,Moderada,Jun,2,Inverno,False,26.037,15.9975,4.285,13.28,4.612,PM2.5,25-28 °C,até 55%
2016,6,2016-06-01,Centro-Oeste,MT,Cuiabá,32.23,54.81,30.33,1.04,52.37,26.3,51.6,63.83,Moderada,Jun,2,Inverno,False,29.006999999999998,13.7025,7.5825,8.32,5.237,PM2.5,25-28 °C,até 55%
2016,6,2016-06-01,Centro-Oeste,MS,Campo Grande,24.21,89.83,25.6,1.3,33.11,25.0,40.4,64.37,Moderada,Jun,2,Inverno,False,21.789,22.4575,6.4,10.4,3.311,PM10,22-25 °C,até 55%
2016,6,2016-06-01,Sudeste,SP,São Paulo,44.6,59.86,32.11,0.37,35.39,21.7,84.3,69.63,Moderada,Jun,2,Inverno,False,40.14,14.965,8.0275,2.96,3.539,PM2.5,até 22 °C,70-85%
2016,6,2016-06-01,Sudeste,SP,Campinas,63.65,51.99,23.5,1.47,44.96,27.8,53.6,92.41,Ruim,Jun,2,Inverno,True,57.285,12.9975,5.875,11.76,4.496,PM2.5,25-28 °C,até 55%
2016,6,2016-06-01,Sudeste,SP,Ribeirão Preto,42.53,63.12,24.62,0.5,42.71,24.4,49.0,68.49,Moderada,Jun,2,Inverno,False,38.277,15.78,6.155,4.0,4.271,PM2.5,22-25 °C,até 55%
2016,6,2016-06-01,Sudeste,RJ,Rio de Janeiro,32.5,72.13,16.16,1.62,49.14,26.1,71.3,69.23,Moderada,Jun,2,Inverno,False,29.25,18.0325,4.04,12.96,4.914000000000001,PM2.5,25-28 °C,70-85%
2016,6,2016-06-01,Sudeste,RJ,Niterói,35.14,98.35,16.06,1.35,53.4,23.9,40.3,76.39,Moderada,Jun,2,Inverno,False,31.626,24.5875,4.015,10.8,5.34,PM2.5,22-25 °C,até 55%
2016,6,2016-06-01,Sudeste,RJ,Nova Iguaçu,27.11,80.24,10.91,0.93,34.97,30.2,55.6,58.11,Moderada,Jun,2,Inverno,False,24.399,20.06,2.7275,7.44,3.497,PM2.5,acima de 28 °C,55-70%
2016,6,2016-06-01,Sudeste,RJ,Petrópolis,19.45,51.56,20.53,1.42,32.76,28.1,55.6,50.13,Moderada,Jun,2,Inverno,False,17.505,12.89,5.1325,11.36,3.276,PM2.5,acima de 28 °C,55-70%
2016,6,2016-06-01,Sudeste,MG,Belo Horizonte,40.03,64.67,17.53,1.29,41.98,25.7,85.0,71.09,Moderada,Jun,2,Inverno,False,36.027,16.1675,4.3825,10.32,4.1979999999999995,PM2.5,25-28 °C,70-85%
2016,6,2016-06-01,Sudeste,MG,Uberlândia,36.76,86.83,25.44,1.42,39.35,25.1,75.5,76.46,Moderada,Jun,2,Inverno,False,33.083999999999996,21.7075,6.36,11.36,3.9350000000000005,PM2.5,25-28 °C,70-85%
2016,6,2016-06-01,Sudeste,MG,Juiz de Fora,35.27,59.71,21.03,0.59,44.1,29.5,49.1,61.04,Moderada,Jun,2,Inverno,False,31.743000000000002,14.9275,5.2575,4.72,4.41,PM2.5,acima de 28 °C,até 55%
2016,6,2016-06-01,Sudeste,ES,Vitória,31.42,80.38,18.26,1.68,48.96,20.2,45.4,71.24,Moderada,Jun,2,Inverno,False,28.278000000000002,20.095,4.565,13.44,4.896000000000001,PM2.5,até 22 °C,até 55%
2016,6,2016-06-01,Sudeste,ES,Vila Velha,38.39,58.31,14.88,1.6,43.89,25.4,47.2,70.03,Moderada,Jun,2,Inverno,False,34.551,14.5775,3.72,12.8,4.389,PM2.5,25-28 °C,até 55%
2016,6,2016-06-01,Sudeste,ES,Serra,54.78,66.12,25.4,0.47,22.81,28.3,53.1,78.25,Moderada,Jun,2,Inverno,False,49.302,16.53,6.35,3.76,2.281,PM2.5,acima de 28 °C,até 55%
2016,6,2016-06-01,Sul,PR,Curitiba,26.39,84.2,39.23,0.64,54.03,27.4,60.8,65.17,Moderada,Jun,2,Inverno,False,23.751,21.05,9.8075,5.12,5.4030000000000005,PM2.5,25-28 °C,55-70%
2016,6,2016-06-01,Sul,PR,Londrina,43.63,83.85,13.64,0.59,29.4,22.9,49.4,71.27,Moderada,Jun,2,Inverno,False,39.267,20.9625,3.41,4.72,2.94,PM2.5,22-25 °C,até 55%
2016,6,2016-06-01,Sul,SC,Florianópolis,46.52,61.97,23.22,1.29,34.9,27.6,58.9,76.99,Moderada,Jun,2,Inverno,False,41.868,15.4925,5.805,10.32,3.49,PM2.5,25-28 °C,55-70%
2016,6,2016-06-01,Sul,SC,Joinville,35.65,136.45,17.36,1.18,43.08,25.9,56.6,84.25,Ruim,Jun,2,Inverno,True,32.085,34.1125,4.34,9.44,4.308,PM10,25-28 °C,55-70%
2016,6,2016-06-01,Sul,RS,Porto Alegre,34.21,61.84,35.46,1.7,42.54,23.0,93.5,72.93,Moderada,Jun,2,Inverno,False,30.789,15.46,8.865,13.6,4.2540000000000004,PM2.5,22-25 °C,acima de 85%
2016,6,2016-06-01,Sul,RS,Caxias do Sul,55.71,80.09,30.59,1.15,42.25,25.7,94.3,91.26,Ruim,Jun,2,Inverno,True,50.139,20.0225,7.6475,9.2,4.2250000000000005,PM2.5,25-28 °C,acima de 85%
2016,7,2016-07-01,Norte,AM,Manaus,26.65,71.0,17.53,0.9,43.26,25.3,46.1,57.63,Moderada,Jul,3,Inverno,False,23.985,17.75,4.3825,7.2,4.326,PM2.5,25-28 °C,até 55%
2016,7,2016-07-01,Norte,PA,Belém,37.1,68.12,38.55,0.75,45.43,26.1,84.8,70.6,Moderada,Jul,3,Inverno,False,33.39,17.03,9.6375,6.0,4.543,PM2.5,25-28 °C,70-85%
2016,7,2016-07-01,Norte,PA,Santarém,29.31,78.78,37.66,1.07,16.38,27.6,76.4,65.68,Moderada,Jul,3,Inverno,False,26.378999999999998,19.695,9.415,8.56,1.638,PM2.5,25-28 °C,70-85%
2016,7,2016-07-01,Norte,RO,Porto Velho,37.76,53.83,21.0,1.79,43.0,22.7,83.7,71.3,Moderada,Jul,3,Inverno,False,33.984,13.4575,5.25,14.32,4.3,PM2.5,22-25 °C,70-85%
2016,7,2016-07-01,Norte,TO,Palmas,47.58,67.45,38.62,1.59,51.19,23.7,66.0,87.16,Ruim,Jul,3,Inverno,True,42.822,16.8625,9.655,12.72,5.119,PM2.5,22-25 °C,55-70%
2016,7,2016-07-01,Nordeste,BA,Salvador,36.3,85.3,30.39,1.4,47.54,22.7,60.7,77.51,Moderada,Jul,3,Inverno,False,32.67,21.325,7.5975,11.2,4.7540000000000004,PM2.5,22-25 °C,55-70%
2016,7,2016-07-01,Nordeste,BA,Feira de Santana,37.35,78.34,17.33,1.73,35.52,27.4,63.4,74.94,Moderada,Jul,3,Inverno,False,33.615,19.585,4.3325,13.84,3.5520000000000005,PM2.5,25-28 °C,55-70%
2016,7,2016-07-01,Nordeste,PE,Recife,33.28,50.4,15.1,1.29,46.11,24.9,66.0,61.22,Moderada,Jul,3,Inverno,False,29.952,12.6,3.775,10.32,4.611,PM2.5,22-25 °C,55-70%
2016,7,2016-07-01,Nordeste,PE,Jaboatão dos Guararapes,38.11,44.13,13.6,1.55,32.34,24.9,72.9,64.34,Moderada,Jul,3,Inverno,False,34.299,11.0325,3.4,12.4,3.2340000000000004,PM2.5,22-25 °C,70-85%
2016,7,2016-07-01,Nordeste,CE,Fortaleza,38.63,73.38,28.86,1.74,44.69,28.4,78.2,78.74,Moderada,Jul,3,Inverno,False,34.767,18.345,7.215,13.92,4.469,PM2.5,acima de 28 °C,70-85%
2016,7,2016-07-01,Nordeste,CE,Juazeiro do Norte,37.56,60.1,24.44,0.62,46.18,25.4,42.3,64.53,Moderada,Jul,3,Inverno,False,33.804,15.025,6.11,4.96,4.618,PM2.5,25-28 °C,até 55%
2016,7,2016-07-01,Nordeste,MA,São Luís,18.94,95.81,28.13,0.37,47.32,23.0,93.5,55.73,Moderada,Jul,3,Inverno,False,17.046000000000003,23.9525,7.0325,2.96,4.732,PM10,22-25 °C,acima de 85%
2016,7,2016-07-01,Nordeste,PB,João Pessoa,28.64,68.17,12.37,0.68,43.65,25.8,52.7,55.73,Moderada,Jul,3,Inverno,False,25.776,17.0425,3.0925,5.44,4.365,PM2.5,25-28 °C,até 55%
2016,7,2016-07-01,Centro-Oeste,DF,Brasília,40.88,59.21,23.4,1.13,44.28,29.0,52.0,70.93,Moderada,Jul,3,Inverno,False,36.792,14.8025,5.85,9.04,4.428,PM2.5,acima de 28 °C,até 55%
2016,7,2016-07-01,Centro-Oeste,GO,Goiânia,46.79,63.36,11.17,1.37,40.57,21.6,72.1,75.8,Moderada,Jul,3,Inverno,False,42.111,15.84,2.7925,10.96,4.057,PM2.5,até 22 °C,70-85%
2016,7,2016-07-01,Centro-Oeste,GO,Aparecida de Goiânia,26.14,76.56,15.31,0.34,37.35,23.7,81.0,52.97,Moderada,Jul,3,Inverno,False,23.526,19.14,3.8275,2.72,3.7350000000000003,PM2.5,22-25 °C,70-85%
2016,7,2016-07-01,Centro-Oeste,MT,Cuiabá,34.45,104.22,26.43,1.2,37.76,21.8,85.2,77.01,Moderada,Jul,3,Inverno,False,31.005000000000003,26.055,6.6075,9.6,3.776,PM2.5,até 22 °C,acima de 85%
2016,7,2016-07-01,Centro-Oeste,MS,Campo Grande,15.01,87.69,27.52,1.4,50.0,21.6,66.4,58.52,Moderada,Jul,3,Inverno,False,13.509,21.9225,6.88,11.2,5.0,PM10,até 22 °C,55-70%
2016,7,2016-07-01,Sudeste,SP,São Paulo,31.65,92.02,25.12,0.76,27.11,25.3,62.0,66.56,Moderada,Jul,3,Inverno,False,28.485,23.005,6.28,6.08,2.7110000000000003,PM2.5,25-28 °C,55-70%
2016,7,2016-07-01,Sudeste,SP,Campinas,49.37,67.75,24.68,0.37,51.11,23.5,71.6,75.65,Moderada,Jul,3,Inverno,False,44.433,16.9375,6.17,2.96,5.111000000000001,PM2.5,22-25 °C,70-85%
2016,7,2016-07-01,Sudeste,SP,Ribeirão Preto,27.25,72.99,26.4,0.83,23.0,21.8,93.7,58.29,Moderada,Jul,3,Inverno,False,24.525000000000002,18.2475,6.6,6.64,2.3000000000000003,PM2.5,até 22 °C,acima de 85%
2016,7,2016-07-01,Sudeste,RJ,Rio de Janeiro,20.9,59.57,20.29,1.67,37.33,23.0,93.1,55.85,Moderada,Jul,3,Inverno,False,18.81,14.8925,5.0725,13.36,3.733,PM2.5,22-25 °C,acima de 85%
2016,7,2016-07-01,Sudeste,RJ,Niterói,31.11,50.31,11.83,1.04,34.14,27.3,82.5,55.3,Moderada,Jul,3,Inverno,False,27.999,12.5775,2.9575,8.32,3.414,PM2.5,25-28 °C,70-85%
2016,7,2016-07-01,Sudeste,RJ,Nova Iguaçu,35.04,67.33,37.27,1.75,70.28,26.2,50.5,78.75,Moderada,Jul,3,Inverno,False,31.536,16.8325,9.3175,14.0,7.0280000000000005,PM2.5,25-28 °C,até 55%
2016,7,2016-07-01,Sudeste,RJ,Petrópolis,39.77,42.36,18.97,1.23,25.94,25.6,94.5,63.58,Moderada,Jul,3,Inverno,False,35.793000000000006,10.59,4.7425,9.84,2.5940000000000003,PM2.5,25-28 °C,acima de 85%
2016,7,2016-07-01,Sudeste,MG,Belo Horizonte,34.33,56.3,27.17,0.45,31.07,26.5,88.1,58.44,Moderada,Jul,3,Inverno,False,30.897,14.075,6.7925,3.6,3.107,PM2.5,25-28 °C,acima de 85%
2016,7,2016-07-01,Sudeste,MG,Uberlândia,27.56,90.29,10.02,1.24,50.76,27.4,63.6,64.85,Moderada,Jul,3,Inverno,False,24.804,22.5725,2.505,9.92,5.0760000000000005,PM2.5,25-28 °C,55-70%
2016,7,2016-07-01,Sudeste,MG,Juiz de Fora,49.47,82.53,9.71,1.56,42.14,19.2,50.8,84.25,Ruim,Jul,3,Inverno,True,44.523,20.6325,2.4275,12.48,4.214,PM2.5,até 22 °C,até 55%
2016,7,2016-07-01,Sudeste,ES,Vitória,21.5,82.11,33.42,0.8,43.08,21.3,66.2,58.94,Moderada,Jul,3,Inverno,False,19.35,20.5275,8.355,6.4,4.308,PM10,até 22 °C,55-70%
2016,7,2016-07-01,Sudeste,ES,Vila Velha,50.3,57.68,31.84,0.83,31.48,28.6,82.9,77.41,Moderada,Jul,3,Inverno,False,45.269999999999996,14.42,7.96,6.64,3.148,PM2.5,acima de 28 °C,70-85%
2016,7,2016-07-01,Sudeste,ES,Serra,40.79,88.96,23.1,0.84,61.67,29.9,89.9,77.64,Moderada,Jul,3,Inverno,False,36.711,22.24,5.775,6.72,6.167000000000001,PM2.5,acima de 28 °C,acima de 85%
2016,7,2016-07-01,Sul,PR,Curitiba,43.37,68.53,23.22,1.19,20.0,23.8,86.8,73.47,Moderada,Jul,3,Inverno,False,39.033,17.1325,5.805,9.52,2.0,PM2.5,22-25 °C,acima de 85%
2016,7,2016-07-01,Sul,PR,Londrina,28.51,92.22,31.96,0.9,35.21,19.8,54.2,67.43,Moderada,Jul,3,Inverno,False,25.659000000000002,23.055,7.99,7.2,3.5210000000000004,PM2.5,até 22 °C,até 55%
2016,7,2016-07-01,Sul,SC,Florianópolis,39.97,51.98,35.18,0.71,43.67,28.6,43.3,67.78,Moderada,Jul,3,Inverno,False,35.973,12.995,8.795,5.68,4.367,PM2.5,acima de 28 °C,até 55%
2016,7,2016-07-01,Sul,SC,Joinville,29.91,54.63,38.11,0.31,52.18,22.4,75.3,57.84,Moderada,Jul,3,Inverno,False,26.919,13.6575,9.5275,2.48,5.218,PM2.5,22-25 °C,70-85%
2016,7,2016-07-01,Sul,RS,Porto Alegre,23.7,68.49,21.46,0.94,37.78,24.6,89.4,55.09,Moderada,Jul,3,Inverno,False,21.33,17.1225,5.365,7.52,3.7780000000000005,PM2.5,22-25 °C,acima de 85%
2016,7,2016-07-01,Sul,RS,Caxias do Sul,28.36,57.42,26.93,1.52,27.24,22.5,66.4,61.53,Moderada,Jul,3,Inverno,False,25.524,14.355,6.7325,12.16,2.724,PM2.5,22-25 °C,55-70%
2016,8,2016-08-01,Norte,AM,Manaus,40.08,73.7,25.19,0.63,42.98,23.2,83.3,70.13,Moderada,Ago,3,Inverno,False,36.072,18.425,6.2975,5.04,4.298,PM2.5,22-25 °C,70-85%
2016,8,2016-08-01,Norte,PA,Belém,45.97,86.66,19.26,1.47,45.47,34.3,82.2,84.17,Ruim,Ago,3,Inverno,True,41.373,21.665,4.815,11.76,4.547,PM2.5,acima de 28 °C,70-85%
2016,8,2016-08-01,Norte,PA,Santarém,31.15,64.07,24.95,0.65,17.99,26.3,94.5,57.32,Moderada,Ago,3,Inverno,False,28.035,16.0175,6.2375,5.2,1.799,PM2.5,25-28 °C,acima de 85%
2016,8,2016-08-01,Norte,RO,Porto Velho,52.37,74.57,28.18,0.84,43.69,25.2,91.4,83.91,Ruim,Ago,3,Inverno,True,47.132999999999996,18.6425,7.045,6.72,4.369,PM2.5,25-28 °C,acima de 85%
2016,8,2016-08-01,Norte,TO,Palmas,34.83,104.99,12.62,0.92,40.05,27.3,86.3,72.09,Moderada,Ago,3,Inverno,False,31.346999999999998,26.2475,3.155,7.36,4.005,PM2.5,25-28 °C,acima de 85%
2016,8,2016-08-01,Nordeste,BA,Salvador,34.51,50.61,20.94,0.44,39.15,25.4,57.0,56.35,Moderada,Ago,3,Inverno,False,31.058999999999997,12.6525,5.235,3.52,3.915,PM2.5,25-28 °C,55-70%
2016,8,2016-08-01,Nordeste,BA,Feira de Santana,39.44,66.91,16.42,1.28,23.85,33.8,59.8,68.92,Moderada,Ago,3,Inverno,False,35.496,16.7275,4.105,10.24,2.3850000000000002,PM2.5,acima de 28 °C,55-70%
2016,8,2016-08-01,Nordeste,PE,Recife,28.04,68.1,27.64,1.67,50.41,26.7,59.9,67.54,Moderada,Ago,3,Inverno,False,25.236,17.025,6.91,13.36,5.041,PM2.5,25-28 °C,55-70%
2016,8,2016-08-01,Nordeste,PE,Jaboatão dos Guararapes,25.89,61.36,23.14,1.78,40.94,26.5,83.1,62.76,Moderada,Ago,3,Inverno,False,23.301000000000002,15.34,5.785,14.24,4.094,PM2.5,25-28 °C,70-85%
2016,8,2016-08-01,Nordeste,CE,Fortaleza,48.09,62.41,30.27,1.78,38.18,21.6,77.0,84.54,Ruim,Ago,3,Inverno,True,43.281000000000006,15.6025,7.5675,14.24,3.818,PM2.5,até 22 °C,70-85%
2016,8,2016-08-01,Nordeste,CE,Juazeiro do Norte,62.24,71.85,41.93,1.63,36.03,27.6,41.1,101.11,Ruim,Ago,3,Inverno,True,56.016000000000005,17.9625,10.4825,13.04,3.603,PM2.5,25-28 °C,até 55%
2016,8,2016-08-01,Nordeste,MA,São Luís,26.26,84.03,21.4,0.99,51.86,25.5,89.3,63.13,Moderada,Ago,3,Inverno,False,23.634,21.0075,5.35,7.92,5.186,PM2.5,25-28 °C,acima de 85%
2016,8,2016-08-01,Nordeste,PB,João Pessoa,46.65,96.31,17.19,0.81,35.29,22.1,75.6,80.41,Ruim,Ago,3,Inverno,True,41.985,24.0775,4.2975,6.48,3.529,PM2.5,22-25 °C,70-85%
2016,8,2016-08-01,Centro-Oeste,DF,Brasília,35.34,90.0,20.12,1.49,51.63,27.0,81.7,76.38,Moderada,Ago,3,Inverno,False,31.806000000000004,22.5,5.03,11.92,5.163,PM2.5,25-28 °C,70-85%
2016,8,2016-08-01,Centro-Oeste,GO,Goiânia,31.31,55.4,20.89,0.38,50.56,22.2,72.7,55.37,Moderada,Ago,3,Inverno,False,28.179,13.85,5.2225,3.04,5.056000000000001,PM2.5,22-25 °C,70-85%
2016,8,2016-08-01,Centro-Oeste,GO,Aparecida de Goiânia,33.28,66.44,9.56,1.63,67.04,22.5,65.7,68.69,Moderada,Ago,3,Inverno,False,29.952,16.61,2.39,13.04,6.704000000000001,PM2.5,22-25 °C,55-70%
2016,8,2016-08-01,Centro-Oeste,MT,Cuiabá,30.53,75.64,23.3,1.46,49.16,24.3,63.4,68.77,Moderada,Ago,3,Inverno,False,27.477,18.91,5.825,11.68,4.916,PM2.5,22-25 °C,55-70%
2016,8,2016-08-01,Centro-Oeste,MS,Campo Grande,27.43,54.06,16.74,0.9,27.77,24.0,46.4,52.36,Moderada,Ago,3,Inverno,False,24.687,13.515,4.185,7.2,2.777,PM2.5,22-25 °C,até 55%
2016,8,2016-08-01,Sudeste,SP,São Paulo,28.86,95.43,37.52,1.77,37.2,20.0,53.5,77.11,Moderada,Ago,3,Inverno,False,25.974,23.8575,9.38,14.16,3.7200000000000006,PM2.5,até 22 °C,até 55%
2016,8,2016-08-01,Sudeste,SP,Campinas,22.24,68.56,11.2,0.94,39.87,26.9,80.6,51.49,Moderada,Ago,3,Inverno,False,20.016,17.14,2.8,7.52,3.987,PM2.5,25-28 °C,70-85%
2016,8,2016-08-01,Sudeste,SP,Ribeirão Preto,28.86,80.36,35.91,1.78,36.8,26.0,59.8,72.93,Moderada,Ago,3,Inverno,False,25.974,20.09,8.9775,14.24,3.6799999999999997,PM2.5,25-28 °C,55-70%
2016,8,2016-08-01,Sudeste,RJ,Rio de Janeiro,38.76,84.79,23.68,0.96,40.42,19.8,60.4,73.69,Moderada,Ago,3,Inverno,False,34.884,21.1975,5.92,7.68,4.042000000000001,PM2.5,até 22 °C,55-70%
2016,8,2016-08-01,Sudeste,RJ,Niterói,38.73,99.71,24.61,1.03,46.91,21.8,88.7,78.89,Moderada,Ago,3,Inverno,False,34.857,24.9275,6.1525,8.24,4.691,PM2.5,até 22 °C,acima de 85%
2016,8,2016-08-01,Sudeste,RJ,Nova Iguaçu,44.25,63.47,31.35,1.59,34.3,31.9,43.5,79.66,Moderada,Ago,3,Inverno,False,39.825,15.8675,7.8375,12.72,3.4299999999999997,PM2.5,acima de 28 °C,até 55%
2016,8,2016-08-01,Sudeste,RJ,Petrópolis,41.93,89.45,18.3,1.17,44.3,22.1,79.6,78.5,Moderada,Ago,3,Inverno,False,37.737,22.3625,4.575,9.36,4.43,PM2.5,22-25 °C,70-85%
2016,8,2016-08-01,Sudeste,MG,Belo Horizonte,33.14,47.24,25.21,0.31,51.19,23.4,44.2,55.54,Moderada,Ago,3,Inverno,False,29.826,11.81,6.3025,2.48,5.119,PM2.5,22-25 °C,até 55%
2016,8,2016-08-01,Sudeste,MG,Uberlândia,42.81,65.32,19.04,1.7,41.09,20.9,44.7,77.31,Moderada,Ago,3,Inverno,False,38.529,16.33,4.76,13.6,4.109000000000001,PM2.5,até 22 °C,até 55%
2016,8,2016-08-01,Sudeste,MG,Juiz de Fora,42.79,82.46,28.23,0.83,41.94,23.8,78.4,77.03,Moderada,Ago,3,Inverno,False,38.511,20.615,7.0575,6.64,4.194,PM2.5,22-25 °C,70-85%
2016,8,2016-08-01,Sudeste,ES,Vitória,30.03,62.95,25.52,0.84,25.04,21.8,80.3,58.39,Moderada,Ago,3,Inverno,False,27.027,15.7375,6.38,6.72,2.504,PM2.5,até 22 °C,70-85%
2016,8,2016-08-01,Sudeste,ES,Vila Velha,20.53,53.46,34.82,0.88,37.26,21.4,56.0,51.33,Moderada,Ago,3,Inverno,False,18.477,13.365,8.705,7.04,3.726,PM2.5,até 22 °C,55-70%
2016,8,2016-08-01,Sudeste,ES,Serra,39.16,93.02,44.54,1.33,53.17,24.0,51.8,85.62,Ruim,Ago,3,Inverno,True,35.244,23.255,11.135,10.64,5.317,PM2.5,22-25 °C,até 55%
2016,8,2016-08-01,Sul,PR,Curitiba,41.89,86.94,21.38,0.43,43.48,24.6,53.6,72.59,Moderada,Ago,3,Inverno,False,37.701,21.735,5.345,3.44,4.348,PM2.5,22-25 °C,até 55%
2016,8,2016-08-01,Sul,PR,Londrina,45.18,94.09,32.31,0.81,36.86,26.0,42.3,82.4,Ruim,Ago,3,Inverno,True,40.662,23.5225,8.0775,6.48,3.686,PM2.5,25-28 °C,até 55%
2016,8,2016-08-01,Sul,SC,Florianópolis,38.51,78.22,13.51,1.45,43.03,25.7,60.5,73.48,Moderada,Ago,3,Inverno,False,34.659,19.555,3.3775,11.6,4.303,PM2.5,25-28 °C,55-70%
2016,8,2016-08-01,Sul,SC,Joinville,44.17,51.62,23.23,1.74,56.06,26.1,48.9,77.99,Moderada,Ago,3,Inverno,False,39.753,12.905,5.8075,13.92,5.606000000000001,PM2.5,25-28 °C,até 55%
2016,8,2016-08-01,Sul,RS,Porto Alegre,40.37,61.58,27.45,0.89,36.67,21.0,40.3,69.39,Moderada,Ago,3,Inverno,False,36.333,15.395,6.8625,7.12,3.6670000000000003,PM2.5,até 22 °C,até 55%
2016,8,2016-08-01,Sul,RS,Caxias do Sul,25.95,68.34,23.01,0.55,46.58,22.6,43.3,55.25,Moderada,Ago,3,Inverno,False,23.355,17.085,5.7525,4.4,4.658,PM2.5,22-25 °C,até 55%
2016,9,2016-09-01,Norte,AM,Manaus,26.48,46.82,18.22,0.92,38.55,27.6,94.6,51.31,Moderada,Set,3,Primavera,False,23.832,11.705,4.555,7.36,3.855,PM2.5,25-28 °C,acima de 85%
2016,9,2016-09-01,Norte,PA,Belém,22.19,84.57,17.78,1.79,43.38,23.5,51.6,64.18,Moderada,Set,3,Primavera,False,19.971,21.1425,4.445,14.32,4.338,PM10,22-25 °C,até 55%
2016,9,2016-09-01,Norte,PA,Santarém,46.96,15.35,36.36,0.44,36.96,23.3,92.9,62.42,Moderada,Set,3,Primavera,False,42.264,3.8375,9.09,3.52,3.696,PM2.5,22-25 °C,acima de 85%
2016,9,2016-09-01,Norte,RO,Porto Velho,36.02,105.5,17.71,0.93,54.22,26.8,74.6,76.12,Moderada,Set,3,Primavera,False,32.418000000000006,26.375,4.4275,7.44,5.422000000000001,PM2.5,25-28 °C,70-85%
2016,9,2016-09-01,Norte,TO,Palmas,39.48,76.49,30.45,1.73,37.74,29.0,48.8,79.87,Moderada,Set,3,Primavera,False,35.532,19.1225,7.6125,13.84,3.7740000000000005,PM2.5,acima de 28 °C,até 55%
2016,9,2016-09-01,Nordeste,BA,Salvador,40.86,51.37,22.32,1.02,38.34,20.5,72.2,67.22,Moderada,Set,3,Primavera,False,36.774,12.8425,5.58,8.16,3.8340000000000005,PM2.5,até 22 °C,70-85%
2016,9,2016-09-01,Nordeste,BA,Feira de Santana,36.01,53.99,28.22,0.78,27.16,33.8,52.8,61.9,Moderada,Set,3,Primavera,False,32.409,13.4975,7.055,6.24,2.716,PM2.5,acima de 28 °C,até 55%
2016,9,2016-09-01,Nordeste,PE,Recife,32.53,105.77,22.29,0.66,51.53,25.9,41.8,71.76,Moderada,Set,3,Primavera,False,29.277,26.4425,5.5725,5.28,5.1530000000000005,PM2.5,25-28 °C,até 55%
2016,9,2016-09-01,Nordeste,PE,Jaboatão dos Guararapes,29.21,83.83,20.7,1.53,56.36,25.5,59.0,70.3,Moderada,Set,3,Primavera,False,26.289,20.9575,5.175,12.24,5.636,PM2.5,25-28 °C,55-70%
2016,9,2016-09-01,Nordeste,CE,Fortaleza,36.82,52.63,14.18,0.8,34.7,25.4,41.8,59.68,Moderada,Set,3,Primavera,False,33.138,13.1575,3.545,6.4,3.4700000000000006,PM2.5,25-28 °C,até 55%
2016,9,2016-09-01,Nordeste,CE,Juazeiro do Norte,47.78,57.41,24.92,0.62,32.05,24.5,76.9,71.76,Moderada,Set,3,Primavera,False,43.002,14.3525,6.23,4.96,3.205,PM2.5,22-25 °C,70-85%
2016,9,2016-09-01,Nordeste,MA,São Luís,53.67,71.54,25.98,1.61,25.15,26.8,70.1,88.05,Ruim,Set,3,Primavera,True,48.303000000000004,17.885,6.495,12.88,2.515,PM2.5,25-28 °C,70-85%
2016,9,2016-09-01,Nordeste,PB,João Pessoa,49.73,83.93,17.73,0.49,28.8,23.5,42.8,76.98,Moderada,Set,3,Primavera,False,44.757,20.9825,4.4325,3.92,2.8800000000000003,PM2.5,22-25 °C,até 55%
2016,9,2016-09-01,Centro-Oeste,DF,Brasília,15.23,66.78,21.07,0.53,61.62,28.8,73.1,46.04,Boa,Set,3,Primavera,False,13.707,16.695,5.2675,4.24,6.162,PM10,acima de 28 °C,70-85%
2016,9,2016-09-01,Centro-Oeste,GO,Goiânia,33.82,63.47,28.71,1.43,34.12,25.8,67.6,68.35,Moderada,Set,3,Primavera,False,30.438000000000002,15.8675,7.1775,11.44,3.412,PM2.5,25-28 °C,55-70%
2016,9,2016-09-01,Centro-Oeste,GO,Aparecida de Goiânia,34.93,76.06,25.49,1.52,39.33,25.0,71.1,72.91,Moderada,Set,3,Primavera,False,31.437,19.015,6.3725,12.16,3.933,PM2.5,22-25 °C,70-85%
2016,9,2016-09-01,Centro-Oeste,MT,Cuiabá,28.38,114.48,22.2,0.8,31.98,22.6,75.4,69.29,Moderada,Set,3,Primavera,False,25.541999999999998,28.62,5.55,6.4,3.1980000000000004,PM10,22-25 °C,70-85%
2016,9,2016-09-01,Centro-Oeste,MS,Campo Grande,40.6,74.59,31.57,1.53,31.83,25.9,64.4,78.5,Moderada,Set,3,Primavera,False,36.54,18.6475,7.8925,12.24,3.183,PM2.5,25-28 °C,55-70%
2016,9,2016-09-01,Sudeste,SP,São Paulo,49.28,89.43,18.66,1.16,42.67,25.8,48.2,84.9,Ruim,Set,3,Primavera,True,44.352000000000004,22.3575,4.665,9.28,4.267,PM2.5,25-28 °C,até 55%
2016,9,2016-09-01,Sudeste,SP,Campinas,39.26,79.59,23.57,0.82,45.42,25.3,79.9,72.23,Moderada,Set,3,Primavera,False,35.333999999999996,19.8975,5.8925,6.56,4.542000000000001,PM2.5,25-28 °C,70-85%
2016,9,2016-09-01,Sudeste,SP,Ribeirão Preto,54.11,65.23,29.37,0.65,26.66,20.1,94.3,80.23,Ruim,Set,3,Primavera,True,48.699,16.3075,7.3425,5.2,2.6660000000000004,PM2.5,até 22 °C,acima de 85%
2016,9,2016-09-01,Sudeste,RJ,Rio de Janeiro,39.68,70.07,25.93,1.08,43.4,20.7,67.6,72.72,Moderada,Set,3,Primavera,False,35.712,17.5175,6.4825,8.64,4.34,PM2.5,até 22 °C,55-70%
2016,9,2016-09-01,Sudeste,RJ,Niterói,57.37,80.35,19.62,1.47,29.89,28.3,49.3,91.38,Ruim,Set,3,Primavera,True,51.632999999999996,20.0875,4.905,11.76,2.9890000000000003,PM2.5,acima de 28 °C,até 55%
2016,9,2016-09-01,Sudeste,RJ,Nova Iguaçu,31.58,52.53,20.22,0.38,39.26,25.1,68.7,53.54,Moderada,Set,3,Primavera,False,28.422,13.1325,5.055,3.04,3.926,PM2.5,25-28 °C,55-70%
2016,9,2016-09-01,Sudeste,RJ,Petrópolis,54.08,79.73,6.99,1.19,41.7,26.0,53.8,84.01,Ruim,Set,3,Primavera,True,48.672,19.9325,1.7475,9.52,4.170000000000001,PM2.5,25-28 °C,até 55%
2016,9,2016-09-01,Sudeste,MG,Belo Horizonte,29.39,94.62,22.59,0.38,44.82,25.2,48.4,63.24,Moderada,Set,3,Primavera,False,26.451,23.655,5.6475,3.04,4.482,PM2.5,25-28 °C,até 55%
2016,9,2016-09-01,Sudeste,MG,Uberlândia,41.8,85.02,25.98,0.98,38.28,24.2,80.7,77.02,Moderada,Set,3,Primavera,False,37.62,21.255,6.495,7.84,3.8280000000000003,PM2.5,22-25 °C,70-85%
2016,9,2016-09-01,Sudeste,MG,Juiz de Fora,37.79,75.59,28.71,1.37,36.08,30.8,48.4,74.64,Moderada,Set,3,Primavera,False,34.011,18.8975,7.1775,10.96,3.608,PM2.5,acima de 28 °C,até 55%
2016,9,2016-09-01,Sudeste,ES,Vitória,35.02,62.33,22.24,1.26,40.09,28.2,78.8,66.74,Moderada,Set,3,Primavera,False,31.518000000000004,15.5825,5.56,10.08,4.009,PM2.5,acima de 28 °C,70-85%
2016,9,2016-09-01,Sudeste,ES,Vila Velha,42.53,62.03,20.75,0.75,34.14,22.0,71.9,68.37,Moderada,Set,3,Primavera,False,38.277,15.5075,5.1875,6.0,3.414,PM2.5,até 22 °C,70-85%
2016,9,2016-09-01,Sudeste,ES,Serra,27.96,85.15,26.73,0.51,44.07,14.9,54.2,61.6,Moderada,Set,3,Primavera,False,25.164,21.2875,6.6825,4.08,4.407,PM2.5,até 22 °C,até 55%
2016,9,2016-09-01,Sul,PR,Curitiba,44.59,91.32,23.18,1.48,36.2,27.7,79.6,84.2,Ruim,Set,3,Primavera,True,40.13100000000001,22.83,5.795,11.84,3.6200000000000006,PM2.5,25-28 °C,70-85%
2016,9,2016-09-01,Sul,PR,Londrina,46.53,68.88,20.27,0.45,36.99,23.1,49.9,71.43,Moderada,Set,3,Primavera,False,41.877,17.22,5.0675,3.6,3.6990000000000003,PM2.5,22-25 °C,até 55%
2016,9,2016-09-01,Sul,SC,Florianópolis,41.17,74.25,25.12,0.88,43.72,24.7,88.3,73.32,Moderada,Set,3,Primavera,False,37.053000000000004,18.5625,6.28,7.04,4.372,PM2.5,22-25 °C,acima de 85%
2016,9,2016-09-01,Sul,SC,Joinville,36.83,63.73,27.77,0.38,40.74,28.6,72.9,63.15,Moderada,Set,3,Primavera,False,33.147,15.9325,6.9425,3.04,4.074000000000001,PM2.5,acima de 28 °C,70-85%
2016,9,2016-09-01,Sul,RS,Porto Alegre,34.61,59.82,36.39,1.14,46.36,25.2,47.8,68.93,Moderada,Set,3,Primavera,False,31.149,14.955,9.0975,9.12,4.636,PM2.5,25-28 °C,até 55%
2016,9,2016-09-01,Sul,RS,Caxias do Sul,36.34,60.61,14.5,0.94,24.19,19.7,53.4,61.4,Moderada,Set,3,Primavera,False,32.706,15.1525,3.625,7.52,2.4190000000000005,PM2.5,até 22 °C,até 55%
2016,10,2016-10-01,Norte,AM,Manaus,33.01,93.06,30.17,1.68,28.11,22.8,91.1,76.73,Moderada,Out,4,Primavera,False,29.709,23.265,7.5425,13.44,2.811,PM2.5,22-25 °C,acima de 85%
2016,10,2016-10-01,Norte,PA,Belém,27.54,67.05,12.53,1.09,34.06,27.0,87.3,56.78,Moderada,Out,4,Primavera,False,24.786,16.7625,3.1325,8.72,3.4060000000000006,PM2.5,25-28 °C,acima de 85%
2016,10,2016-10-01,Norte,PA,Santarém,32.42,63.22,13.47,1.3,45.5,28.0,81.2,63.27,Moderada,Out,4,Primavera,False,29.178,15.805,3.3675,10.4,4.55,PM2.5,25-28 °C,70-85%
2016,10,2016-10-01,Norte,RO,Porto Velho,25.65,65.26,19.55,1.66,28.17,21.9,62.4,60.42,Moderada,Out,4,Primavera,False,23.085,16.315,4.8875,13.28,2.817,PM2.5,até 22 °C,55-70%
2016,10,2016-10-01,Norte,TO,Palmas,28.45,46.5,18.14,0.8,16.37,24.8,56.3,49.79,Boa,Out,4,Primavera,False,25.605,11.625,4.535,6.4,1.6370000000000002,PM2.5,22-25 °C,55-70%
2016,10,2016-10-01,Nordeste,BA,Salvador,38.06,59.43,23.24,1.36,39.2,19.9,53.7,69.71,Moderada,Out,4,Primavera,False,34.254000000000005,14.8575,5.81,10.88,3.9200000000000004,PM2.5,até 22 °C,até 55%
2016,10,2016-10-01,Nordeste,BA,Feira de Santana,29.95,99.44,25.08,1.48,40.67,23.4,91.4,74.01,Moderada,Out,4,Primavera,False,26.955,24.86,6.27,11.84,4.067,PM2.5,22-25 °C,acima de 85%
2016,10,2016-10-01,Nordeste,PE,Recife,33.61,93.18,10.14,0.63,48.19,25.4,90.6,65.96,Moderada,Out,4,Primavera,False,30.249,23.295,2.535,5.04,4.819,PM2.5,25-28 °C,acima de 85%
2016,10,2016-10-01,Nordeste,PE,Jaboatão dos Guararapes,38.96,76.52,32.57,1.42,20.55,30.0,70.2,75.75,Moderada,Out,4,Primavera,False,35.064,19.13,8.1425,11.36,2.055,PM2.5,acima de 28 °C,70-85%
2016,10,2016-10-01,Nordeste,CE,Fortaleza,22.5,60.87,34.52,0.71,30.34,25.7,51.2,52.8,Moderada,Out,4,Primavera,False,20.25,15.2175,8.63,5.68,3.0340000000000003,PM2.5,25-28 °C,até 55%
2016,10,2016-10-01,Nordeste,CE,Juazeiro do Norte,26.06,99.94,43.27,1.0,38.99,21.2,82.8,71.14,Moderada,Out,4,Primavera,False,23.454,24.985,10.8175,8.0,3.8990000000000005,PM10,até 22 °C,70-85%
2016,10,2016-10-01,Nordeste,MA,São Luís,42.99,53.6,19.97,1.61,26.38,25.4,71.1,72.59,Moderada,Out,4,Primavera,False,38.691,13.4,4.9925,12.88,2.638,PM2.5,25-28 °C,70-85%
2016,10,2016-10-01,Nordeste,PB,João Pessoa,37.53,48.12,25.67,1.16,33.35,31.5,49.0,64.84,Moderada,Out,4,Primavera,False,33.777,12.03,6.4175,9.28,3.3350000000000004,PM2.5,acima de 28 °C,até 55%
2016,10,2016-10-01,Centro-Oeste,DF,Brasília,46.61,63.19,28.2,1.64,42.06,23.7,69.1,82.11,Ruim,Out,4,Primavera,True,41.949,15.7975,7.05,13.12,4.206,PM2.5,22-25 °C,55-70%
2016,10,2016-10-01,Centro-Oeste,GO,Goiânia,23.8,72.26,31.0,0.91,35.23,28.1,43.9,58.06,Moderada,Out,4,Primavera,False,21.42,18.065,7.75,7.28,3.5229999999999997,PM2.5,acima de 28 °C,até 55%
2016,10,2016-10-01,Centro-Oeste,GO,Aparecida de Goiânia,41.28,77.46,31.42,1.1,33.03,28.2,78.1,76.5,Moderada,Out,4,Primavera,False,37.152,19.365,7.855,8.8,3.3030000000000004,PM2.5,acima de 28 °C,70-85%
2016,10,2016-10-01,Centro-Oeste,MT,Cuiabá,41.82,88.28,26.67,0.87,23.38,21.6,87.4,75.7,Moderada,Out,4,Primavera,False,37.638,22.07,6.6675,6.96,2.338,PM2.5,até 22 °C,acima de 85%
2016,10,2016-10-01,Centro-Oeste,MS,Campo Grande,44.31,51.07,15.54,1.38,39.13,24.1,82.7,71.49,Moderada,Out,4,Primavera,False,39.879000000000005,12.7675,3.885,11.04,3.9130000000000003,PM2.5,22-25 °C,70-85%
2016,10,2016-10-01,Sudeste,SP,São Paulo,17.44,62.52,14.33,0.86,25.02,26.6,54.2,44.3,Boa,Out,4,Primavera,False,15.696000000000002,15.63,3.5825,6.88,2.5020000000000002,PM2.5,25-28 °C,até 55%
2016,10,2016-10-01,Sudeste,SP,Campinas,44.38,72.47,8.01,1.77,48.61,21.5,86.0,79.06,Moderada,Out,4,Primavera,False,39.942,18.1175,2.0025,14.16,4.861000000000001,PM2.5,até 22 °C,acima de 85%
2016,10,2016-10-01,Sudeste,SP,Ribeirão Preto,44.63,19.49,30.03,0.51,32.1,23.7,60.2,59.82,Moderada,Out,4,Primavera,False,40.167,4.8725,7.5075,4.08,3.2100000000000004,PM2.5,22-25 °C,55-70%
2016,10,2016-10-01,Sudeste,RJ,Rio de Janeiro,31.21,74.11,31.27,0.31,34.59,26.2,79.6,60.38,Moderada,Out,4,Primavera,False,28.089000000000002,18.5275,7.8175,2.48,3.4590000000000005,PM2.5,25-28 °C,70-85%
2016,10,2016-10-01,Sudeste,RJ,Niterói,25.72,44.77,11.43,0.99,36.02,23.8,92.2,48.73,Boa,Out,4,Primavera,False,23.148,11.1925,2.8575,7.92,3.6020000000000003,PM2.5,22-25 °C,acima de 85%
2016,10,2016-10-01,Sudeste,RJ,Nova Iguaçu,46.23,77.11,20.34,0.65,25.64,23.9,76.1,73.73,Moderada,Out,4,Primavera,False,41.607,19.2775,5.085,5.2,2.564,PM2.5,22-25 °C,70-85%
2016,10,2016-10-01,Sudeste,RJ,Petrópolis,18.86,57.95,23.37,1.19,25.37,21.3,91.5,49.37,Boa,Out,4,Primavera,False,16.974,14.4875,5.8425,9.52,2.5370000000000004,PM2.5,até 22 °C,acima de 85%
2016,10,2016-10-01,Sudeste,MG,Belo Horizonte,38.73,77.82,27.62,1.58,51.88,22.5,93.5,79.07,Moderada,Out,4,Primavera,False,34.857,19.455,6.905,12.64,5.188000000000001,PM2.5,22-25 °C,acima de 85%
2016,10,2016-10-01,Sudeste,MG,Uberlândia,36.87,71.07,26.74,0.44,28.19,23.0,79.0,64.0,Moderada,Out,4,Primavera,False,33.183,17.7675,6.685,3.52,2.8190000000000004,PM2.5,22-25 °C,70-85%
2016,10,2016-10-01,Sudeste,MG,Juiz de Fora,28.1,57.57,13.67,1.12,36.01,24.9,52.1,55.68,Moderada,Out,4,Primavera,False,25.290000000000003,14.3925,3.4175,8.96,3.601,PM2.5,22-25 °C,até 55%
2016,10,2016-10-01,Sudeste,ES,Vitória,24.9,90.26,32.74,0.57,54.08,23.2,40.2,63.13,Moderada,Out,4,Primavera,False,22.41,22.565,8.185,4.56,5.408,PM10,22-25 °C,até 55%
2016,10,2016-10-01,Sudeste,ES,Vila Velha,32.17,76.17,15.21,1.09,42.9,25.7,46.2,64.77,Moderada,Out,4,Primavera,False,28.953000000000003,19.0425,3.8025,8.72,4.29,PM2.5,25-28 °C,até 55%
2016,10,2016-10-01,Sudeste,ES,Serra,31.59,32.66,17.45,1.32,26.39,24.8,44.3,54.19,Moderada,Out,4,Primavera,False,28.431,8.165,4.3625,10.56,2.6390000000000002,PM2.5,22-25 °C,até 55%
2016,10,2016-10-01,Sul,PR,Curitiba,29.29,70.33,27.27,1.69,30.73,23.4,67.7,67.32,Moderada,Out,4,Primavera,False,26.361,17.5825,6.8175,13.52,3.0730000000000004,PM2.5,22-25 °C,55-70%
2016,10,2016-10-01,Sul,PR,Londrina,18.67,69.5,22.5,0.8,57.06,24.0,57.7,51.92,Moderada,Out,4,Primavera,False,16.803,17.375,5.625,6.4,5.706,PM10,22-25 °C,55-70%
2016,10,2016-10-01,Sul,SC,Florianópolis,38.35,70.84,20.6,1.73,33.57,24.0,56.9,74.56,Moderada,Out,4,Primavera,False,34.515,17.71,5.15,13.84,3.357,PM2.5,22-25 °C,55-70%
2016,10,2016-10-01,Sul,SC,Joinville,38.73,87.98,33.67,0.96,40.66,27.5,61.9,77.01,Moderada,Out,4,Primavera,False,34.857,21.995,8.4175,7.68,4.066,PM2.5,25-28 °C,55-70%
2016,10,2016-10-01,Sul,RS,Porto Alegre,7.48,54.32,6.52,1.02,38.06,29.1,53.7,33.87,Boa,Out,4,Primavera,False,6.732,13.58,1.63,8.16,3.8060000000000005,PM10,acima de 28 °C,até 55%
2016,10,2016-10-01,Sul,RS,Caxias do Sul,42.15,61.12,32.34,1.15,28.89,27.0,53.2,73.42,Moderada,Out,4,Primavera,False,37.935,15.28,8.085,9.2,2.8890000000000002,PM2.5,25-28 °C,até 55%
2016,11,2016-11-01,Norte,AM,Manaus,39.25,84.06,33.2,1.66,20.76,27.2,47.4,80.02,Ruim,Nov,4,Primavera,True,35.325,21.015,8.3,13.28,2.076,PM2.5,25-28 °C,até 55%
2016,11,2016-11-01,Norte,PA,Belém,32.07,61.95,31.51,1.27,41.0,27.1,88.6,66.47,Moderada,Nov,4,Primavera,False,28.863,15.4875,7.8775,10.16,4.1000000000000005,PM2.5,25-28 °C,acima de 85%
2016,11,2016-11-01,Norte,PA,Santarém,24.97,75.42,25.89,0.4,53.43,26.9,67.2,56.33,Moderada,Nov,4,Primavera,False,22.473,18.855,6.4725,3.2,5.343,PM2.5,25-28 °C,55-70%
2016,11,2016-11-01,Norte,RO,Porto Velho,40.93,79.27,23.07,0.96,51.67,31.4,55.8,75.23,Moderada,Nov,4,Primavera,False,36.837,19.8175,5.7675,7.68,5.167000000000001,PM2.5,acima de 28 °C,55-70%
2016,11,2016-11-01,Norte,TO,Palmas,40.81,90.18,28.59,1.06,38.34,30.9,52.7,78.72,Moderada,Nov,4,Primavera,False,36.729000000000006,22.545,7.1475,8.48,3.8340000000000005,PM2.5,acima de 28 °C,até 55%
2016,11,2016-11-01,Nordeste,BA,Salvador,6.83,76.01,30.16,1.05,33.7,28.2,59.7,44.43,Boa,Nov,4,Primavera,False,6.147,19.0025,7.54,8.4,3.3700000000000006,PM10,acima de 28 °C,55-70%
2016,11,2016-11-01,Nordeste,BA,Feira de Santana,33.09,105.26,42.45,1.05,43.7,27.5,66.3,79.49,Moderada,Nov,4,Primavera,False,29.781000000000002,26.315,10.6125,8.4,4.37,PM2.5,25-28 °C,55-70%
2016,11,2016-11-01,Nordeste,PE,Recife,24.47,87.89,23.17,1.44,63.23,26.3,88.8,67.65,Moderada,Nov,4,Primavera,False,22.023,21.9725,5.7925,11.52,6.323,PM2.5,25-28 °C,acima de 85%
2016,11,2016-11-01,Nordeste,PE,Jaboatão dos Guararapes,22.03,68.76,25.27,1.36,48.6,22.0,66.5,59.06,Moderada,Nov,4,Primavera,False,19.827,17.19,6.3175,10.88,4.86,PM2.5,até 22 °C,55-70%
2016,11,2016-11-01,Nordeste,CE,Fortaleza,26.65,87.83,24.31,0.79,32.7,25.1,83.5,61.58,Moderada,Nov,4,Primavera,False,23.985,21.9575,6.0775,6.32,3.2700000000000005,PM2.5,25-28 °C,70-85%
2016,11,2016-11-01,Nordeste,CE,Juazeiro do Norte,27.27,92.43,20.11,0.85,27.92,28.6,56.3,62.24,Moderada,Nov,4,Primavera,False,24.543,23.1075,5.0275,6.8,2.7920000000000003,PM2.5,acima de 28 °C,55-70%
2016,11,2016-11-01,Nordeste,MA,São Luís,40.28,76.83,34.05,1.01,31.51,26.0,53.8,75.17,Moderada,Nov,4,Primavera,False,36.252,19.2075,8.5125,8.08,3.1510000000000002,PM2.5,25-28 °C,até 55%
2016,11,2016-11-01,Nordeste,PB,João Pessoa,35.24,62.56,20.02,0.79,37.73,28.7,85.7,62.46,Moderada,Nov,4,Primavera,False,31.716,15.64,5.005,6.32,3.7729999999999997,PM2.5,acima de 28 °C,acima de 85%
2016,11,2016-11-01,Centro-Oeste,DF,Brasília,24.53,54.7,31.56,0.85,28.65,25.9,85.2,53.32,Moderada,Nov,4,Primavera,False,22.077,13.675,7.89,6.8,2.865,PM2.5,25-28 °C,acima de 85%
2016,11,2016-11-01,Centro-Oeste,GO,Goiânia,28.73,74.02,16.6,1.24,52.99,31.8,79.4,63.7,Moderada,Nov,4,Primavera,False,25.857,18.505,4.15,9.92,5.299,PM2.5,acima de 28 °C,70-85%
2016,11,2016-11-01,Centro-Oeste,GO,Aparecida de Goiânia,39.62,78.38,19.59,0.94,48.35,23.5,85.9,72.55,Moderada,Nov,4,Primavera,False,35.658,19.595,4.8975,7.52,4.835000000000001,PM2.5,22-25 °C,acima de 85%
2016,11,2016-11-01,Centro-Oeste,MT,Cuiabá,27.96,77.22,24.86,1.04,36.39,24.1,48.9,62.62,Moderada,Nov,4,Primavera,False,25.164,19.305,6.215,8.32,3.6390000000000002,PM2.5,22-25 °C,até 55%
2016,11,2016-11-01,Centro-Oeste,MS,Campo Grande,37.99,64.83,22.45,1.47,24.64,22.9,73.0,70.22,Moderada,Nov,4,Primavera,False,34.191,16.2075,5.6125,11.76,2.4640000000000004,PM2.5,22-25 °C,70-85%
2016,11,2016-11-01,Sudeste,SP,São Paulo,28.81,67.54,26.63,1.5,42.26,27.0,94.5,65.73,Moderada,Nov,4,Primavera,False,25.929,16.885,6.6575,12.0,4.226,PM2.5,25-28 °C,acima de 85%
2016,11,2016-11-01,Sudeste,SP,Campinas,32.25,67.66,16.82,1.04,25.02,21.6,62.9,61.0,Moderada,Nov,4,Primavera,False,29.025000000000002,16.915,4.205,8.32,2.5020000000000002,PM2.5,até 22 °C,55-70%
2016,11,2016-11-01,Sudeste,SP,Ribeirão Preto,26.55,54.68,27.81,0.38,39.48,20.7,72.4,51.5,Moderada,Nov,4,Primavera,False,23.895,13.67,6.9525,3.04,3.948,PM2.5,até 22 °C,70-85%
2016,11,2016-11-01,Sudeste,RJ,Rio de Janeiro,24.2,27.34,26.1,0.63,38.05,20.5,43.3,44.0,Boa,Nov,4,Primavera,False,21.78,6.835,6.525,5.04,3.8049999999999997,PM2.5,até 22 °C,até 55%
2016,11,2016-11-01,Sudeste,RJ,Niterói,44.35,81.29,31.12,0.92,55.31,25.5,82.9,80.92,Ruim,Nov,4,Primavera,True,39.915,20.3225,7.78,7.36,5.531000000000001,PM2.5,25-28 °C,70-85%
2016,11,2016-11-01,Sudeste,RJ,Nova Iguaçu,34.5,77.28,27.47,0.61,42.23,25.0,78.6,66.38,Moderada,Nov,4,Primavera,False,31.05,19.32,6.8675,4.88,4.223,PM2.5,22-25 °C,70-85%
2016,11,2016-11-01,Sudeste,RJ,Petrópolis,41.82,65.76,34.0,1.38,33.45,26.8,79.8,76.95,Moderada,Nov,4,Primavera,False,37.638,16.44,8.5,11.04,3.3450000000000006,PM2.5,25-28 °C,70-85%
2016,11,2016-11-01,Sudeste,MG,Belo Horizonte,22.32,80.37,26.07,1.37,36.09,20.7,82.7,61.27,Moderada,Nov,4,Primavera,False,20.088,20.0925,6.5175,10.96,3.6090000000000004,PM10,até 22 °C,70-85%
2016,11,2016-11-01,Sudeste,MG,Uberlândia,49.26,64.12,9.53,1.63,34.26,22.7,51.5,79.2,Moderada,Nov,4,Primavera,False,44.333999999999996,16.03,2.3825,13.04,3.426,PM2.5,22-25 °C,até 55%
2016,11,2016-11-01,Sudeste,MG,Juiz de Fora,35.03,76.01,15.17,1.44,44.03,23.4,82.7,70.24,Moderada,Nov,4,Primavera,False,31.527,19.0025,3.7925,11.52,4.4030000000000005,PM2.5,22-25 °C,70-85%
2016,11,2016-11-01,Sudeste,ES,Vitória,28.24,92.38,19.81,1.79,40.12,28.7,58.6,71.8,Moderada,Nov,4,Primavera,False,25.416,23.095,4.9525,14.32,4.012,PM2.5,acima de 28 °C,55-70%
2016,11,2016-11-01,Sudeste,ES,Vila Velha,47.58,46.04,18.48,1.57,57.39,23.3,91.4,77.24,Moderada,Nov,4,Primavera,False,42.822,11.51,4.62,12.56,5.739000000000001,PM2.5,22-25 °C,acima de 85%
2016,11,2016-11-01,Sudeste,ES,Serra,34.8,57.64,22.26,0.55,53.12,28.9,78.9,60.98,Moderada,Nov,4,Primavera,False,31.319999999999997,14.41,5.565,4.4,5.312,PM2.5,acima de 28 °C,70-85%
2016,11,2016-11-01,Sul,PR,Curitiba,32.03,90.05,18.11,0.87,38.4,21.4,56.6,66.65,Moderada,Nov,4,Primavera,False,28.827,22.5125,4.5275,6.96,3.84,PM2.5,até 22 °C,55-70%
2016,11,2016-11-01,Sul,PR,Londrina,43.65,50.12,25.45,1.17,50.26,24.0,75.8,72.59,Moderada,Nov,4,Primavera,False,39.285,12.53,6.3625,9.36,5.026,PM2.5,22-25 °C,70-85%
2016,11,2016-11-01,Sul,SC,Florianópolis,47.95,53.76,34.57,0.56,41.1,26.3,52.7,73.81,Moderada,Nov,4,Primavera,False,43.155,13.44,8.6425,4.48,4.11,PM2.5,25-28 °C,até 55%
2016,11,2016-11-01,Sul,SC,Joinville,39.64,39.61,21.35,0.52,40.35,30.0,48.6,59.09,Moderada,Nov,4,Primavera,False,35.676,9.9025,5.3375,4.16,4.035,PM2.5,acima de 28 °C,até 55%
2016,11,2016-11-01,Sul,RS,Porto Alegre,44.47,43.37,36.0,1.16,52.19,19.6,47.8,74.38,Moderada,Nov,4,Primavera,False,40.023,10.8425,9.0,9.28,5.219,PM2.5,até 22 °C,até 55%
2016,11,2016-11-01,Sul,RS,Caxias do Sul,28.15,77.24,22.99,1.07,28.18,20.2,64.0,61.76,Moderada,Nov,4,Primavera,False,25.335,19.31,5.7475,8.56,2.818,PM2.5,até 22 °C,55-70%
2016,12,2016-12-01,Norte,AM,Manaus,31.85,96.13,44.06,0.96,52.24,28.5,47.3,76.62,Moderada,Dez,4,Verão,False,28.665000000000003,24.0325,11.015,7.68,5.224,PM2.5,acima de 28 °C,até 55%
2016,12,2016-12-01,Norte,PA,Belém,44.07,77.29,25.74,1.8,60.35,33.6,74.0,85.84,Ruim,Dez,4,Verão,True,39.663000000000004,19.3225,6.435,14.4,6.035,PM2.5,acima de 28 °C,70-85%
2016,12,2016-12-01,Norte,PA,Santarém,20.59,71.74,32.51,1.42,34.25,29.2,74.4,59.36,Moderada,Dez,4,Verão,False,18.531,17.935,8.1275,11.36,3.4250000000000003,PM2.5,acima de 28 °C,70-85%
2016,12,2016-12-01,Norte,RO,Porto Velho,45.67,85.72,13.56,0.32,11.14,27.1,45.1,69.57,Moderada,Dez,4,Verão,False,41.103,21.43,3.39,2.56,1.114,PM2.5,25-28 °C,até 55%
2016,12,2016-12-01,Norte,TO,Palmas,45.74,62.37,16.04,0.4,18.54,19.7,87.1,65.83,Moderada,Dez,4,Verão,False,41.166000000000004,15.5925,4.01,3.2,1.854,PM2.5,até 22 °C,acima de 85%
2016,12,2016-12-01,Nordeste,BA,Salvador,54.93,92.16,24.53,0.55,34.18,22.6,56.5,86.42,Ruim,Dez,4,Verão,True,49.437,23.04,6.1325,4.4,3.418,PM2.5,22-25 °C,55-70%
2016,12,2016-12-01,Nordeste,BA,Feira de Santana,35.13,70.66,13.81,1.03,42.26,26.7,44.1,65.18,Moderada,Dez,4,Verão,False,31.617000000000004,17.665,3.4525,8.24,4.226,PM2.5,25-28 °C,até 55%
2016,12,2016-12-01,Nordeste,PE,Recife,28.43,73.56,28.93,0.43,55.09,30.1,65.5,60.19,Moderada,Dez,4,Verão,False,25.587,18.39,7.2325,3.44,5.509,PM2.5,acima de 28 °C,55-70%
2016,12,2016-12-01,Nordeste,PE,Jaboatão dos Guararapes,24.01,65.15,19.36,0.67,44.47,27.7,68.5,52.5,Moderada,Dez,4,Verão,False,21.609,16.2875,4.84,5.36,4.447,PM2.5,25-28 °C,55-70%
2016,12,2016-12-01,Nordeste,CE,Fortaleza,33.7,95.82,30.71,0.9,29.75,26.7,93.6,72.11,Moderada,Dez,4,Verão,False,30.330000000000002,23.955,7.6775,7.2,2.975,PM2.5,25-28 °C,acima de 85%
2016,12,2016-12-01,Nordeste,CE,Juazeiro do Norte,20.72,37.65,30.89,1.63,57.29,21.0,82.3,54.54,Moderada,Dez,4,Verão,False,18.648,9.4125,7.7225,13.04,5.729,PM2.5,até 22 °C,70-85%
2016,12,2016-12-01,Nordeste,MA,São Luís,55.25,48.21,8.46,0.61,57.72,27.6,41.0,74.53,Moderada,Dez,4,Verão,False,49.725,12.0525,2.115,4.88,5.772,PM2.5,25-28 °C,até 55%
2016,12,2016-12-01,Nordeste,PB,João Pessoa,37.42,91.33,40.28,0.3,43.87,26.7,73.9,73.38,Moderada,Dez,4,Verão,False,33.678000000000004,22.8325,10.07,2.4,4.387,PM2.5,25-28 °C,70-85%
2016,12,2016-12-01,Centro-Oeste,DF,Brasília,23.55,44.97,21.14,1.58,57.36,29.6,64.1,56.13,Moderada,Dez,4,Verão,False,21.195,11.2425,5.285,12.64,5.736000000000001,PM2.5,acima de 28 °C,55-70%
2016,12,2016-12-01,Centro-Oeste,GO,Goiânia,31.5,71.28,40.08,1.43,38.62,29.6,75.1,71.48,Moderada,Dez,4,Verão,False,28.35,17.82,10.02,11.44,3.862,PM2.5,acima de 28 °C,70-85%
2016,12,2016-12-01,Centro-Oeste,GO,Aparecida de Goiânia,36.79,97.15,18.59,1.31,39.41,28.6,82.4,76.48,Moderada,Dez,4,Verão,False,33.111,24.2875,4.6475,10.48,3.941,PM2.5,acima de 28 °C,70-85%
2016,12,2016-12-01,Centro-Oeste,MT,Cuiabá,39.77,71.09,18.12,1.49,42.27,19.6,58.0,74.27,Moderada,Dez,4,Verão,False,35.793000000000006,17.7725,4.53,11.92,4.227,PM2.5,até 22 °C,55-70%
2016,12,2016-12-01,Centro-Oeste,MS,Campo Grande,56.73,68.71,21.19,1.62,38.31,27.4,78.8,90.35,Ruim,Dez,4,Verão,True,51.056999999999995,17.1775,5.2975,12.96,3.8310000000000004,PM2.5,25-28 °C,70-85%
2016,12,2016-12-01,Sudeste,SP,São Paulo,33.42,85.99,19.91,0.62,40.62,27.6,59.3,65.59,Moderada,Dez,4,Verão,False,30.078000000000003,21.4975,4.9775,4.96,4.062,PM2.5,25-28 °C,55-70%
2016,12,2016-12-01,Sudeste,SP,Campinas,49.03,97.94,29.66,1.22,42.95,29.7,45.7,90.04,Ruim,Dez,4,Verão,True,44.127,24.485,7.415,9.76,4.295000000000001,PM2.5,acima de 28 °C,até 55%
2016,12,2016-12-01,Sudeste,SP,Ribeirão Preto,44.44,89.2,16.67,0.7,28.8,26.4,78.3,74.96,Moderada,Dez,4,Verão,False,39.996,22.3,4.1675,5.6,2.8800000000000003,PM2.5,25-28 °C,70-85%
2016,12,2016-12-01,Sudeste,RJ,Rio de Janeiro,35.18,66.63,25.28,0.75,48.93,29.2,66.3,65.5,Moderada,Dez,4,Verão,False,31.662,16.6575,6.32,6.0,4.893000000000001,PM2.5,acima de 28 °C,55-70%
2016,12,2016-12-01,Sudeste,RJ,Niterói,31.9,73.56,11.88,0.58,35.59,24.4,66.6,58.25,Moderada,Dez,4,Verão,False,28.71,18.39,2.97,4.64,3.5590000000000006,PM2.5,22-25 °C,55-70%
2016,12,2016-12-01,Sudeste,RJ,Nova Iguaçu,27.59,63.33,37.61,0.55,39.92,29.7,45.8,58.42,Moderada,Dez,4,Verão,False,24.831,15.8325,9.4025,4.4,3.9920000000000004,PM2.5,acima de 28 °C,até 55%
2016,12,2016-12-01,Sudeste,RJ,Petrópolis,41.4,78.36,30.31,1.39,33.31,27.8,65.3,78.89,Moderada,Dez,4,Verão,False,37.26,19.59,7.5775,11.12,3.3310000000000004,PM2.5,25-28 °C,55-70%
2016,12,2016-12-01,Sudeste,MG,Belo Horizonte,19.8,61.41,25.85,1.75,17.34,24.3,56.1,55.37,Moderada,Dez,4,Verão,False,17.82,15.3525,6.4625,14.0,1.734,PM2.5,22-25 °C,55-70%
2016,12,2016-12-01,Sudeste,MG,Uberlândia,36.81,67.32,11.76,1.15,32.28,17.8,79.4,65.34,Moderada,Dez,4,Verão,False,33.129000000000005,16.83,2.94,9.2,3.228,PM2.5,até 22 °C,70-85%
2016,12,2016-12-01,Sudeste,MG,Juiz de Fora,35.89,56.39,11.43,1.13,50.95,22.2,76.4,63.4,Moderada,Dez,4,Verão,False,32.301,14.0975,2.8575,9.04,5.095000000000001,PM2.5,22-25 °C,70-85%
2016,12,2016-12-01,Sudeste,ES,Vitória,41.8,56.85,19.9,1.0,33.43,24.7,71.0,68.18,Moderada,Dez,4,Verão,False,37.62,14.2125,4.975,8.0,3.343,PM2.5,22-25 °C,70-85%
2016,12,2016-12-01,Sudeste,ES,Vila Velha,36.6,111.26,31.07,1.18,38.96,24.7,65.5,81.88,Ruim,Dez,4,Verão,True,32.940000000000005,27.815,7.7675,9.44,3.8960000000000004,PM2.5,22-25 °C,55-70%
2016,12,2016-12-01,Sudeste,ES,Serra,31.43,84.41,13.05,0.65,49.08,23.3,45.7,62.74,Moderada,Dez,4,Verão,False,28.287,21.1025,3.2625,5.2,4.908,PM2.5,22-25 °C,até 55%
2016,12,2016-12-01,Sul,PR,Curitiba,22.36,73.72,38.32,0.55,39.22,25.6,58.3,56.46,Moderada,Dez,4,Verão,False,20.124,18.43,9.58,4.4,3.922,PM2.5,25-28 °C,55-70%
2016,12,2016-12-01,Sul,PR,Londrina,36.83,65.18,22.14,0.39,37.01,27.3,83.1,61.82,Moderada,Dez,4,Verão,False,33.147,16.295,5.535,3.12,3.701,PM2.5,25-28 °C,70-85%
2016,12,2016-12-01,Sul,SC,Florianópolis,47.42,58.71,18.37,0.63,19.89,25.5,64.5,68.99,Moderada,Dez,4,Verão,False,42.678000000000004,14.6775,4.5925,5.04,1.989,PM2.5,25-28 °C,55-70%
2016,12,2016-12-01,Sul,SC,Joinville,32.26,62.9,25.04,1.03,39.04,23.8,85.9,63.12,Moderada,Dez,4,Verão,False,29.034,15.725,6.26,8.24,3.904,PM2.5,22-25 °C,acima de 85%
2016,12,2016-12-01,Sul,RS,Porto Alegre,41.46,70.04,15.79,1.38,42.26,27.2,53.8,74.01,Moderada,Dez,4,Verão,False,37.314,17.51,3.9475,11.04,4.226,PM2.5,25-28 °C,até 55%
2016,12,2016-12-01,Sul,RS,Caxias do Sul,35.23,58.56,30.89,1.32,27.6,28.1,93.5,67.38,Moderada,Dez,4,Verão,False,31.706999999999997,14.64,7.7225,10.56,2.7600000000000002,PM2.5,acima de 28 °C,acima de 85%
2017,1,2017-01-01,Norte,AM,Manaus,40.64,84.74,22.87,1.37,40.54,24.3,94.8,78.45,Moderada,Jan,1,Verão,False,36.576,21.185,5.7175,10.96,4.054,PM2.5,22-25 °C,acima de 85%
2017,1,2017-01-01,Norte,PA,Belém,34.53,100.87,26.85,0.42,37.74,22.5,69.4,70.11,Moderada,Jan,1,Verão,False,31.077,25.2175,6.7125,3.36,3.7740000000000005,PM2.5,22-25 °C,55-70%
2017,1,2017-01-01,Norte,PA,Santarém,36.77,71.41,22.68,0.91,59.31,20.5,49.3,69.82,Moderada,Jan,1,Verão,False,33.093,17.8525,5.67,7.28,5.931000000000001,PM2.5,até 22 °C,até 55%
2017,1,2017-01-01,Norte,RO,Porto Velho,24.37,60.57,26.65,1.3,41.86,28.0,88.3,58.3,Moderada,Jan,1,Verão,False,21.933,15.1425,6.6625,10.4,4.186,PM2.5,25-28 °C,acima de 85%
2017,1,2017-01-01,Norte,TO,Palmas,35.32,36.3,22.06,0.81,38.95,26.2,92.9,56.77,Moderada,Jan,1,Verão,False,31.788,9.075,5.515,6.48,3.8950000000000005,PM2.5,25-28 °C,acima de 85%
2017,1,2017-01-01,Nordeste,BA,Salvador,22.62,73.31,18.9,0.9,25.33,24.2,91.7,53.13,Moderada,Jan,1,Verão,False,20.358,18.3275,4.725,7.2,2.533,PM2.5,22-25 °C,acima de 85%
2017,1,2017-01-01,Nordeste,BA,Feira de Santana,41.05,110.08,31.65,1.79,36.04,25.1,82.5,90.27,Ruim,Jan,1,Verão,True,36.945,27.52,7.9125,14.32,3.604,PM2.5,25-28 °C,70-85%
2017,1,2017-01-01,Nordeste,PE,Recife,34.49,90.66,29.04,0.66,27.02,24.2,51.3,68.93,Moderada,Jan,1,Verão,False,31.041000000000004,22.665,7.26,5.28,2.702,PM2.5,22-25 °C,até 55%
2017,1,2017-01-01,Nordeste,PE,Jaboatão dos Guararapes,40.4,93.65,21.09,1.01,40.86,23.9,66.6,77.2,Moderada,Jan,1,Verão,False,36.36,23.4125,5.2725,8.08,4.086,PM2.5,22-25 °C,55-70%
2017,1,2017-01-01,Nordeste,CE,Fortaleza,35.04,71.58,18.28,1.27,50.07,27.1,76.9,69.19,Moderada,Jan,1,Verão,False,31.536,17.895,4.57,10.16,5.007000000000001,PM2.5,25-28 °C,70-85%
2017,1,2017-01-01,Nordeste,CE,Juazeiro do Norte,26.28,46.39,22.67,1.66,16.86,27.2,46.4,55.87,Moderada,Jan,1,Verão,False,23.652,11.5975,5.6675,13.28,1.686,PM2.5,25-28 °C,até 55%
2017,1,2017-01-01,Nordeste,MA,São Luís,38.5,72.45,19.12,0.39,39.6,26.7,54.1,64.6,Moderada,Jan,1,Verão,False,34.65,18.1125,4.78,3.12,3.9600000000000004,PM2.5,25-28 °C,até 55%
2017,1,2017-01-01,Nordeste,PB,João Pessoa,34.27,88.0,27.24,1.69,23.57,23.1,73.7,75.54,Moderada,Jan,1,Verão,False,30.843000000000004,22.0,6.81,13.52,2.357,PM2.5,22-25 °C,70-85%
2017,1,2017-01-01,Centro-Oeste,DF,Brasília,19.08,69.74,34.58,1.67,48.61,26.7,62.8,61.51,Moderada,Jan,1,Verão,False,17.172,17.435,8.645,13.36,4.861000000000001,PM10,25-28 °C,55-70%
2017,1,2017-01-01,Centro-Oeste,GO,Goiânia,55.89,84.47,17.48,1.47,32.05,26.6,48.6,90.76,Ruim,Jan,1,Verão,True,50.301,21.1175,4.37,11.76,3.205,PM2.5,25-28 °C,até 55%
2017,1,2017-01-01,Centro-Oeste,GO,Aparecida de Goiânia,32.72,51.62,37.11,0.36,28.01,23.0,48.8,57.29,Moderada,Jan,1,Verão,False,29.448,12.905,9.2775,2.88,2.801,PM2.5,22-25 °C,até 55%
2017,1,2017-01-01,Centro-Oeste,MT,Cuiabá,18.48,74.12,23.96,0.62,43.28,31.4,40.0,50.43,Moderada,Jan,1,Verão,False,16.632,18.53,5.99,4.96,4.328,PM10,acima de 28 °C,até 55%
2017,1,2017-01-01,Centro-Oeste,MS,Campo Grande,41.37,78.58,39.8,1.46,39.47,25.8,81.1,82.49,Ruim,Jan,1,Verão,True,37.233,19.645,9.95,11.68,3.947,PM2.5,25-28 °C,70-85%
2017,1,2017-01-01,Sudeste,SP,São Paulo,38.93,78.17,22.3,0.33,42.58,24.3,63.3,67.08,Moderada,Jan,1,Verão,False,35.037,19.5425,5.575,2.64,4.258,PM2.5,22-25 °C,55-70%
2017,1,2017-01-01,Sudeste,SP,Campinas,36.45,79.6,13.82,1.43,44.17,25.5,94.6,72.05,Moderada,Jan,1,Verão,False,32.80500000000001,19.9,3.455,11.44,4.417000000000001,PM2.5,25-28 °C,acima de 85%
2017,1,2017-01-01,Sudeste,SP,Ribeirão Preto,40.72,67.61,24.11,1.36,44.19,25.1,93.8,74.87,Moderada,Jan,1,Verão,False,36.648,16.9025,6.0275,10.88,4.419,PM2.5,25-28 °C,acima de 85%
2017,1,2017-01-01,Sudeste,RJ,Rio de Janeiro,23.14,94.2,24.06,1.06,31.09,27.5,87.4,61.98,Moderada,Jan,1,Verão,False,20.826,23.55,6.015,8.48,3.109,PM10,25-28 °C,acima de 85%
2017,1,2017-01-01,Sudeste,RJ,Niterói,33.17,50.25,40.62,0.44,37.93,24.9,67.2,59.89,Moderada,Jan,1,Verão,False,29.853,12.5625,10.155,3.52,3.793,PM2.5,22-25 °C,55-70%
2017,1,2017-01-01,Sudeste,RJ,Nova Iguaçu,32.64,57.61,19.2,1.03,42.87,28.9,62.2,61.14,Moderada,Jan,1,Verão,False,29.376,14.4025,4.8,8.24,4.287,PM2.5,acima de 28 °C,55-70%
2017,1,2017-01-01,Sudeste,RJ,Petrópolis,33.13,89.75,30.87,0.98,56.86,24.0,92.8,73.53,Moderada,Jan,1,Verão,False,29.817000000000004,22.4375,7.7175,7.84,5.686,PM2.5,22-25 °C,acima de 85%
2017,1,2017-01-01,Sudeste,MG,Belo Horizonte,18.64,58.81,18.74,1.03,42.21,22.3,86.7,48.61,Boa,Jan,1,Verão,False,16.776,14.7025,4.685,8.24,4.221,PM2.5,22-25 °C,acima de 85%
2017,1,2017-01-01,Sudeste,MG,Uberlândia,25.01,92.85,21.34,0.3,35.65,23.8,41.3,57.05,Moderada,Jan,1,Verão,False,22.509,23.2125,5.335,2.4,3.565,PM10,22-25 °C,até 55%
2017,1,2017-01-01,Sudeste,MG,Juiz de Fora,34.92,65.97,27.13,0.37,37.49,22.5,93.4,61.4,Moderada,Jan,1,Verão,False,31.428,16.4925,6.7825,2.96,3.7490000000000006,PM2.5,22-25 °C,acima de 85%
2017,1,2017-01-01,Sudeste,ES,Vitória,36.06,64.77,25.54,0.91,41.91,20.9,47.4,66.53,Moderada,Jan,1,Verão,False,32.454,16.1925,6.385,7.28,4.191,PM2.5,até 22 °C,até 55%
2017,1,2017-01-01,Sudeste,ES,Vila Velha,43.07,40.89,16.61,1.68,34.46,23.3,63.4,70.05,Moderada,Jan,1,Verão,False,38.763,10.2225,4.1525,13.44,3.446,PM2.5,22-25 °C,55-70%
2017,1,2017-01-01,Sudeste,ES,Serra,38.25,74.29,8.42,0.94,45.29,25.2,78.4,67.15,Moderada,Jan,1,Verão,False,34.425000000000004,18.5725,2.105,7.52,4.529,PM2.5,25-28 °C,70-85%
2017,1,2017-01-01,Sul,PR,Curitiba,25.17,86.42,39.76,1.14,24.89,24.7,76.9,65.81,Moderada,Jan,1,Verão,False,22.653000000000002,21.605,9.94,9.12,2.4890000000000003,PM2.5,22-25 °C,70-85%
2017,1,2017-01-01,Sul,PR,Londrina,22.83,82.39,20.31,0.46,44.68,24.0,45.9,54.37,Moderada,Jan,1,Verão,False,20.547,20.5975,5.0775,3.68,4.468,PM10,22-25 °C,até 55%
2017,1,2017-01-01,Sul,SC,Florianópolis,29.01,64.39,21.48,1.27,48.43,27.6,44.6,62.61,Moderada,Jan,1,Verão,False,26.109,16.0975,5.37,10.16,4.843,PM2.5,25-28 °C,até 55%
2017,1,2017-01-01,Sul,SC,Joinville,25.74,76.43,32.17,1.03,37.79,27.2,72.1,62.33,Moderada,Jan,1,Verão,False,23.166,19.1075,8.0425,8.24,3.779,PM2.5,25-28 °C,70-85%
2017,1,2017-01-01,Sul,RS,Porto Alegre,34.78,72.17,31.94,0.66,36.55,25.0,41.0,66.28,Moderada,Jan,1,Verão,False,31.302000000000003,18.0425,7.985,5.28,3.655,PM2.5,22-25 °C,até 55%
2017,1,2017-01-01,Sul,RS,Caxias do Sul,9.51,58.58,34.43,0.6,44.88,26.6,67.4,41.13,Boa,Jan,1,Verão,False,8.559,14.645,8.6075,4.8,4.488,PM10,25-28 °C,55-70%
2017,2,2017-02-01,Norte,AM,Manaus,21.87,87.42,30.42,1.66,42.48,26.4,79.8,66.7,Moderada,Fev,1,Verão,False,19.683,21.855,7.605,13.28,4.248,PM10,25-28 °C,70-85%
2017,2,2017-02-01,Norte,PA,Belém,27.65,60.9,36.83,1.68,28.14,21.8,41.8,65.58,Moderada,Fev,1,Verão,False,24.884999999999998,15.225,9.2075,13.44,2.814,PM2.5,até 22 °C,até 55%
2017,2,2017-02-01,Norte,PA,Santarém,25.52,74.89,32.96,0.8,35.23,24.2,40.1,59.88,Moderada,Fev,1,Verão,False,22.968,18.7225,8.24,6.4,3.5229999999999997,PM2.5,22-25 °C,até 55%
2017,2,2017-02-01,Norte,RO,Porto Velho,44.18,57.9,28.81,0.47,36.14,26.2,41.2,68.81,Moderada,Fev,1,Verão,False,39.762,14.475,7.2025,3.76,3.6140000000000003,PM2.5,25-28 °C,até 55%
2017,2,2017-02-01,Norte,TO,Palmas,29.95,72.55,28.72,1.64,49.8,27.7,80.4,70.41,Moderada,Fev,1,Verão,False,26.955,18.1375,7.18,13.12,4.98,PM2.5,25-28 °C,70-85%
2017,2,2017-02-01,Nordeste,BA,Salvador,40.38,62.52,18.76,1.39,28.01,27.8,86.3,70.62,Moderada,Fev,1,Verão,False,36.342000000000006,15.63,4.69,11.12,2.801,PM2.5,25-28 °C,acima de 85%
2017,2,2017-02-01,Nordeste,BA,Feira de Santana,20.9,63.95,29.17,1.07,44.19,24.8,61.4,55.09,Moderada,Fev,1,Verão,False,18.81,15.9875,7.2925,8.56,4.419,PM2.5,22-25 °C,55-70%
2017,2,2017-02-01,Nordeste,PE,Recife,39.82,81.69,17.95,0.96,28.12,26.2,65.6,71.27,Moderada,Fev,1,Verão,False,35.838,20.4225,4.4875,7.68,2.8120000000000003,PM2.5,25-28 °C,55-70%
2017,2,2017-02-01,Nordeste,PE,Jaboatão dos Guararapes,31.61,53.38,21.25,0.66,35.73,23.4,58.9,55.92,Moderada,Fev,1,Verão,False,28.449,13.345,5.3125,5.28,3.573,PM2.5,22-25 °C,55-70%
2017,2,2017-02-01,Nordeste,CE,Fortaleza,39.34,69.12,24.76,0.53,51.03,26.9,78.0,68.23,Moderada,Fev,1,Verão,False,35.406000000000006,17.28,6.19,4.24,5.103000000000001,PM2.5,25-28 °C,70-85%
2017,2,2017-02-01,Nordeste,CE,Juazeiro do Norte,47.97,49.18,16.97,1.58,31.68,25.2,93.1,75.49,Moderada,Fev,1,Verão,False,43.173,12.295,4.2425,12.64,3.168,PM2.5,25-28 °C,acima de 85%
2017,2,2017-02-01,Nordeste,MA,São Luís,33.32,83.3,29.59,0.39,53.8,23.0,93.6,66.7,Moderada,Fev,1,Verão,False,29.988,20.825,7.3975,3.12,5.38,PM2.5,22-25 °C,acima de 85%
2017,2,2017-02-01,Nordeste,PB,João Pessoa,30.64,65.56,28.72,1.24,24.71,22.2,92.2,63.52,Moderada,Fev,1,Verão,False,27.576,16.39,7.18,9.92,2.471,PM2.5,22-25 °C,acima de 85%
2017,2,2017-02-01,Centro-Oeste,DF,Brasília,32.89,53.72,26.39,1.02,37.6,25.3,69.1,61.57,Moderada,Fev,1,Verão,False,29.601000000000003,13.43,6.5975,8.16,3.7600000000000002,PM2.5,25-28 °C,55-70%
2017,2,2017-02-01,Centro-Oeste,GO,Goiânia,34.33,61.95,19.17,1.18,42.69,28.4,73.3,64.91,Moderada,Fev,1,Verão,False,30.897,15.4875,4.7925,9.44,4.269,PM2.5,acima de 28 °C,70-85%
2017,2,2017-02-01,Centro-Oeste,GO,Aparecida de Goiânia,37.36,86.27,18.94,1.12,45.63,23.1,71.8,73.47,Moderada,Fev,1,Verão,False,33.624,21.5675,4.735,8.96,4.563000000000001,PM2.5,22-25 °C,70-85%
2017,2,2017-02-01,Centro-Oeste,MT,Cuiabá,32.46,33.12,34.84,1.39,36.64,25.3,61.4,60.99,Moderada,Fev,1,Verão,False,29.214000000000002,8.28,8.71,11.12,3.664,PM2.5,25-28 °C,55-70%
2017,2,2017-02-01,Centro-Oeste,MS,Campo Grande,33.71,71.48,16.6,1.36,30.4,20.9,55.0,66.31,Moderada,Fev,1,Verão,False,30.339000000000002,17.87,4.15,10.88,3.04,PM2.5,até 22 °C,até 55%
2017,2,2017-02-01,Sudeste,SP,São Paulo,46.58,86.61,28.6,1.59,52.82,25.0,67.1,88.73,Ruim,Fev,1,Verão,True,41.922,21.6525,7.15,12.72,5.282,PM2.5,22-25 °C,55-70%
2017,2,2017-02-01,Sudeste,SP,Campinas,27.05,75.04,17.16,1.79,41.61,26.9,90.6,65.9,Moderada,Fev,1,Verão,False,24.345000000000002,18.76,4.29,14.32,4.1610000000000005,PM2.5,25-28 °C,acima de 85%
2017,2,2017-02-01,Sudeste,SP,Ribeirão Preto,13.79,66.43,22.85,1.38,15.9,26.1,57.7,47.4,Boa,Fev,1,Verão,False,12.411,16.6075,5.7125,11.04,1.59,PM10,25-28 °C,55-70%
2017,2,2017-02-01,Sudeste,RJ,Rio de Janeiro,34.82,106.69,13.64,1.63,32.04,24.7,46.3,77.67,Moderada,Fev,1,Verão,False,31.338,26.6725,3.41,13.04,3.204,PM2.5,22-25 °C,até 55%
2017,2,2017-02-01,Sudeste,RJ,Niterói,64.12,40.14,8.49,1.34,53.91,23.4,53.0,85.95,Ruim,Fev,1,Verão,True,57.708000000000006,10.035,2.1225,10.72,5.391,PM2.5,22-25 °C,até 55%
2017,2,2017-02-01,Sudeste,RJ,Nova Iguaçu,37.04,51.07,35.09,1.66,35.55,27.0,69.1,71.71,Moderada,Fev,1,Verão,False,33.336,12.7675,8.7725,13.28,3.5549999999999997,PM2.5,25-28 °C,55-70%
2017,2,2017-02-01,Sudeste,RJ,Petrópolis,44.08,82.52,24.79,0.8,42.03,21.5,67.9,77.13,Moderada,Fev,1,Verão,False,39.672,20.63,6.1975,6.4,4.203,PM2.5,até 22 °C,55-70%
2017,2,2017-02-01,Sudeste,MG,Belo Horizonte,16.47,69.2,17.19,1.41,38.34,24.3,64.6,51.5,Moderada,Fev,1,Verão,False,14.822999999999999,17.3,4.2975,11.28,3.8340000000000005,PM10,22-25 °C,55-70%
2017,2,2017-02-01,Sudeste,MG,Uberlândia,35.12,99.68,24.22,1.63,32.79,27.3,44.3,78.87,Moderada,Fev,1,Verão,False,31.607999999999997,24.92,6.055,13.04,3.279,PM2.5,25-28 °C,até 55%
2017,2,2017-02-01,Sudeste,MG,Juiz de Fora,34.98,75.79,19.36,1.08,37.1,26.3,86.7,67.66,Moderada,Fev,1,Verão,False,31.482,18.9475,4.84,8.64,3.7100000000000004,PM2.5,25-28 °C,acima de 85%
2017,2,2017-02-01,Sudeste,ES,Vitória,27.78,76.21,15.13,1.24,36.45,28.7,76.6,61.36,Moderada,Fev,1,Verão,False,25.002000000000002,19.0525,3.7825,9.92,3.6450000000000005,PM2.5,acima de 28 °C,70-85%
2017,2,2017-02-01,Sudeste,ES,Vila Velha,35.74,88.9,21.84,1.37,32.7,22.3,58.8,74.06,Moderada,Fev,1,Verão,False,32.166000000000004,22.225,5.46,10.96,3.2700000000000005,PM2.5,22-25 °C,55-70%
2017,2,2017-02-01,Sudeste,ES,Serra,54.06,79.52,31.9,1.4,32.44,21.9,80.8,90.92,Ruim,Fev,1,Verão,True,48.654,19.88,7.975,11.2,3.2439999999999998,PM2.5,até 22 °C,70-85%
2017,2,2017-02-01,Sul,PR,Curitiba,35.1,86.67,15.86,1.03,34.89,25.2,79.0,68.96,Moderada,Fev,1,Verão,False,31.590000000000003,21.6675,3.965,8.24,3.4890000000000003,PM2.5,25-28 °C,70-85%
2017,2,2017-02-01,Sul,PR,Londrina,29.51,48.2,19.25,1.32,41.87,24.0,55.2,58.15,Moderada,Fev,1,Verão,False,26.559,12.05,4.8125,10.56,4.187,PM2.5,22-25 °C,55-70%
2017,2,2017-02-01,Sul,SC,Florianópolis,44.38,95.29,17.27,1.2,32.75,24.3,90.8,80.98,Ruim,Fev,1,Verão,True,39.942,23.8225,4.3175,9.6,3.2750000000000004,PM2.5,22-25 °C,acima de 85%
2017,2,2017-02-01,Sul,SC,Joinville,23.08,84.14,29.37,0.48,36.01,22.2,72.7,56.57,Moderada,Fev,1,Verão,False,20.772,21.035,7.3425,3.84,3.601,PM10,22-25 °C,70-85%
2017,2,2017-02-01,Sul,RS,Porto Alegre,39.65,99.52,24.26,0.58,51.33,28.9,82.7,76.38,Moderada,Fev,1,Verão,False,35.685,24.88,6.065,4.64,5.133,PM2.5,acima de 28 °C,70-85%
2017,2,2017-02-01,Sul,RS,Caxias do Sul,46.86,73.47,37.8,0.45,42.05,28.6,90.8,77.82,Moderada,Fev,1,Verão,False,42.174,18.3675,9.45,3.6,4.205,PM2.5,acima de 28 °C,acima de 85%
2017,3,2017-03-01,Norte,AM,Manaus,41.54,83.28,11.34,1.3,29.47,26.7,74.6,74.36,Moderada,Mar,1,Outono,False,37.386,20.82,2.835,10.4,2.947,PM2.5,25-28 °C,70-85%
2017,3,2017-03-01,Norte,PA,Belém,53.17,39.11,18.99,1.72,42.82,25.7,47.0,80.4,Ruim,Mar,1,Outono,True,47.853,9.7775,4.7475,13.76,4.282,PM2.5,25-28 °C,até 55%
2017,3,2017-03-01,Norte,PA,Santarém,38.15,85.84,18.4,1.13,42.46,27.3,48.4,73.7,Moderada,Mar,1,Outono,False,34.335,21.46,4.6,9.04,4.246,PM2.5,25-28 °C,até 55%
2017,3,2017-03-01,Norte,RO,Porto Velho,25.29,90.41,32.03,1.49,29.8,28.1,84.8,68.25,Moderada,Mar,1,Outono,False,22.761,22.6025,8.0075,11.92,2.9800000000000004,PM2.5,acima de 28 °C,70-85%
2017,3,2017-03-01,Norte,TO,Palmas,35.28,77.04,30.88,0.35,56.15,22.4,54.0,67.12,Moderada,Mar,1,Outono,False,31.752000000000002,19.26,7.72,2.8,5.615,PM2.5,22-25 °C,até 55%
2017,3,2017-03-01,Nordeste,BA,Salvador,59.47,63.03,31.09,0.67,52.16,30.1,55.2,87.61,Ruim,Mar,1,Outono,True,53.523,15.7575,7.7725,5.36,5.216,PM2.5,acima de 28 °C,55-70%
2017,3,2017-03-01,Nordeste,BA,Feira de Santana,38.59,82.02,35.74,0.77,36.44,30.1,81.7,73.99,Moderada,Mar,1,Outono,False,34.731,20.505,8.935,6.16,3.644,PM2.5,acima de 28 °C,70-85%
2017,3,2017-03-01,Nordeste,PE,Recife,38.18,65.17,12.52,0.96,38.05,26.2,87.6,65.27,Moderada,Mar,1,Outono,False,34.362,16.2925,3.13,7.68,3.8049999999999997,PM2.5,25-28 °C,acima de 85%
2017,3,2017-03-01,Nordeste,PE,Jaboatão dos Guararapes,33.45,58.84,38.35,0.47,26.65,24.5,62.5,60.79,Moderada,Mar,1,Outono,False,30.105000000000004,14.71,9.5875,3.76,2.665,PM2.5,22-25 °C,55-70%
2017,3,2017-03-01,Nordeste,CE,Fortaleza,22.48,70.06,19.12,1.49,49.99,18.0,50.0,59.47,Moderada,Mar,1,Outono,False,20.232,17.515,4.78,11.92,4.9990000000000006,PM2.5,até 22 °C,até 55%
2017,3,2017-03-01,Nordeste,CE,Juazeiro do Norte,33.19,52.96,23.9,0.45,39.49,25.8,52.8,56.6,Moderada,Mar,1,Outono,False,29.871,13.24,5.975,3.6,3.9490000000000003,PM2.5,25-28 °C,até 55%
2017,3,2017-03-01,Nordeste,MA,São Luís,43.22,78.51,27.52,1.02,24.68,23.1,87.4,76.04,Moderada,Mar,1,Outono,False,38.898,19.6275,6.88,8.16,2.468,PM2.5,22-25 °C,acima de 85%
2017,3,2017-03-01,Nordeste,PB,João Pessoa,45.45,70.76,20.37,1.35,38.1,28.2,51.5,78.34,Moderada,Mar,1,Outono,False,40.905,17.69,5.0925,10.8,3.8100000000000005,PM2.5,acima de 28 °C,até 55%
2017,3,2017-03-01,Centro-Oeste,DF,Brasília,44.66,49.24,34.82,1.07,52.68,21.8,69.2,75.0,Moderada,Mar,1,Outono,False,40.193999999999996,12.31,8.705,8.56,5.268000000000001,PM2.5,até 22 °C,55-70%
2017,3,2017-03-01,Centro-Oeste,GO,Goiânia,36.13,61.33,27.96,0.49,30.8,23.9,72.2,61.85,Moderada,Mar,1,Outono,False,32.517,15.3325,6.99,3.92,3.08,PM2.5,22-25 °C,70-85%
2017,3,2017-03-01,Centro-Oeste,GO,Aparecida de Goiânia,26.73,62.68,16.52,0.43,52.01,27.3,61.7,52.49,Moderada,Mar,1,Outono,False,24.057000000000002,15.67,4.13,3.44,5.2010000000000005,PM2.5,25-28 °C,55-70%
2017,3,2017-03-01,Centro-Oeste,MT,Cuiabá,46.98,76.01,18.31,1.36,41.11,26.4,41.9,80.89,Ruim,Mar,1,Outono,True,42.282,19.0025,4.5775,10.88,4.111,PM2.5,25-28 °C,até 55%
2017,3,2017-03-01,Centro-Oeste,MS,Campo Grande,35.88,92.2,32.57,1.03,30.03,21.9,44.3,74.74,Moderada,Mar,1,Outono,False,32.292,23.05,8.1425,8.24,3.003,PM2.5,até 22 °C,até 55%
2017,3,2017-03-01,Sudeste,SP,São Paulo,24.4,101.03,21.11,1.42,42.35,22.8,79.9,68.11,Moderada,Mar,1,Outono,False,21.96,25.2575,5.2775,11.36,4.235,PM10,22-25 °C,70-85%
2017,3,2017-03-01,Sudeste,SP,Campinas,28.96,94.08,34.93,0.38,28.16,28.0,87.3,64.16,Moderada,Mar,1,Outono,False,26.064,23.52,8.7325,3.04,2.8160000000000003,PM2.5,25-28 °C,acima de 85%
2017,3,2017-03-01,Sudeste,SP,Ribeirão Preto,31.9,53.27,25.31,0.33,42.8,27.9,76.9,55.31,Moderada,Mar,1,Outono,False,28.71,13.3175,6.3275,2.64,4.28,PM2.5,25-28 °C,70-85%
2017,3,2017-03-01,Sudeste,RJ,Rio de Janeiro,37.27,89.82,14.31,0.99,52.05,22.5,51.4,72.71,Moderada,Mar,1,Outono,False,33.543000000000006,22.455,3.5775,7.92,5.205,PM2.5,22-25 °C,até 55%
2017,3,2017-03-01,Sudeste,RJ,Niterói,33.11,73.65,24.27,0.84,48.63,26.6,62.2,65.86,Moderada,Mar,1,Outono,False,29.799,18.4125,6.0675,6.72,4.863,PM2.5,25-28 °C,55-70%
2017,3,2017-03-01,Sudeste,RJ,Nova Iguaçu,22.14,33.08,14.7,1.05,23.52,26.7,44.9,42.64,Boa,Mar,1,Outono,False,19.926000000000002,8.27,3.675,8.4,2.352,PM2.5,25-28 °C,até 55%
2017,3,2017-03-01,Sudeste,RJ,Petrópolis,21.21,75.21,17.93,0.52,45.61,23.4,79.0,51.07,Moderada,Mar,1,Outono,False,19.089000000000002,18.8025,4.4825,4.16,4.561,PM2.5,22-25 °C,70-85%
2017,3,2017-03-01,Sudeste,MG,Belo Horizonte,13.28,109.88,25.74,1.67,30.92,22.2,81.9,62.33,Moderada,Mar,1,Outono,False,11.952,27.47,6.435,13.36,3.0920000000000005,PM10,22-25 °C,70-85%
2017,3,2017-03-01,Sudeste,MG,Uberlândia,28.2,64.23,27.97,1.67,51.98,25.8,78.6,66.95,Moderada,Mar,1,Outono,False,25.38,16.0575,6.9925,13.36,5.198,PM2.5,25-28 °C,70-85%
2017,3,2017-03-01,Sudeste,MG,Juiz de Fora,36.75,78.57,30.68,1.79,30.28,27.0,41.9,77.72,Moderada,Mar,1,Outono,False,33.075,19.6425,7.67,14.32,3.0280000000000005,PM2.5,25-28 °C,até 55%
2017,3,2017-03-01,Sudeste,ES,Vitória,37.22,49.0,16.31,0.58,17.88,21.5,69.3,56.26,Moderada,Mar,1,Outono,False,33.498,12.25,4.0775,4.64,1.788,PM2.5,até 22 °C,55-70%
2017,3,2017-03-01,Sudeste,ES,Vila Velha,37.61,34.34,23.57,0.9,30.53,26.7,42.5,58.61,Moderada,Mar,1,Outono,False,33.849000000000004,8.585,5.8925,7.2,3.0530000000000004,PM2.5,25-28 °C,até 55%
2017,3,2017-03-01,Sudeste,ES,Serra,40.53,91.71,31.74,1.31,32.05,29.6,64.4,81.04,Ruim,Mar,1,Outono,True,36.477000000000004,22.9275,7.935,10.48,3.205,PM2.5,acima de 28 °C,55-70%
2017,3,2017-03-01,Sul,PR,Curitiba,42.55,77.48,30.43,1.72,53.78,20.6,48.3,84.41,Ruim,Mar,1,Outono,True,38.295,19.37,7.6075,13.76,5.378,PM2.5,até 22 °C,até 55%
2017,3,2017-03-01,Sul,PR,Londrina,51.83,69.08,25.23,1.67,38.91,23.9,64.5,87.47,Ruim,Mar,1,Outono,True,46.647,17.27,6.3075,13.36,3.891,PM2.5,22-25 °C,55-70%
2017,3,2017-03-01,Sul,SC,Florianópolis,32.96,63.2,17.1,0.86,45.62,23.7,50.2,61.18,Moderada,Mar,1,Outono,False,29.664,15.8,4.275,6.88,4.562,PM2.5,22-25 °C,até 55%
2017,3,2017-03-01,Sul,SC,Joinville,46.57,104.86,26.4,1.45,42.93,29.1,75.5,90.66,Ruim,Mar,1,Outono,True,41.913000000000004,26.215,6.6,11.6,4.293,PM2.5,acima de 28 °C,70-85%
2017,3,2017-03-01,Sul,RS,Porto Alegre,35.64,56.97,26.53,1.5,35.79,23.5,67.8,68.51,Moderada,Mar,1,Outono,False,32.076,14.2425,6.6325,12.0,3.579,PM2.5,22-25 °C,55-70%
2017,3,2017-03-01,Sul,RS,Caxias do Sul,25.56,63.91,16.23,1.12,36.03,28.4,56.1,55.64,Moderada,Mar,1,Outono,False,23.003999999999998,15.9775,4.0575,8.96,3.603,PM2.5,acima de 28 °C,55-70%
2017,4,2017-04-01,Norte,AM,Manaus,22.93,83.74,7.01,0.38,52.35,18.8,74.1,51.59,Moderada,Abr,2,Outono,False,20.637,20.935,1.7525,3.04,5.235,PM10,até 22 °C,70-85%
2017,4,2017-04-01,Norte,PA,Belém,49.57,53.55,1.0,0.73,42.25,20.8,72.9,68.3,Moderada,Abr,2,Outono,False,44.613,13.3875,0.25,5.84,4.2250000000000005,PM2.5,até 22 °C,70-85%
2017,4,2017-04-01,Norte,PA,Santarém,25.28,56.55,28.97,0.65,29.54,26.5,41.4,52.32,Moderada,Abr,2,Outono,False,22.752000000000002,14.1375,7.2425,5.2,2.954,PM2.5,25-28 °C,até 55%
2017,4,2017-04-01,Norte,RO,Porto Velho,48.21,99.51,23.76,1.77,31.86,28.1,90.0,91.55,Ruim,Abr,2,Outono,True,43.389,24.8775,5.94,14.16,3.186,PM2.5,acima de 28 °C,acima de 85%
2017,4,2017-04-01,Norte,TO,Palmas,31.12,80.55,11.44,1.58,45.73,30.6,68.0,68.23,Moderada,Abr,2,Outono,False,28.008000000000003,20.1375,2.86,12.64,4.5729999999999995,PM2.5,acima de 28 °C,55-70%
2017,4,2017-04-01,Nordeste,BA,Salvador,21.34,107.25,28.76,1.58,53.92,26.9,67.8,71.27,Moderada,Abr,2,Outono,False,19.206,26.8125,7.19,12.64,5.392,PM10,25-28 °C,55-70%
2017,4,2017-04-01,Nordeste,BA,Feira de Santana,47.41,79.64,9.88,0.68,47.38,21.0,41.7,75.19,Moderada,Abr,2,Outono,False,42.669,19.91,2.47,5.44,4.738,PM2.5,até 22 °C,até 55%
2017,4,2017-04-01,Nordeste,PE,Recife,40.98,55.43,28.06,0.78,57.28,25.6,63.6,69.71,Moderada,Abr,2,Outono,False,36.882,13.8575,7.015,6.24,5.728000000000001,PM2.5,25-28 °C,55-70%
2017,4,2017-04-01,Nordeste,PE,Jaboatão dos Guararapes,36.59,66.93,28.89,0.45,43.84,24.1,42.4,64.88,Moderada,Abr,2,Outono,False,32.931000000000004,16.7325,7.2225,3.6,4.384,PM2.5,22-25 °C,até 55%
2017,4,2017-04-01,Nordeste,CE,Fortaleza,35.6,81.12,22.48,1.62,21.71,25.6,43.7,73.05,Moderada,Abr,2,Outono,False,32.04,20.28,5.62,12.96,2.1710000000000003,PM2.5,25-28 °C,até 55%
2017,4,2017-04-01,Nordeste,CE,Juazeiro do Norte,23.49,52.5,27.76,1.32,48.32,26.9,42.5,56.64,Moderada,Abr,2,Outono,False,21.141,13.125,6.94,10.56,4.832000000000001,PM2.5,25-28 °C,até 55%
2017,4,2017-04-01,Nordeste,MA,São Luís,34.35,52.3,17.41,1.11,47.09,23.7,76.1,61.89,Moderada,Abr,2,Outono,False,30.915000000000003,13.075,4.3525,8.88,4.7090000000000005,PM2.5,22-25 °C,70-85%
2017,4,2017-04-01,Nordeste,PB,João Pessoa,39.38,49.02,45.2,1.59,38.27,21.5,42.8,75.52,Moderada,Abr,2,Outono,False,35.442,12.255,11.3,12.72,3.8270000000000004,PM2.5,até 22 °C,até 55%
2017,4,2017-04-01,Centro-Oeste,DF,Brasília,33.69,57.51,34.29,1.33,39.96,25.1,42.3,67.91,Moderada,Abr,2,Outono,False,30.320999999999998,14.3775,8.5725,10.64,3.9960000000000004,PM2.5,25-28 °C,até 55%
2017,4,2017-04-01,Centro-Oeste,GO,Goiânia,41.54,58.55,19.02,0.41,32.33,23.2,46.2,63.32,Moderada,Abr,2,Outono,False,37.386,14.6375,4.755,3.28,3.233,PM2.5,22-25 °C,até 55%
2017,4,2017-04-01,Centro-Oeste,GO,Aparecida de Goiânia,39.95,82.95,15.32,0.7,37.31,23.8,52.7,69.83,Moderada,Abr,2,Outono,False,35.955000000000005,20.7375,3.83,5.6,3.7310000000000003,PM2.5,22-25 °C,até 55%
2017,4,2017-04-01,Centro-Oeste,MT,Cuiabá,34.44,94.98,34.36,0.79,44.09,24.3,40.0,74.09,Moderada,Abr,2,Outono,False,30.996,23.745,8.59,6.32,4.409000000000001,PM2.5,22-25 °C,até 55%
2017,4,2017-04-01,Centro-Oeste,MS,Campo Grande,40.95,54.44,41.9,1.73,38.44,23.4,93.4,78.62,Moderada,Abr,2,Outono,False,36.855000000000004,13.61,10.475,13.84,3.844,PM2.5,22-25 °C,acima de 85%
2017,4,2017-04-01,Sudeste,SP,São Paulo,24.37,86.48,19.36,0.72,30.43,26.8,60.2,57.19,Moderada,Abr,2,Outono,False,21.933,21.62,4.84,5.76,3.043,PM2.5,25-28 °C,55-70%
2017,4,2017-04-01,Sudeste,SP,Campinas,39.98,69.5,34.52,1.09,27.37,20.6,41.5,73.43,Moderada,Abr,2,Outono,False,35.982,17.375,8.63,8.72,2.737,PM2.5,até 22 °C,até 55%
2017,4,2017-04-01,Sudeste,SP,Ribeirão Preto,33.16,77.78,27.56,0.89,35.03,21.9,71.7,66.84,Moderada,Abr,2,Outono,False,29.843999999999998,19.445,6.89,7.12,3.503,PM2.5,até 22 °C,70-85%
2017,4,2017-04-01,Sudeste,RJ,Rio de Janeiro,34.28,61.75,17.76,1.34,46.07,28.6,55.2,66.04,Moderada,Abr,2,Outono,False,30.852,15.4375,4.44,10.72,4.607,PM2.5,acima de 28 °C,55-70%
2017,4,2017-04-01,Sudeste,RJ,Niterói,45.91,44.73,36.95,1.77,38.49,24.5,65.8,79.78,Moderada,Abr,2,Outono,False,41.318999999999996,11.1825,9.2375,14.16,3.849,PM2.5,22-25 °C,55-70%
2017,4,2017-04-01,Sudeste,RJ,Nova Iguaçu,49.39,47.28,32.77,1.33,32.97,22.4,88.5,78.37,Moderada,Abr,2,Outono,False,44.451,11.82,8.1925,10.64,3.297,PM2.5,22-25 °C,acima de 85%
2017,4,2017-04-01,Sudeste,RJ,Petrópolis,24.82,33.43,25.45,1.71,44.04,26.0,64.6,55.15,Moderada,Abr,2,Outono,False,22.338,8.3575,6.3625,13.68,4.404,PM2.5,25-28 °C,55-70%
2017,4,2017-04-01,Sudeste,MG,Belo Horizonte,17.19,41.75,39.22,0.55,47.0,26.9,51.2,44.8,Boa,Abr,2,Outono,False,15.471000000000002,10.4375,9.805,4.4,4.7,PM2.5,25-28 °C,até 55%
2017,4,2017-04-01,Sudeste,MG,Uberlândia,40.57,71.83,27.33,0.91,30.81,18.2,64.3,71.66,Moderada,Abr,2,Outono,False,36.513,17.9575,6.8325,7.28,3.081,PM2.5,até 22 °C,55-70%
2017,4,2017-04-01,Sudeste,MG,Juiz de Fora,33.33,64.89,19.68,0.37,19.45,28.4,82.3,56.07,Moderada,Abr,2,Outono,False,29.997,16.2225,4.92,2.96,1.945,PM2.5,acima de 28 °C,70-85%
2017,4,2017-04-01,Sudeste,ES,Vitória,27.67,92.22,28.14,0.69,43.04,24.3,48.1,64.81,Moderada,Abr,2,Outono,False,24.903000000000002,23.055,7.035,5.52,4.304,PM2.5,22-25 °C,até 55%
2017,4,2017-04-01,Sudeste,ES,Vila Velha,38.68,47.93,36.59,1.04,42.63,25.3,42.5,68.57,Moderada,Abr,2,Outono,False,34.812,11.9825,9.1475,8.32,4.263000000000001,PM2.5,25-28 °C,até 55%
2017,4,2017-04-01,Sudeste,ES,Serra,22.58,33.66,37.35,0.65,51.19,28.0,94.4,48.43,Boa,Abr,2,Outono,False,20.322,8.415,9.3375,5.2,5.119,PM2.5,25-28 °C,acima de 85%
2017,4,2017-04-01,Sul,PR,Curitiba,42.58,73.41,29.53,1.2,35.72,28.7,58.1,77.26,Moderada,Abr,2,Outono,False,38.322,18.3525,7.3825,9.6,3.572,PM2.5,acima de 28 °C,55-70%
2017,4,2017-04-01,Sul,PR,Londrina,28.56,95.7,19.83,1.41,45.09,21.3,55.9,70.41,Moderada,Abr,2,Outono,False,25.704,23.925,4.9575,11.28,4.509,PM2.5,até 22 °C,55-70%
2017,4,2017-04-01,Sul,SC,Florianópolis,41.13,58.84,20.86,1.34,53.23,20.7,40.6,73.02,Moderada,Abr,2,Outono,False,37.017,14.71,5.215,10.72,5.323,PM2.5,até 22 °C,até 55%
2017,4,2017-04-01,Sul,SC,Joinville,33.24,84.68,38.44,0.99,48.27,28.1,75.8,73.43,Moderada,Abr,2,Outono,False,29.916000000000004,21.17,9.61,7.92,4.827000000000001,PM2.5,acima de 28 °C,70-85%
2017,4,2017-04-01,Sul,RS,Porto Alegre,41.35,84.86,35.37,1.28,36.57,23.1,79.7,81.17,Ruim,Abr,2,Outono,True,37.215,21.215,8.8425,10.24,3.657,PM2.5,22-25 °C,70-85%
2017,4,2017-04-01,Sul,RS,Caxias do Sul,40.62,59.6,19.24,0.58,43.48,20.8,44.7,65.23,Moderada,Abr,2,Outono,False,36.558,14.9,4.81,4.64,4.348,PM2.5,até 22 °C,até 55%
2017,5,2017-05-01,Norte,AM,Manaus,35.53,36.94,8.19,0.34,33.51,24.5,89.1,49.33,Boa,Mai,2,Outono,False,31.977,9.235,2.0475,2.72,3.351,PM2.5,22-25 °C,acima de 85%
2017,5,2017-05-01,Norte,PA,Belém,27.14,97.13,21.75,1.38,54.5,27.8,57.5,70.63,Moderada,Mai,2,Outono,False,24.426000000000002,24.2825,5.4375,11.04,5.45,PM2.5,25-28 °C,55-70%
2017,5,2017-05-01,Norte,PA,Santarém,19.55,72.47,13.77,0.57,50.75,23.5,57.9,48.81,Boa,Mai,2,Outono,False,17.595000000000002,18.1175,3.4425,4.56,5.075,PM10,22-25 °C,55-70%
2017,5,2017-05-01,Norte,RO,Porto Velho,22.59,46.72,28.91,1.35,29.61,25.5,62.8,53.03,Moderada,Mai,2,Outono,False,20.331,11.68,7.2275,10.8,2.9610000000000003,PM2.5,25-28 °C,55-70%
2017,5,2017-05-01,Norte,TO,Palmas,35.11,57.95,31.9,1.39,23.15,21.0,84.7,67.53,Moderada,Mai,2,Outono,False,31.599,14.4875,7.975,11.12,2.315,PM2.5,até 22 °C,70-85%
2017,5,2017-05-01,Nordeste,BA,Salvador,46.92,59.2,16.25,0.94,52.98,27.1,90.5,73.88,Moderada,Mai,2,Outono,False,42.228,14.8,4.0625,7.52,5.298,PM2.5,25-28 °C,acima de 85%
2017,5,2017-05-01,Nordeste,BA,Feira de Santana,25.36,94.53,9.46,0.81,32.83,22.3,83.1,58.57,Moderada,Mai,2,Outono,False,22.824,23.6325,2.365,6.48,3.283,PM10,22-25 °C,70-85%
2017,5,2017-05-01,Nordeste,PE,Recife,23.12,71.96,23.17,0.69,27.9,23.4,91.7,52.94,Moderada,Mai,2,Outono,False,20.808,17.99,5.7925,5.52,2.79,PM2.5,22-25 °C,acima de 85%
2017,5,2017-05-01,Nordeste,PE,Jaboatão dos Guararapes,27.64,69.48,25.32,1.71,30.13,19.5,65.9,65.29,Moderada,Mai,2,Outono,False,24.876,17.37,6.33,13.68,3.013,PM2.5,até 22 °C,55-70%
2017,5,2017-05-01,Nordeste,CE,Fortaleza,42.48,98.27,16.14,1.68,49.72,27.5,40.1,85.24,Ruim,Mai,2,Outono,True,38.232,24.5675,4.035,13.44,4.972,PM2.5,25-28 °C,até 55%
2017,5,2017-05-01,Nordeste,CE,Juazeiro do Norte,27.55,79.14,33.55,1.5,53.03,23.2,78.6,70.29,Moderada,Mai,2,Outono,False,24.795,19.785,8.3875,12.0,5.303000000000001,PM2.5,22-25 °C,70-85%
2017,5,2017-05-01,Nordeste,MA,São Luís,20.39,71.48,15.31,1.69,44.73,18.6,81.1,58.04,Moderada,Mai,2,Outono,False,18.351000000000003,17.87,3.8275,13.52,4.473,PM2.5,até 22 °C,70-85%
2017,5,2017-05-01,Nordeste,PB,João Pessoa,27.65,60.39,26.2,1.27,46.91,24.1,54.1,61.41,Moderada,Mai,2,Outono,False,24.884999999999998,15.0975,6.55,10.16,4.691,PM2.5,22-25 °C,até 55%
2017,5,2017-05-01,Centro-Oeste,DF,Brasília,40.09,36.57,25.65,1.59,36.8,26.6,46.8,68.06,Moderada,Mai,2,Outono,False,36.081,9.1425,6.4125,12.72,3.6799999999999997,PM2.5,25-28 °C,até 55%
2017,5,2017-05-01,Centro-Oeste,GO,Goiânia,49.22,80.21,31.76,1.09,33.9,24.3,74.3,84.38,Ruim,Mai,2,Outono,True,44.298,20.0525,7.94,8.72,3.39,PM2.5,22-25 °C,70-85%
2017,5,2017-05-01,Centro-Oeste,GO,Aparecida de Goiânia,55.65,105.29,34.45,0.93,38.53,25.2,58.1,96.33,Ruim,Mai,2,Outono,True,50.085,26.3225,8.6125,7.44,3.853,PM2.5,25-28 °C,55-70%
2017,5,2017-05-01,Centro-Oeste,MT,Cuiabá,25.95,67.86,29.76,1.6,43.72,20.7,62.7,64.95,Moderada,Mai,2,Outono,False,23.355,16.965,7.44,12.8,4.372,PM2.5,até 22 °C,55-70%
2017,5,2017-05-01,Centro-Oeste,MS,Campo Grande,28.75,51.77,35.18,1.35,50.94,30.1,45.5,63.54,Moderada,Mai,2,Outono,False,25.875,12.9425,8.795,10.8,5.094,PM2.5,acima de 28 °C,até 55%
2017,5,2017-05-01,Sudeste,SP,São Paulo,50.34,85.05,40.35,1.44,51.3,24.1,58.5,93.29,Ruim,Mai,2,Outono,True,45.306000000000004,21.2625,10.0875,11.52,5.13,PM2.5,22-25 °C,55-70%
2017,5,2017-05-01,Sudeste,SP,Campinas,31.84,51.4,22.74,1.29,55.72,24.6,88.0,63.12,Moderada,Mai,2,Outono,False,28.656,12.85,5.685,10.32,5.572,PM2.5,22-25 °C,acima de 85%
2017,5,2017-05-01,Sudeste,SP,Ribeirão Preto,31.74,54.34,21.42,1.69,51.31,24.9,65.3,66.15,Moderada,Mai,2,Outono,False,28.566,13.585,5.355,13.52,5.131,PM2.5,22-25 °C,55-70%
2017,5,2017-05-01,Sudeste,RJ,Rio de Janeiro,23.56,71.52,16.58,1.77,49.68,24.7,58.4,62.39,Moderada,Mai,2,Outono,False,21.204,17.88,4.145,14.16,4.968,PM2.5,22-25 °C,55-70%
2017,5,2017-05-01,Sudeste,RJ,Niterói,50.5,66.16,29.81,1.63,20.97,27.4,49.7,84.6,Ruim,Mai,2,Outono,True,45.45,16.54,7.4525,13.04,2.097,PM2.5,25-28 °C,até 55%
2017,5,2017-05-01,Sudeste,RJ,Nova Iguaçu,31.45,72.45,33.19,1.37,15.68,28.1,81.0,67.28,Moderada,Mai,2,Outono,False,28.305,18.1125,8.2975,10.96,1.568,PM2.5,acima de 28 °C,70-85%
2017,5,2017-05-01,Sudeste,RJ,Petrópolis,38.57,51.73,21.42,1.66,46.14,25.1,56.7,70.86,Moderada,Mai,2,Outono,False,34.713,12.9325,5.355,13.28,4.614,PM2.5,25-28 °C,55-70%
2017,5,2017-05-01,Sudeste,MG,Belo Horizonte,41.69,58.18,35.61,1.49,40.82,28.0,46.0,76.97,Moderada,Mai,2,Outono,False,37.521,14.545,8.9025,11.92,4.082,PM2.5,25-28 °C,até 55%
2017,5,2017-05-01,Sudeste,MG,Uberlândia,28.37,69.69,26.96,1.35,53.03,25.9,88.5,65.77,Moderada,Mai,2,Outono,False,25.533,17.4225,6.74,10.8,5.303000000000001,PM2.5,25-28 °C,acima de 85%
2017,5,2017-05-01,Sudeste,MG,Juiz de Fora,36.95,71.64,24.59,0.9,49.77,23.7,91.6,69.46,Moderada,Mai,2,Outono,False,33.255,17.91,6.1475,7.2,4.977,PM2.5,22-25 °C,acima de 85%
2017,5,2017-05-01,Sudeste,ES,Vitória,32.35,78.88,34.86,0.79,38.09,28.9,75.7,67.69,Moderada,Mai,2,Outono,False,29.115000000000002,19.72,8.715,6.32,3.8090000000000006,PM2.5,acima de 28 °C,70-85%
2017,5,2017-05-01,Sudeste,ES,Vila Velha,53.82,68.34,21.93,1.45,54.87,27.3,94.6,88.1,Ruim,Mai,2,Outono,True,48.438,17.085,5.4825,11.6,5.487,PM2.5,25-28 °C,acima de 85%
2017,5,2017-05-01,Sudeste,ES,Serra,25.22,68.33,24.91,0.75,41.85,26.5,89.4,56.21,Moderada,Mai,2,Outono,False,22.698,17.0825,6.2275,6.0,4.1850000000000005,PM2.5,25-28 °C,acima de 85%
2017,5,2017-05-01,Sul,PR,Curitiba,40.98,63.41,33.31,1.45,45.95,22.0,48.8,77.22,Moderada,Mai,2,Outono,False,36.882,15.8525,8.3275,11.6,4.595000000000001,PM2.5,até 22 °C,até 55%
2017,5,2017-05-01,Sul,PR,Londrina,32.6,52.61,20.66,0.99,48.92,23.9,53.2,60.47,Moderada,Mai,2,Outono,False,29.340000000000003,13.1525,5.165,7.92,4.892,PM2.5,22-25 °C,até 55%
2017,5,2017-05-01,Sul,SC,Florianópolis,42.54,47.12,28.9,0.89,35.38,25.5,63.8,67.92,Moderada,Mai,2,Outono,False,38.286,11.78,7.225,7.12,3.5380000000000003,PM2.5,25-28 °C,55-70%
2017,5,2017-05-01,Sul,SC,Joinville,10.7,78.04,13.96,0.44,37.35,21.1,79.6,39.89,Boa,Mai,2,Outono,False,9.629999999999999,19.51,3.49,3.52,3.7350000000000003,PM10,até 22 °C,70-85%
2017,5,2017-05-01,Sul,RS,Porto Alegre,20.89,89.44,24.73,0.49,50.71,22.2,52.8,56.37,Moderada,Mai,2,Outono,False,18.801000000000002,22.36,6.1825,3.92,5.071000000000001,PM10,22-25 °C,até 55%
2017,5,2017-05-01,Sul,RS,Caxias do Sul,38.48,68.79,20.23,0.93,51.7,23.7,69.5,69.48,Moderada,Mai,2,Outono,False,34.632,17.1975,5.0575,7.44,5.170000000000001,PM2.5,22-25 °C,55-70%
2017,6,2017-06-01,Norte,AM,Manaus,46.65,87.45,28.55,0.49,48.49,28.8,56.9,79.75,Moderada,Jun,2,Inverno,False,41.985,21.8625,7.1375,3.92,4.849,PM2.5,acima de 28 °C,55-70%
2017,6,2017-06-01,Norte,PA,Belém,30.53,97.03,32.37,1.29,33.89,25.3,55.7,73.5,Moderada,Jun,2,Inverno,False,27.477,24.2575,8.0925,10.32,3.3890000000000002,PM2.5,25-28 °C,55-70%
2017,6,2017-06-01,Norte,PA,Santarém,31.16,54.19,23.32,0.99,60.32,23.3,91.1,61.36,Moderada,Jun,2,Inverno,False,28.044,13.5475,5.83,7.92,6.032,PM2.5,22-25 °C,acima de 85%
2017,6,2017-06-01,Norte,RO,Porto Velho,42.73,88.61,14.02,0.54,47.12,24.7,90.6,73.12,Moderada,Jun,2,Inverno,False,38.457,22.1525,3.505,4.32,4.712,PM2.5,22-25 °C,acima de 85%
2017,6,2017-06-01,Norte,TO,Palmas,42.43,37.5,34.91,1.26,35.37,26.4,66.2,69.94,Moderada,Jun,2,Inverno,False,38.187,9.375,8.7275,10.08,3.537,PM2.5,25-28 °C,55-70%
2017,6,2017-06-01,Nordeste,BA,Salvador,32.72,74.55,33.68,0.95,46.3,22.5,87.3,68.74,Moderada,Jun,2,Inverno,False,29.448,18.6375,8.42,7.6,4.63,PM2.5,22-25 °C,acima de 85%
2017,6,2017-06-01,Nordeste,BA,Feira de Santana,34.47,44.96,24.74,1.52,39.5,24.5,93.6,64.57,Moderada,Jun,2,Inverno,False,31.023,11.24,6.185,12.16,3.95,PM2.5,22-25 °C,acima de 85%
2017,6,2017-06-01,Nordeste,PE,Recife,34.27,65.41,32.43,0.58,41.37,27.1,71.2,64.11,Moderada,Jun,2,Inverno,False,30.843000000000004,16.3525,8.1075,4.64,4.137,PM2.5,25-28 °C,70-85%
2017,6,2017-06-01,Nordeste,PE,Jaboatão dos Guararapes,22.16,71.15,30.74,1.59,41.34,27.4,43.1,62.3,Moderada,Jun,2,Inverno,False,19.944,17.7875,7.685,12.72,4.134,PM2.5,25-28 °C,até 55%
2017,6,2017-06-01,Nordeste,CE,Fortaleza,45.32,89.41,23.23,0.74,30.28,25.5,65.7,77.91,Moderada,Jun,2,Inverno,False,40.788000000000004,22.3525,5.8075,5.92,3.0280000000000005,PM2.5,25-28 °C,55-70%
2017,6,2017-06-01,Nordeste,CE,Juazeiro do Norte,55.85,35.89,36.57,1.1,22.3,25.0,76.3,79.43,Moderada,Jun,2,Inverno,False,50.265,8.9725,9.1425,8.8,2.23,PM2.5,22-25 °C,70-85%
2017,6,2017-06-01,Nordeste,MA,São Luís,44.69,49.09,28.12,1.67,41.93,25.8,88.2,77.09,Moderada,Jun,2,Inverno,False,40.221,12.2725,7.03,13.36,4.1930000000000005,PM2.5,25-28 °C,acima de 85%
2017,6,2017-06-01,Nordeste,PB,João Pessoa,36.13,104.45,17.6,0.49,40.52,25.4,92.4,70.98,Moderada,Jun,2,Inverno,False,32.517,26.1125,4.4,3.92,4.0520000000000005,PM2.5,25-28 °C,acima de 85%
2017,6,2017-06-01,Centro-Oeste,DF,Brasília,19.03,52.34,30.22,0.66,72.31,24.0,71.9,50.26,Moderada,Jun,2,Inverno,False,17.127000000000002,13.085,7.555,5.28,7.231000000000001,PM2.5,22-25 °C,70-85%
2017,6,2017-06-01,Centro-Oeste,GO,Goiânia,45.97,67.51,31.0,0.95,53.21,19.8,88.8,78.92,Moderada,Jun,2,Inverno,False,41.373,16.8775,7.75,7.6,5.321000000000001,PM2.5,até 22 °C,acima de 85%
2017,6,2017-06-01,Centro-Oeste,GO,Aparecida de Goiânia,33.69,90.86,14.69,1.29,56.76,27.3,93.5,72.7,Moderada,Jun,2,Inverno,False,30.320999999999998,22.715,3.6725,10.32,5.676,PM2.5,25-28 °C,acima de 85%
2017,6,2017-06-01,Centro-Oeste,MT,Cuiabá,22.65,77.79,14.96,1.03,33.97,23.1,84.0,55.19,Moderada,Jun,2,Inverno,False,20.384999999999998,19.4475,3.74,8.24,3.3970000000000002,PM2.5,22-25 °C,70-85%
2017,6,2017-06-01,Centro-Oeste,MS,Campo Grande,33.17,51.53,15.01,0.34,43.01,31.4,47.4,53.54,Moderada,Jun,2,Inverno,False,29.853,12.8825,3.7525,2.72,4.301,PM2.5,acima de 28 °C,até 55%
2017,6,2017-06-01,Sudeste,SP,São Paulo,28.44,94.8,31.11,0.4,29.91,26.1,43.2,63.24,Moderada,Jun,2,Inverno,False,25.596,23.7,7.7775,3.2,2.991,PM2.5,25-28 °C,até 55%
2017,6,2017-06-01,Sudeste,SP,Campinas,35.19,43.61,26.75,1.07,39.85,33.0,49.2,61.81,Moderada,Jun,2,Inverno,False,31.671,10.9025,6.6875,8.56,3.9850000000000003,PM2.5,acima de 28 °C,até 55%
2017,6,2017-06-01,Sudeste,SP,Ribeirão Preto,24.55,126.0,18.39,0.65,40.78,22.9,78.3,67.47,Moderada,Jun,2,Inverno,False,22.095000000000002,31.5,4.5975,5.2,4.078,PM10,22-25 °C,70-85%
2017,6,2017-06-01,Sudeste,RJ,Rio de Janeiro,26.05,65.58,22.06,1.49,42.21,27.0,51.9,61.48,Moderada,Jun,2,Inverno,False,23.445,16.395,5.515,11.92,4.221,PM2.5,25-28 °C,até 55%
2017,6,2017-06-01,Sudeste,RJ,Niterói,28.59,78.06,22.14,0.59,41.25,29.4,68.4,59.66,Moderada,Jun,2,Inverno,False,25.731,19.515,5.535,4.72,4.125,PM2.5,acima de 28 °C,55-70%
2017,6,2017-06-01,Sudeste,RJ,Nova Iguaçu,35.71,62.98,21.89,0.8,43.53,27.1,92.3,64.09,Moderada,Jun,2,Inverno,False,32.139,15.745,5.4725,6.4,4.353000000000001,PM2.5,25-28 °C,acima de 85%
2017,6,2017-06-01,Sudeste,RJ,Petrópolis,34.51,93.09,18.19,0.71,33.67,28.3,85.6,67.9,Moderada,Jun,2,Inverno,False,31.058999999999997,23.2725,4.5475,5.68,3.3670000000000004,PM2.5,acima de 28 °C,acima de 85%
2017,6,2017-06-01,Sudeste,MG,Belo Horizonte,39.97,91.1,30.96,1.02,45.3,26.9,71.8,79.17,Moderada,Jun,2,Inverno,False,35.973,22.775,7.74,8.16,4.53,PM2.5,25-28 °C,70-85%
2017,6,2017-06-01,Sudeste,MG,Uberlândia,33.52,89.78,30.19,0.71,39.03,20.3,77.2,69.77,Moderada,Jun,2,Inverno,False,30.168000000000003,22.445,7.5475,5.68,3.9030000000000005,PM2.5,até 22 °C,70-85%
2017,6,2017-06-01,Sudeste,MG,Juiz de Fora,20.52,60.21,36.45,0.73,42.84,18.2,92.7,52.76,Moderada,Jun,2,Inverno,False,18.468,15.0525,9.1125,5.84,4.284000000000001,PM2.5,até 22 °C,acima de 85%
2017,6,2017-06-01,Sudeste,ES,Vitória,42.36,63.6,32.7,0.42,34.85,33.0,89.5,69.07,Moderada,Jun,2,Inverno,False,38.124,15.9,8.175,3.36,3.4850000000000003,PM2.5,acima de 28 °C,acima de 85%
2017,6,2017-06-01,Sudeste,ES,Vila Velha,34.32,50.95,19.99,0.61,45.37,25.2,86.4,58.03,Moderada,Jun,2,Inverno,False,30.888,12.7375,4.9975,4.88,4.537,PM2.5,25-28 °C,acima de 85%
2017,6,2017-06-01,Sudeste,ES,Serra,39.76,53.4,23.68,1.19,50.87,24.1,86.7,69.68,Moderada,Jun,2,Inverno,False,35.784,13.35,5.92,9.52,5.087,PM2.5,22-25 °C,acima de 85%
2017,6,2017-06-01,Sul,PR,Curitiba,20.49,69.89,15.96,0.71,47.32,22.2,49.9,50.31,Moderada,Jun,2,Inverno,False,18.441,17.4725,3.99,5.68,4.732,PM2.5,22-25 °C,até 55%
2017,6,2017-06-01,Sul,PR,Londrina,28.57,79.07,27.02,1.26,42.23,21.7,90.4,66.52,Moderada,Jun,2,Inverno,False,25.713,19.7675,6.755,10.08,4.223,PM2.5,até 22 °C,acima de 85%
2017,6,2017-06-01,Sul,SC,Florianópolis,34.28,85.35,18.17,1.72,19.47,28.4,64.3,72.47,Moderada,Jun,2,Inverno,False,30.852,21.3375,4.5425,13.76,1.947,PM2.5,acima de 28 °C,55-70%
2017,6,2017-06-01,Sul,SC,Joinville,35.13,94.55,24.4,1.75,31.29,26.0,49.1,78.52,Moderada,Jun,2,Inverno,False,31.617000000000004,23.6375,6.1,14.0,3.129,PM2.5,25-28 °C,até 55%
2017,6,2017-06-01,Sul,RS,Porto Alegre,41.96,96.07,8.07,1.67,40.11,27.9,91.6,81.2,Ruim,Jun,2,Inverno,True,37.764,24.0175,2.0175,13.36,4.011,PM2.5,25-28 °C,acima de 85%
2017,6,2017-06-01,Sul,RS,Caxias do Sul,41.29,97.03,15.65,0.92,51.82,21.0,60.3,77.85,Moderada,Jun,2,Inverno,False,37.161,24.2575,3.9125,7.36,5.182,PM2.5,até 22 °C,55-70%
2017,7,2017-07-01,Norte,AM,Manaus,33.57,57.09,27.43,0.7,57.57,28.8,54.8,62.67,Moderada,Jul,3,Inverno,False,30.213,14.2725,6.8575,5.6,5.757000000000001,PM2.5,acima de 28 °C,até 55%
2017,7,2017-07-01,Norte,PA,Belém,46.01,48.02,13.88,0.61,39.86,29.9,69.9,65.73,Moderada,Jul,3,Inverno,False,41.409,12.005,3.47,4.88,3.986,PM2.5,acima de 28 °C,55-70%
2017,7,2017-07-01,Norte,PA,Santarém,31.09,72.48,15.34,0.46,43.45,26.5,90.9,57.98,Moderada,Jul,3,Inverno,False,27.981,18.12,3.835,3.68,4.345000000000001,PM2.5,25-28 °C,acima de 85%
2017,7,2017-07-01,Norte,RO,Porto Velho,23.73,68.84,28.97,0.82,49.81,21.3,68.4,57.34,Moderada,Jul,3,Inverno,False,21.357,17.21,7.2425,6.56,4.981000000000001,PM2.5,até 22 °C,55-70%
2017,7,2017-07-01,Norte,TO,Palmas,34.02,69.39,18.49,0.66,34.02,23.1,78.1,61.26,Moderada,Jul,3,Inverno,False,30.618000000000002,17.3475,4.6225,5.28,3.4020000000000006,PM2.5,22-25 °C,70-85%
2017,7,2017-07-01,Nordeste,BA,Salvador,30.68,76.07,42.88,1.54,46.09,24.1,93.7,74.31,Moderada,Jul,3,Inverno,False,27.612000000000002,19.0175,10.72,12.32,4.609000000000001,PM2.5,22-25 °C,acima de 85%
2017,7,2017-07-01,Nordeste,BA,Feira de Santana,41.63,59.77,16.99,0.41,28.25,22.2,55.7,62.78,Moderada,Jul,3,Inverno,False,37.467000000000006,14.9425,4.2475,3.28,2.825,PM2.5,22-25 °C,55-70%
2017,7,2017-07-01,Nordeste,PE,Recife,21.71,47.72,14.6,1.66,28.16,28.6,79.1,51.19,Moderada,Jul,3,Inverno,False,19.539,11.93,3.65,13.28,2.8160000000000003,PM2.5,acima de 28 °C,70-85%
2017,7,2017-07-01,Nordeste,PE,Jaboatão dos Guararapes,22.41,67.14,30.83,1.41,21.41,24.3,86.9,58.09,Moderada,Jul,3,Inverno,False,20.169,16.785,7.7075,11.28,2.141,PM2.5,22-25 °C,acima de 85%
2017,7,2017-07-01,Nordeste,CE,Fortaleza,21.91,85.01,11.58,1.31,40.57,28.5,86.8,58.41,Moderada,Jul,3,Inverno,False,19.719,21.2525,2.895,10.48,4.057,PM10,acima de 28 °C,acima de 85%
2017,7,2017-07-01,Nordeste,CE,Juazeiro do Norte,26.04,112.58,15.68,0.46,49.11,26.1,86.3,64.07,Moderada,Jul,3,Inverno,False,23.436,28.145,3.92,3.68,4.9110000000000005,PM10,25-28 °C,acima de 85%
2017,7,2017-07-01,Nordeste,MA,São Luís,46.92,79.65,18.39,0.45,41.13,26.3,90.1,74.42,Moderada,Jul,3,Inverno,False,42.228,19.9125,4.5975,3.6,4.113,PM2.5,25-28 °C,acima de 85%
2017,7,2017-07-01,Nordeste,PB,João Pessoa,45.97,56.37,20.43,1.05,33.71,23.0,81.9,72.36,Moderada,Jul,3,Inverno,False,41.373,14.0925,5.1075,8.4,3.3710000000000004,PM2.5,22-25 °C,70-85%
2017,7,2017-07-01,Centro-Oeste,DF,Brasília,38.29,105.26,13.92,0.78,44.41,29.3,69.8,74.95,Moderada,Jul,3,Inverno,False,34.461,26.315,3.48,6.24,4.441,PM2.5,acima de 28 °C,55-70%
2017,7,2017-07-01,Centro-Oeste,GO,Goiânia,38.32,79.11,16.39,1.58,39.08,25.5,56.6,74.95,Moderada,Jul,3,Inverno,False,34.488,19.7775,4.0975,12.64,3.908,PM2.5,25-28 °C,55-70%
2017,7,2017-07-01,Centro-Oeste,GO,Aparecida de Goiânia,50.72,101.52,22.39,1.29,32.77,24.4,70.2,90.25,Ruim,Jul,3,Inverno,True,45.648,25.38,5.5975,10.32,3.2770000000000006,PM2.5,22-25 °C,70-85%
2017,7,2017-07-01,Centro-Oeste,MT,Cuiabá,21.38,21.59,22.71,1.02,33.16,22.3,79.2,41.82,Boa,Jul,3,Inverno,False,19.242,5.3975,5.6775,8.16,3.316,PM2.5,22-25 °C,70-85%
2017,7,2017-07-01,Centro-Oeste,MS,Campo Grande,34.57,59.13,31.93,0.77,39.16,23.7,94.1,63.98,Moderada,Jul,3,Inverno,False,31.113,14.7825,7.9825,6.16,3.916,PM2.5,22-25 °C,acima de 85%
2017,7,2017-07-01,Sudeste,SP,São Paulo,41.09,75.65,31.7,0.62,62.17,24.8,88.6,75.0,Moderada,Jul,3,Inverno,False,36.981,18.9125,7.925,4.96,6.2170000000000005,PM2.5,22-25 °C,acima de 85%
2017,7,2017-07-01,Sudeste,SP,Campinas,39.09,46.2,18.15,0.94,59.15,22.5,76.1,64.72,Moderada,Jul,3,Inverno,False,35.181000000000004,11.55,4.5375,7.52,5.915,PM2.5,22-25 °C,70-85%
2017,7,2017-07-01,Sudeste,SP,Ribeirão Preto,30.16,77.28,19.29,1.4,56.87,27.6,65.6,68.18,Moderada,Jul,3,Inverno,False,27.144000000000002,19.32,4.8225,11.2,5.687,PM2.5,25-28 °C,55-70%
2017,7,2017-07-01,Sudeste,RJ,Rio de Janeiro,26.98,79.53,27.85,1.02,47.82,24.2,68.6,64.04,Moderada,Jul,3,Inverno,False,24.282,19.8825,6.9625,8.16,4.782,PM2.5,22-25 °C,55-70%
2017,7,2017-07-01,Sudeste,RJ,Niterói,46.95,43.22,22.89,0.61,51.07,31.4,81.3,68.74,Moderada,Jul,3,Inverno,False,42.255,10.805,5.7225,4.88,5.107,PM2.5,acima de 28 °C,70-85%
2017,7,2017-07-01,Sudeste,RJ,Nova Iguaçu,37.25,77.88,22.79,0.59,27.95,28.1,71.7,66.2,Moderada,Jul,3,Inverno,False,33.525,19.47,5.6975,4.72,2.795,PM2.5,acima de 28 °C,70-85%
2017,7,2017-07-01,Sudeste,RJ,Petrópolis,40.73,41.58,19.31,0.77,35.71,23.3,67.8,61.59,Moderada,Jul,3,Inverno,False,36.657,10.395,4.8275,6.16,3.571,PM2.5,22-25 °C,55-70%
2017,7,2017-07-01,Sudeste,MG,Belo Horizonte,31.17,57.0,26.88,1.21,30.61,24.0,90.3,61.76,Moderada,Jul,3,Inverno,False,28.053,14.25,6.72,9.68,3.061,PM2.5,22-25 °C,acima de 85%
2017,7,2017-07-01,Sudeste,MG,Uberlândia,28.37,86.04,17.25,0.5,35.08,23.8,51.3,58.83,Moderada,Jul,3,Inverno,False,25.533,21.51,4.3125,4.0,3.508,PM2.5,22-25 °C,até 55%
2017,7,2017-07-01,Sudeste,MG,Juiz de Fora,16.97,68.43,25.04,0.48,32.69,23.8,74.4,45.75,Boa,Jul,3,Inverno,False,15.273,17.1075,6.26,3.84,3.269,PM10,22-25 °C,70-85%
2017,7,2017-07-01,Sudeste,ES,Vitória,37.42,60.98,18.78,0.82,35.71,24.4,53.0,63.73,Moderada,Jul,3,Inverno,False,33.678000000000004,15.245,4.695,6.56,3.571,PM2.5,22-25 °C,até 55%
2017,7,2017-07-01,Sudeste,ES,Vila Velha,31.2,56.84,33.49,1.12,48.89,26.3,51.9,64.53,Moderada,Jul,3,Inverno,False,28.08,14.21,8.3725,8.96,4.889,PM2.5,25-28 °C,até 55%
2017,7,2017-07-01,Sudeste,ES,Serra,37.27,85.35,31.08,0.79,30.59,23.0,49.5,71.99,Moderada,Jul,3,Inverno,False,33.543000000000006,21.3375,7.77,6.32,3.059,PM2.5,22-25 °C,até 55%
2017,7,2017-07-01,Sul,PR,Curitiba,25.14,70.15,37.31,1.77,25.13,23.1,56.5,66.17,Moderada,Jul,3,Inverno,False,22.626,17.5375,9.3275,14.16,2.513,PM2.5,22-25 °C,55-70%
2017,7,2017-07-01,Sul,PR,Londrina,31.16,33.08,12.83,1.62,31.33,23.4,71.5,55.58,Moderada,Jul,3,Inverno,False,28.044,8.27,3.2075,12.96,3.133,PM2.5,22-25 °C,70-85%
2017,7,2017-07-01,Sul,SC,Florianópolis,32.17,93.93,27.08,0.98,41.95,25.6,62.6,71.28,Moderada,Jul,3,Inverno,False,28.953000000000003,23.4825,6.77,7.84,4.195,PM2.5,25-28 °C,55-70%
2017,7,2017-07-01,Sul,SC,Joinville,35.95,30.28,20.62,0.69,37.6,22.8,88.7,54.37,Moderada,Jul,3,Inverno,False,32.355000000000004,7.57,5.155,5.52,3.7600000000000002,PM2.5,22-25 °C,acima de 85%
2017,7,2017-07-01,Sul,RS,Porto Alegre,46.67,35.34,28.91,0.45,30.7,20.0,61.2,64.73,Moderada,Jul,3,Inverno,False,42.003,8.835,7.2275,3.6,3.0700000000000003,PM2.5,até 22 °C,55-70%
2017,7,2017-07-01,Sul,RS,Caxias do Sul,33.76,53.29,20.31,1.75,40.7,22.3,92.4,66.82,Moderada,Jul,3,Inverno,False,30.384,13.3225,5.0775,14.0,4.07,PM2.5,22-25 °C,acima de 85%
2017,8,2017-08-01,Norte,AM,Manaus,23.3,70.09,9.21,1.42,48.08,23.9,54.1,56.97,Moderada,Ago,3,Inverno,False,20.970000000000002,17.5225,2.3025,11.36,4.808,PM2.5,22-25 °C,até 55%
2017,8,2017-08-01,Norte,PA,Belém,37.09,49.64,38.85,1.27,46.3,25.2,86.2,70.27,Moderada,Ago,3,Inverno,False,33.38100000000001,12.41,9.7125,10.16,4.63,PM2.5,25-28 °C,acima de 85%
2017,8,2017-08-01,Norte,PA,Santarém,35.96,53.47,32.65,1.29,51.37,23.2,67.9,69.39,Moderada,Ago,3,Inverno,False,32.364000000000004,13.3675,8.1625,10.32,5.1370000000000005,PM2.5,22-25 °C,55-70%
2017,8,2017-08-01,Norte,RO,Porto Velho,26.31,51.26,22.89,0.68,52.3,30.9,61.6,52.86,Moderada,Ago,3,Inverno,False,23.679,12.815,5.7225,5.44,5.23,PM2.5,acima de 28 °C,55-70%
2017,8,2017-08-01,Norte,TO,Palmas,42.47,73.26,27.81,1.51,48.04,25.4,87.6,80.34,Ruim,Ago,3,Inverno,True,38.223,18.315,6.9525,12.08,4.804,PM2.5,25-28 °C,acima de 85%
2017,8,2017-08-01,Nordeste,BA,Salvador,30.32,57.19,21.78,1.35,48.54,24.3,55.7,62.71,Moderada,Ago,3,Inverno,False,27.288,14.2975,5.445,10.8,4.854,PM2.5,22-25 °C,55-70%
2017,8,2017-08-01,Nordeste,BA,Feira de Santana,48.25,55.94,27.05,0.94,40.16,24.0,92.6,75.68,Moderada,Ago,3,Inverno,False,43.425000000000004,13.985,6.7625,7.52,4.016,PM2.5,22-25 °C,acima de 85%
2017,8,2017-08-01,Nordeste,PE,Recife,35.84,52.04,35.65,0.67,31.44,26.9,83.5,62.7,Moderada,Ago,3,Inverno,False,32.25600000000001,13.01,8.9125,5.36,3.144,PM2.5,25-28 °C,70-85%
2017,8,2017-08-01,Nordeste,PE,Jaboatão dos Guararapes,38.8,68.89,28.45,0.42,30.29,20.3,67.2,65.62,Moderada,Ago,3,Inverno,False,34.92,17.2225,7.1125,3.36,3.029,PM2.5,até 22 °C,55-70%
2017,8,2017-08-01,Nordeste,CE,Fortaleza,39.49,43.75,14.72,1.24,60.29,19.8,90.1,66.11,Moderada,Ago,3,Inverno,False,35.541000000000004,10.9375,3.68,9.92,6.029,PM2.5,até 22 °C,acima de 85%
2017,8,2017-08-01,Nordeste,CE,Juazeiro do Norte,33.82,53.91,32.04,1.45,34.12,22.6,73.8,66.9,Moderada,Ago,3,Inverno,False,30.438000000000002,13.4775,8.01,11.6,3.412,PM2.5,22-25 °C,70-85%
2017,8,2017-08-01,Nordeste,MA,São Luís,40.3,54.02,12.38,0.53,49.62,27.1,94.8,62.07,Moderada,Ago,3,Inverno,False,36.269999999999996,13.505,3.095,4.24,4.962,PM2.5,25-28 °C,acima de 85%
2017,8,2017-08-01,Nordeste,PB,João Pessoa,38.93,85.39,20.19,1.35,34.62,26.4,94.9,75.71,Moderada,Ago,3,Inverno,False,35.037,21.3475,5.0475,10.8,3.4619999999999997,PM2.5,25-28 °C,acima de 85%
2017,8,2017-08-01,Centro-Oeste,DF,Brasília,29.03,113.34,17.63,1.18,46.68,28.2,94.2,72.94,Moderada,Ago,3,Inverno,False,26.127000000000002,28.335,4.4075,9.44,4.668,PM10,acima de 28 °C,acima de 85%
2017,8,2017-08-01,Centro-Oeste,GO,Goiânia,44.34,52.95,16.69,0.43,28.74,21.4,77.9,63.65,Moderada,Ago,3,Inverno,False,39.906000000000006,13.2375,4.1725,3.44,2.874,PM2.5,até 22 °C,70-85%
2017,8,2017-08-01,Centro-Oeste,GO,Aparecida de Goiânia,40.21,55.52,27.97,0.88,47.85,25.4,74.2,68.85,Moderada,Ago,3,Inverno,False,36.189,13.88,6.9925,7.04,4.785,PM2.5,25-28 °C,70-85%
2017,8,2017-08-01,Centro-Oeste,MT,Cuiabá,44.3,48.5,30.25,0.41,26.28,27.7,45.0,65.46,Moderada,Ago,3,Inverno,False,39.87,12.125,7.5625,3.28,2.628,PM2.5,25-28 °C,até 55%
2017,8,2017-08-01,Centro-Oeste,MS,Campo Grande,48.49,64.52,26.54,1.25,40.59,24.4,68.5,80.48,Ruim,Ago,3,Inverno,True,43.641000000000005,16.13,6.635,10.0,4.059,PM2.5,22-25 °C,55-70%
2017,8,2017-08-01,Sudeste,SP,São Paulo,50.07,59.48,16.51,1.15,33.28,22.3,46.7,76.62,Moderada,Ago,3,Inverno,False,45.063,14.87,4.1275,9.2,3.3280000000000003,PM2.5,22-25 °C,até 55%
2017,8,2017-08-01,Sudeste,SP,Campinas,33.42,88.07,27.77,1.3,30.32,21.2,50.4,72.45,Moderada,Ago,3,Inverno,False,30.078000000000003,22.0175,6.9425,10.4,3.032,PM2.5,até 22 °C,até 55%
2017,8,2017-08-01,Sudeste,SP,Ribeirão Preto,35.99,63.79,37.09,0.83,57.69,24.6,91.8,70.03,Moderada,Ago,3,Inverno,False,32.391000000000005,15.9475,9.2725,6.64,5.769,PM2.5,22-25 °C,acima de 85%
2017,8,2017-08-01,Sudeste,RJ,Rio de Janeiro,42.14,76.45,32.61,1.55,42.7,29.8,47.2,81.87,Ruim,Ago,3,Inverno,True,37.926,19.1125,8.1525,12.4,4.2700000000000005,PM2.5,acima de 28 °C,até 55%
2017,8,2017-08-01,Sudeste,RJ,Niterói,37.12,99.21,30.16,1.7,31.39,20.9,50.1,82.47,Ruim,Ago,3,Inverno,True,33.408,24.8025,7.54,13.6,3.1390000000000002,PM2.5,até 22 °C,até 55%
2017,8,2017-08-01,Sudeste,RJ,Nova Iguaçu,41.96,46.1,28.54,0.53,44.73,30.6,85.2,65.14,Moderada,Ago,3,Inverno,False,37.764,11.525,7.135,4.24,4.473,PM2.5,acima de 28 °C,acima de 85%
2017,8,2017-08-01,Sudeste,RJ,Petrópolis,25.33,84.36,24.78,1.49,46.98,22.2,44.3,66.68,Moderada,Ago,3,Inverno,False,22.797,21.09,6.195,11.92,4.6979999999999995,PM2.5,22-25 °C,até 55%
2017,8,2017-08-01,Sudeste,MG,Belo Horizonte,27.54,64.32,12.28,0.73,47.94,27.3,46.6,54.58,Moderada,Ago,3,Inverno,False,24.786,16.08,3.07,5.84,4.794,PM2.5,25-28 °C,até 55%
2017,8,2017-08-01,Sudeste,MG,Uberlândia,33.28,86.15,14.4,1.02,32.76,24.5,73.5,66.52,Moderada,Ago,3,Inverno,False,29.952,21.5375,3.6,8.16,3.276,PM2.5,22-25 °C,70-85%
2017,8,2017-08-01,Sudeste,MG,Juiz de Fora,44.86,96.7,15.73,1.14,39.16,24.9,70.8,81.5,Ruim,Ago,3,Inverno,True,40.374,24.175,3.9325,9.12,3.916,PM2.5,22-25 °C,70-85%
2017,8,2017-08-01,Sudeste,ES,Vitória,46.81,93.16,24.75,1.43,41.68,27.1,82.2,87.24,Ruim,Ago,3,Inverno,True,42.129000000000005,23.29,6.1875,11.44,4.168,PM2.5,25-28 °C,70-85%
2017,8,2017-08-01,Sudeste,ES,Vila Velha,34.89,46.28,29.35,1.48,48.67,28.6,58.0,67.05,Moderada,Ago,3,Inverno,False,31.401,11.57,7.3375,11.84,4.867000000000001,PM2.5,acima de 28 °C,55-70%
2017,8,2017-08-01,Sudeste,ES,Serra,35.11,86.37,20.15,1.15,22.48,26.9,92.5,69.66,Moderada,Ago,3,Inverno,False,31.599,21.5925,5.0375,9.2,2.248,PM2.5,25-28 °C,acima de 85%
2017,8,2017-08-01,Sul,PR,Curitiba,42.07,73.07,28.44,1.37,58.38,28.1,69.9,80.06,Ruim,Ago,3,Inverno,True,37.863,18.2675,7.11,10.96,5.838000000000001,PM2.5,acima de 28 °C,55-70%
2017,8,2017-08-01,Sul,PR,Londrina,23.65,54.49,20.73,1.2,56.24,24.6,58.7,55.29,Moderada,Ago,3,Inverno,False,21.285,13.6225,5.1825,9.6,5.6240000000000006,PM2.5,22-25 °C,55-70%
2017,8,2017-08-01,Sul,SC,Florianópolis,52.05,22.04,26.09,1.66,50.26,26.1,47.3,77.18,Moderada,Ago,3,Inverno,False,46.845,5.51,6.5225,13.28,5.026,PM2.5,25-28 °C,até 55%
2017,8,2017-08-01,Sul,SC,Joinville,22.65,56.85,13.29,0.32,51.03,21.4,71.3,45.62,Boa,Ago,3,Inverno,False,20.384999999999998,14.2125,3.3225,2.56,5.103000000000001,PM2.5,até 22 °C,70-85%
2017,8,2017-08-01,Sul,RS,Porto Alegre,24.37,82.16,36.03,1.28,19.74,25.2,64.9,63.73,Moderada,Ago,3,Inverno,False,21.933,20.54,9.0075,10.24,1.974,PM2.5,25-28 °C,55-70%
2017,8,2017-08-01,Sul,RS,Caxias do Sul,35.86,91.18,27.73,1.13,44.9,24.0,65.6,75.56,Moderada,Ago,3,Inverno,False,32.274,22.795,6.9325,9.04,4.49,PM2.5,22-25 °C,55-70%
2017,9,2017-09-01,Norte,AM,Manaus,28.14,82.98,18.38,1.03,51.76,20.4,60.6,64.09,Moderada,Set,3,Primavera,False,25.326,20.745,4.595,8.24,5.176,PM2.5,até 22 °C,55-70%
2017,9,2017-09-01,Norte,PA,Belém,28.03,57.83,25.7,1.21,44.49,23.5,92.4,60.21,Moderada,Set,3,Primavera,False,25.227,14.4575,6.425,9.68,4.449000000000001,PM2.5,22-25 °C,acima de 85%
2017,9,2017-09-01,Norte,PA,Santarém,22.66,92.25,32.21,0.72,23.5,24.3,57.5,59.62,Moderada,Set,3,Primavera,False,20.394000000000002,23.0625,8.0525,5.76,2.35,PM10,22-25 °C,55-70%
2017,9,2017-09-01,Norte,RO,Porto Velho,43.17,104.41,31.27,1.78,14.57,24.2,90.4,88.44,Ruim,Set,3,Primavera,True,38.853,26.1025,7.8175,14.24,1.457,PM2.5,22-25 °C,acima de 85%
2017,9,2017-09-01,Norte,TO,Palmas,41.48,65.46,20.13,1.08,29.42,25.0,81.2,70.32,Moderada,Set,3,Primavera,False,37.332,16.365,5.0325,8.64,2.942,PM2.5,22-25 °C,70-85%
2017,9,2017-09-01,Nordeste,BA,Salvador,24.44,37.66,18.24,0.96,37.47,23.4,83.9,47.43,Boa,Set,3,Primavera,False,21.996000000000002,9.415,4.56,7.68,3.747,PM2.5,22-25 °C,70-85%
2017,9,2017-09-01,Nordeste,BA,Feira de Santana,40.17,32.76,26.44,1.31,52.97,32.9,73.0,66.72,Moderada,Set,3,Primavera,False,36.153000000000006,8.19,6.61,10.48,5.297000000000001,PM2.5,acima de 28 °C,70-85%
2017,9,2017-09-01,Nordeste,PE,Recife,39.52,78.39,30.86,0.81,59.9,21.4,42.2,75.36,Moderada,Set,3,Primavera,False,35.568000000000005,19.5975,7.715,6.48,5.99,PM2.5,até 22 °C,até 55%
2017,9,2017-09-01,Nordeste,PE,Jaboatão dos Guararapes,32.07,97.05,25.42,0.93,26.47,23.3,83.7,69.61,Moderada,Set,3,Primavera,False,28.863,24.2625,6.355,7.44,2.6470000000000002,PM2.5,22-25 °C,70-85%
2017,9,2017-09-01,Nordeste,CE,Fortaleza,29.02,75.64,19.81,1.05,25.32,30.5,48.9,60.89,Moderada,Set,3,Primavera,False,26.118,18.91,4.9525,8.4,2.532,PM2.5,acima de 28 °C,até 55%
2017,9,2017-09-01,Nordeste,CE,Juazeiro do Norte,36.8,80.66,27.59,0.85,24.58,19.9,41.7,69.48,Moderada,Set,3,Primavera,False,33.12,20.165,6.8975,6.8,2.458,PM2.5,até 22 °C,até 55%
2017,9,2017-09-01,Nordeste,MA,São Luís,35.43,64.63,21.95,0.42,21.32,23.7,65.4,59.06,Moderada,Set,3,Primavera,False,31.887,16.1575,5.4875,3.36,2.132,PM2.5,22-25 °C,55-70%
2017,9,2017-09-01,Nordeste,PB,João Pessoa,51.64,48.86,31.81,0.51,32.4,24.7,54.0,74.0,Moderada,Set,3,Primavera,False,46.476,12.215,7.9525,4.08,3.24,PM2.5,22-25 °C,até 55%
2017,9,2017-09-01,Centro-Oeste,DF,Brasília,33.03,46.14,35.13,1.13,46.74,28.1,68.2,63.77,Moderada,Set,3,Primavera,False,29.727,11.535,8.7825,9.04,4.674,PM2.5,acima de 28 °C,55-70%
2017,9,2017-09-01,Centro-Oeste,GO,Goiânia,43.73,68.68,12.64,1.77,35.37,27.4,50.9,77.4,Moderada,Set,3,Primavera,False,39.357,17.17,3.16,14.16,3.537,PM2.5,25-28 °C,até 55%
2017,9,2017-09-01,Centro-Oeste,GO,Aparecida de Goiânia,25.54,70.16,17.57,1.49,43.12,27.3,56.3,61.15,Moderada,Set,3,Primavera,False,22.986,17.54,4.3925,11.92,4.312,PM2.5,25-28 °C,55-70%
2017,9,2017-09-01,Centro-Oeste,MT,Cuiabá,34.79,81.45,40.98,1.18,30.66,23.6,42.5,74.46,Moderada,Set,3,Primavera,False,31.311,20.3625,10.245,9.44,3.0660000000000003,PM2.5,22-25 °C,até 55%
2017,9,2017-09-01,Centro-Oeste,MS,Campo Grande,29.31,47.58,27.87,0.58,63.91,21.6,88.5,56.28,Moderada,Set,3,Primavera,False,26.378999999999998,11.895,6.9675,4.64,6.391,PM2.5,até 22 °C,acima de 85%
2017,9,2017-09-01,Sudeste,SP,São Paulo,42.02,51.71,16.66,1.08,30.11,22.0,92.3,66.59,Moderada,Set,3,Primavera,False,37.818000000000005,12.9275,4.165,8.64,3.011,PM2.5,até 22 °C,acima de 85%
2017,9,2017-09-01,Sudeste,SP,Campinas,38.23,119.13,28.61,0.52,38.51,29.7,68.1,79.34,Moderada,Set,3,Primavera,False,34.407,29.7825,7.1525,4.16,3.851,PM2.5,acima de 28 °C,55-70%
2017,9,2017-09-01,Sudeste,SP,Ribeirão Preto,42.46,66.23,14.32,1.62,41.39,21.8,85.5,75.46,Moderada,Set,3,Primavera,False,38.214,16.5575,3.58,12.96,4.139,PM2.5,até 22 °C,acima de 85%
2017,9,2017-09-01,Sudeste,RJ,Rio de Janeiro,33.12,52.07,23.84,0.55,55.71,19.8,60.4,58.73,Moderada,Set,3,Primavera,False,29.808,13.0175,5.96,4.4,5.571000000000001,PM2.5,até 22 °C,55-70%
2017,9,2017-09-01,Sudeste,RJ,Niterói,28.94,44.74,17.05,0.59,49.09,23.3,44.1,51.08,Moderada,Set,3,Primavera,False,26.046000000000003,11.185,4.2625,4.72,4.909000000000001,PM2.5,22-25 °C,até 55%
2017,9,2017-09-01,Sudeste,RJ,Nova Iguaçu,40.61,52.65,41.89,1.28,29.64,23.8,48.8,73.35,Moderada,Set,3,Primavera,False,36.549,13.1625,10.4725,10.24,2.9640000000000004,PM2.5,22-25 °C,até 55%
2017,9,2017-09-01,Sudeste,RJ,Petrópolis,26.0,51.57,37.96,1.01,43.71,27.5,73.5,58.22,Moderada,Set,3,Primavera,False,23.400000000000002,12.8925,9.49,8.08,4.371,PM2.5,25-28 °C,70-85%
2017,9,2017-09-01,Sudeste,MG,Belo Horizonte,14.2,72.65,25.89,0.8,31.29,13.6,95.0,46.93,Boa,Set,3,Primavera,False,12.78,18.1625,6.4725,6.4,3.129,PM10,até 22 °C,acima de 85%
2017,9,2017-09-01,Sudeste,MG,Uberlândia,30.16,79.8,23.86,1.3,32.88,33.6,83.7,66.71,Moderada,Set,3,Primavera,False,27.144000000000002,19.95,5.965,10.4,3.2880000000000003,PM2.5,acima de 28 °C,70-85%
2017,9,2017-09-01,Sudeste,MG,Juiz de Fora,47.25,99.82,30.84,0.53,47.61,21.2,60.0,84.15,Ruim,Set,3,Primavera,True,42.525,24.955,7.71,4.24,4.761,PM2.5,até 22 °C,55-70%
2017,9,2017-09-01,Sudeste,ES,Vitória,35.51,29.57,16.48,0.58,43.14,21.5,94.2,52.44,Moderada,Set,3,Primavera,False,31.959,7.3925,4.12,4.64,4.314,PM2.5,até 22 °C,acima de 85%
2017,9,2017-09-01,Sudeste,ES,Vila Velha,39.94,100.15,25.0,1.35,48.25,22.5,49.5,82.82,Ruim,Set,3,Primavera,True,35.946,25.0375,6.25,10.8,4.825,PM2.5,22-25 °C,até 55%
2017,9,2017-09-01,Sudeste,ES,Serra,49.56,74.84,25.48,1.58,42.44,27.9,71.6,86.55,Ruim,Set,3,Primavera,True,44.604000000000006,18.71,6.37,12.64,4.244,PM2.5,25-28 °C,70-85%
2017,9,2017-09-01,Sul,PR,Curitiba,37.66,97.94,17.73,1.33,46.61,18.6,90.0,78.13,Moderada,Set,3,Primavera,False,33.894,24.485,4.4325,10.64,4.6610000000000005,PM2.5,até 22 °C,acima de 85%
2017,9,2017-09-01,Sul,PR,Londrina,18.45,61.89,16.98,0.61,38.65,21.1,74.8,45.07,Boa,Set,3,Primavera,False,16.605,15.4725,4.245,4.88,3.865,PM2.5,até 22 °C,70-85%
2017,9,2017-09-01,Sul,SC,Florianópolis,27.84,102.49,31.97,0.34,37.89,25.6,69.7,65.2,Moderada,Set,3,Primavera,False,25.056,25.6225,7.9925,2.72,3.789,PM10,25-28 °C,55-70%
2017,9,2017-09-01,Sul,SC,Joinville,36.45,95.75,27.26,1.76,46.34,28.3,44.2,82.26,Ruim,Set,3,Primavera,True,32.80500000000001,23.9375,6.815,14.08,4.634,PM2.5,acima de 28 °C,até 55%
2017,9,2017-09-01,Sul,RS,Porto Alegre,39.58,68.25,24.39,1.29,44.67,24.8,55.4,73.61,Moderada,Set,3,Primavera,False,35.622,17.0625,6.0975,10.32,4.4670000000000005,PM2.5,22-25 °C,55-70%
2017,9,2017-09-01,Sul,RS,Caxias do Sul,24.09,48.76,20.29,1.08,33.72,26.2,62.2,50.96,Moderada,Set,3,Primavera,False,21.681,12.19,5.0725,8.64,3.372,PM2.5,25-28 °C,55-70%
2017,10,2017-10-01,Norte,AM,Manaus,37.85,85.73,32.77,1.49,55.31,25.6,50.6,81.11,Ruim,Out,4,Primavera,True,34.065000000000005,21.4325,8.1925,11.92,5.531000000000001,PM2.5,25-28 °C,até 55%
2017,10,2017-10-01,Norte,PA,Belém,43.04,44.28,18.48,1.67,28.01,26.2,81.5,70.56,Moderada,Out,4,Primavera,False,38.736,11.07,4.62,13.36,2.801,PM2.5,25-28 °C,70-85%
2017,10,2017-10-01,Norte,PA,Santarém,42.42,47.11,22.32,1.36,25.25,23.8,44.6,68.94,Moderada,Out,4,Primavera,False,38.178000000000004,11.7775,5.58,10.88,2.5250000000000004,PM2.5,22-25 °C,até 55%
2017,10,2017-10-01,Norte,RO,Porto Velho,38.32,81.9,35.17,1.16,35.09,25.8,57.8,76.53,Moderada,Out,4,Primavera,False,34.488,20.475,8.7925,9.28,3.5090000000000003,PM2.5,25-28 °C,55-70%
2017,10,2017-10-01,Norte,TO,Palmas,48.02,39.19,29.91,0.48,41.61,18.3,72.3,68.48,Moderada,Out,4,Primavera,False,43.218,9.7975,7.4775,3.84,4.1610000000000005,PM2.5,até 22 °C,70-85%
2017,10,2017-10-01,Nordeste,BA,Salvador,27.09,90.31,21.57,0.57,39.97,26.9,82.7,60.91,Moderada,Out,4,Primavera,False,24.381,22.5775,5.3925,4.56,3.997,PM2.5,25-28 °C,70-85%
2017,10,2017-10-01,Nordeste,BA,Feira de Santana,27.44,53.96,32.38,1.42,34.36,26.1,60.8,61.12,Moderada,Out,4,Primavera,False,24.696,13.49,8.095,11.36,3.436,PM2.5,25-28 °C,55-70%
2017,10,2017-10-01,Nordeste,PE,Recife,21.71,74.39,36.72,1.62,47.57,25.5,82.1,65.06,Moderada,Out,4,Primavera,False,19.539,18.5975,9.18,12.96,4.757000000000001,PM2.5,25-28 °C,70-85%
2017,10,2017-10-01,Nordeste,PE,Jaboatão dos Guararapes,44.82,68.05,20.19,1.63,35.25,26.0,87.4,78.97,Moderada,Out,4,Primavera,False,40.338,17.0125,5.0475,13.04,3.5250000000000004,PM2.5,25-28 °C,acima de 85%
2017,10,2017-10-01,Nordeste,CE,Fortaleza,27.71,99.32,31.16,0.88,44.24,28.4,44.6,69.02,Moderada,Out,4,Primavera,False,24.939,24.83,7.79,7.04,4.424,PM2.5,acima de 28 °C,até 55%
2017,10,2017-10-01,Nordeste,CE,Juazeiro do Norte,50.34,42.13,22.05,1.02,37.0,24.1,94.9,73.19,Moderada,Out,4,Primavera,False,45.306000000000004,10.5325,5.5125,8.16,3.7,PM2.5,22-25 °C,acima de 85%
2017,10,2017-10-01,Nordeste,MA,São Luís,20.63,80.02,17.6,1.7,55.4,24.2,87.6,62.14,Moderada,Out,4,Primavera,False,18.567,20.005,4.4,13.6,5.54,PM10,22-25 °C,acima de 85%
2017,10,2017-10-01,Nordeste,PB,João Pessoa,30.63,60.47,26.29,1.62,28.95,26.9,48.9,65.1,Moderada,Out,4,Primavera,False,27.567,15.1175,6.5725,12.96,2.895,PM2.5,25-28 °C,até 55%
2017,10,2017-10-01,Centro-Oeste,DF,Brasília,52.03,75.03,28.15,0.9,27.64,28.0,45.7,82.56,Ruim,Out,4,Primavera,True,46.827000000000005,18.7575,7.0375,7.2,2.7640000000000002,PM2.5,25-28 °C,até 55%
2017,10,2017-10-01,Centro-Oeste,GO,Goiânia,53.24,84.47,15.29,0.53,51.53,24.5,56.0,82.26,Ruim,Out,4,Primavera,True,47.916000000000004,21.1175,3.8225,4.24,5.1530000000000005,PM2.5,22-25 °C,55-70%
2017,10,2017-10-01,Centro-Oeste,GO,Aparecida de Goiânia,35.87,81.23,33.98,1.12,39.18,26.5,62.5,73.93,Moderada,Out,4,Primavera,False,32.283,20.3075,8.495,8.96,3.918,PM2.5,25-28 °C,55-70%
2017,10,2017-10-01,Centro-Oeste,MT,Cuiabá,33.52,69.43,20.5,0.36,48.22,23.6,54.6,60.37,Moderada,Out,4,Primavera,False,30.168000000000003,17.3575,5.125,2.88,4.822,PM2.5,22-25 °C,até 55%
2017,10,2017-10-01,Centro-Oeste,MS,Campo Grande,23.17,71.01,27.26,1.56,41.27,24.5,70.9,62.03,Moderada,Out,4,Primavera,False,20.853,17.7525,6.815,12.48,4.127000000000001,PM2.5,22-25 °C,70-85%
2017,10,2017-10-01,Sudeste,SP,São Paulo,41.44,85.71,8.5,0.66,37.3,20.3,54.4,69.87,Moderada,Out,4,Primavera,False,37.296,21.4275,2.125,5.28,3.73,PM2.5,até 22 °C,até 55%
2017,10,2017-10-01,Sudeste,SP,Campinas,31.64,85.79,28.81,1.31,44.27,24.1,56.7,72.05,Moderada,Out,4,Primavera,False,28.476000000000003,21.4475,7.2025,10.48,4.4270000000000005,PM2.5,22-25 °C,55-70%
2017,10,2017-10-01,Sudeste,SP,Ribeirão Preto,40.39,90.52,17.58,0.45,37.79,24.6,90.8,70.75,Moderada,Out,4,Primavera,False,36.351,22.63,4.395,3.6,3.779,PM2.5,22-25 °C,acima de 85%
2017,10,2017-10-01,Sudeste,RJ,Rio de Janeiro,24.42,72.71,36.79,1.59,52.03,20.6,90.7,67.26,Moderada,Out,4,Primavera,False,21.978,18.1775,9.1975,12.72,5.203,PM2.5,até 22 °C,acima de 85%
2017,10,2017-10-01,Sudeste,RJ,Niterói,25.97,75.92,34.58,1.72,39.65,19.1,94.7,68.76,Moderada,Out,4,Primavera,False,23.373,18.98,8.645,13.76,3.965,PM2.5,até 22 °C,acima de 85%
2017,10,2017-10-01,Sudeste,RJ,Nova Iguaçu,34.74,63.36,22.81,1.61,36.95,25.3,63.8,69.39,Moderada,Out,4,Primavera,False,31.266000000000002,15.84,5.7025,12.88,3.6950000000000003,PM2.5,25-28 °C,55-70%
2017,10,2017-10-01,Sudeste,RJ,Petrópolis,25.72,83.98,12.49,1.7,49.36,24.9,43.7,65.83,Moderada,Out,4,Primavera,False,23.148,20.995,3.1225,13.6,4.936,PM2.5,22-25 °C,até 55%
2017,10,2017-10-01,Sudeste,MG,Belo Horizonte,36.91,86.96,16.23,0.69,42.03,24.3,73.5,68.73,Moderada,Out,4,Primavera,False,33.219,21.74,4.0575,5.52,4.203,PM2.5,22-25 °C,70-85%
2017,10,2017-10-01,Sudeste,MG,Uberlândia,35.8,43.52,16.73,0.44,16.2,21.6,46.1,52.42,Moderada,Out,4,Primavera,False,32.22,10.88,4.1825,3.52,1.62,PM2.5,até 22 °C,até 55%
2017,10,2017-10-01,Sudeste,MG,Juiz de Fora,26.37,79.23,16.7,1.76,25.48,26.2,76.0,64.37,Moderada,Out,4,Primavera,False,23.733,19.8075,4.175,14.08,2.548,PM2.5,25-28 °C,70-85%
2017,10,2017-10-01,Sudeste,ES,Vitória,27.38,53.5,25.04,0.47,47.96,26.2,42.1,52.87,Moderada,Out,4,Primavera,False,24.642,13.375,6.26,3.76,4.796,PM2.5,25-28 °C,até 55%
2017,10,2017-10-01,Sudeste,ES,Vila Velha,23.66,53.68,21.9,1.69,35.69,20.7,64.6,57.27,Moderada,Out,4,Primavera,False,21.294,13.42,5.475,13.52,3.569,PM2.5,até 22 °C,55-70%
2017,10,2017-10-01,Sudeste,ES,Serra,40.23,66.0,39.71,1.6,38.81,27.3,86.0,79.32,Moderada,Out,4,Primavera,False,36.207,16.5,9.9275,12.8,3.8810000000000002,PM2.5,25-28 °C,acima de 85%
2017,10,2017-10-01,Sul,PR,Curitiba,27.44,58.21,11.06,1.59,44.09,27.2,63.8,59.13,Moderada,Out,4,Primavera,False,24.696,14.5525,2.765,12.72,4.409000000000001,PM2.5,25-28 °C,55-70%
2017,10,2017-10-01,Sul,PR,Londrina,35.41,76.28,15.58,1.07,45.53,27.2,43.1,67.97,Moderada,Out,4,Primavera,False,31.868999999999996,19.07,3.895,8.56,4.553,PM2.5,25-28 °C,até 55%
2017,10,2017-10-01,Sul,SC,Florianópolis,48.6,85.21,16.74,1.73,50.44,28.3,70.7,88.08,Ruim,Out,4,Primavera,True,43.74,21.3025,4.185,13.84,5.0440000000000005,PM2.5,acima de 28 °C,70-85%
2017,10,2017-10-01,Sul,SC,Joinville,31.52,57.89,28.61,0.47,43.17,23.7,53.2,58.05,Moderada,Out,4,Primavera,False,28.368,14.4725,7.1525,3.76,4.317,PM2.5,22-25 °C,até 55%
2017,10,2017-10-01,Sul,RS,Porto Alegre,31.59,83.39,33.98,0.66,48.77,29.7,78.4,67.91,Moderada,Out,4,Primavera,False,28.431,20.8475,8.495,5.28,4.877000000000001,PM2.5,acima de 28 °C,70-85%
2017,10,2017-10-01,Sul,RS,Caxias do Sul,38.41,73.4,15.48,1.01,40.38,23.8,55.4,68.89,Moderada,Out,4,Primavera,False,34.568999999999996,18.35,3.87,8.08,4.038,PM2.5,22-25 °C,55-70%
2017,11,2017-11-01,Norte,AM,Manaus,31.4,40.12,32.3,0.72,40.79,24.1,57.7,56.24,Moderada,Nov,4,Primavera,False,28.259999999999998,10.03,8.075,5.76,4.079,PM2.5,22-25 °C,55-70%
2017,11,2017-11-01,Norte,PA,Belém,34.44,100.63,42.14,1.03,29.53,24.4,78.7,77.88,Moderada,Nov,4,Primavera,False,30.996,25.1575,10.535,8.24,2.9530000000000003,PM2.5,22-25 °C,70-85%
2017,11,2017-11-01,Norte,PA,Santarém,25.41,91.11,19.62,0.98,25.95,26.2,40.4,60.98,Moderada,Nov,4,Primavera,False,22.869,22.7775,4.905,7.84,2.595,PM2.5,25-28 °C,até 55%
2017,11,2017-11-01,Norte,RO,Porto Velho,26.44,86.67,20.3,1.57,33.82,24.4,40.5,66.51,Moderada,Nov,4,Primavera,False,23.796000000000003,21.6675,5.075,12.56,3.382,PM2.5,22-25 °C,até 55%
2017,11,2017-11-01,Norte,TO,Palmas,26.8,53.7,27.98,1.1,48.83,26.5,41.4,58.21,Moderada,Nov,4,Primavera,False,24.12,13.425,6.995,8.8,4.883,PM2.5,25-28 °C,até 55%
2017,11,2017-11-01,Nordeste,BA,Salvador,39.66,93.09,30.81,1.03,44.17,20.7,80.0,79.35,Moderada,Nov,4,Primavera,False,35.693999999999996,23.2725,7.7025,8.24,4.417000000000001,PM2.5,até 22 °C,70-85%
2017,11,2017-11-01,Nordeste,BA,Feira de Santana,31.39,60.47,15.34,1.06,40.69,26.8,73.5,59.76,Moderada,Nov,4,Primavera,False,28.251,15.1175,3.835,8.48,4.069,PM2.5,25-28 °C,70-85%
2017,11,2017-11-01,Nordeste,PE,Recife,29.55,51.26,37.73,1.07,57.32,27.5,58.9,63.11,Moderada,Nov,4,Primavera,False,26.595000000000002,12.815,9.4325,8.56,5.732,PM2.5,25-28 °C,55-70%
2017,11,2017-11-01,Nordeste,PE,Jaboatão dos Guararapes,36.45,86.44,18.59,0.49,49.33,24.5,58.7,67.93,Moderada,Nov,4,Primavera,False,32.80500000000001,21.61,4.6475,3.92,4.933,PM2.5,22-25 °C,55-70%
2017,11,2017-11-01,Nordeste,CE,Fortaleza,23.44,80.55,23.38,0.79,48.06,27.7,44.9,58.25,Moderada,Nov,4,Primavera,False,21.096,20.1375,5.845,6.32,4.806000000000001,PM2.5,25-28 °C,até 55%
2017,11,2017-11-01,Nordeste,CE,Juazeiro do Norte,51.94,42.41,24.1,1.51,39.23,24.9,92.5,79.36,Moderada,Nov,4,Primavera,False,46.746,10.6025,6.025,12.08,3.923,PM2.5,22-25 °C,acima de 85%
2017,11,2017-11-01,Nordeste,MA,São Luís,28.91,60.62,20.1,1.1,36.96,34.4,90.2,58.7,Moderada,Nov,4,Primavera,False,26.019000000000002,15.155,5.025,8.8,3.696,PM2.5,acima de 28 °C,acima de 85%
2017,11,2017-11-01,Nordeste,PB,João Pessoa,31.66,42.16,37.14,0.72,27.69,25.0,40.0,56.85,Moderada,Nov,4,Primavera,False,28.494,10.54,9.285,5.76,2.769,PM2.5,22-25 °C,até 55%
2017,11,2017-11-01,Centro-Oeste,DF,Brasília,38.33,97.31,36.86,1.75,44.99,26.9,87.0,86.53,Ruim,Nov,4,Primavera,True,34.497,24.3275,9.215,14.0,4.4990000000000006,PM2.5,25-28 °C,acima de 85%
2017,11,2017-11-01,Centro-Oeste,GO,Goiânia,28.03,63.1,10.01,0.41,40.81,30.2,43.0,50.9,Moderada,Nov,4,Primavera,False,25.227,15.775,2.5025,3.28,4.081,PM2.5,acima de 28 °C,até 55%
2017,11,2017-11-01,Centro-Oeste,GO,Aparecida de Goiânia,30.34,72.57,36.63,1.4,46.63,24.4,63.6,70.46,Moderada,Nov,4,Primavera,False,27.306,18.1425,9.1575,11.2,4.663,PM2.5,22-25 °C,55-70%
2017,11,2017-11-01,Centro-Oeste,MT,Cuiabá,29.88,50.61,23.86,0.58,54.2,22.4,81.9,55.6,Moderada,Nov,4,Primavera,False,26.892,12.6525,5.965,4.64,5.420000000000001,PM2.5,22-25 °C,70-85%
2017,11,2017-11-01,Centro-Oeste,MS,Campo Grande,27.46,63.88,35.29,0.97,34.47,25.1,76.6,60.74,Moderada,Nov,4,Primavera,False,24.714000000000002,15.97,8.8225,7.76,3.447,PM2.5,25-28 °C,70-85%
2017,11,2017-11-01,Sudeste,SP,São Paulo,24.42,53.26,35.74,0.38,14.1,23.4,47.5,48.68,Boa,Nov,4,Primavera,False,21.978,13.315,8.935,3.04,1.4100000000000001,PM2.5,22-25 °C,até 55%
2017,11,2017-11-01,Sudeste,SP,Campinas,35.94,48.54,35.82,1.73,43.4,21.5,61.5,71.58,Moderada,Nov,4,Primavera,False,32.346,12.135,8.955,13.84,4.34,PM2.5,até 22 °C,55-70%
2017,11,2017-11-01,Sudeste,SP,Ribeirão Preto,32.14,95.55,15.69,0.91,57.75,26.1,91.9,69.77,Moderada,Nov,4,Primavera,False,28.926000000000002,23.8875,3.9225,7.28,5.775,PM2.5,25-28 °C,acima de 85%
2017,11,2017-11-01,Sudeste,RJ,Rio de Janeiro,25.12,78.14,19.97,0.51,35.73,21.2,75.4,54.82,Moderada,Nov,4,Primavera,False,22.608,19.535,4.9925,4.08,3.573,PM2.5,até 22 °C,70-85%
2017,11,2017-11-01,Sudeste,RJ,Niterói,44.44,25.51,26.02,1.45,38.28,26.4,72.5,68.33,Moderada,Nov,4,Primavera,False,39.996,6.3775,6.505,11.6,3.8280000000000003,PM2.5,25-28 °C,70-85%
2017,11,2017-11-01,Sudeste,RJ,Nova Iguaçu,50.35,55.06,31.92,1.14,47.0,22.5,91.4,80.85,Ruim,Nov,4,Primavera,True,45.315000000000005,13.765,7.98,9.12,4.7,PM2.5,22-25 °C,acima de 85%
2017,11,2017-11-01,Sudeste,RJ,Petrópolis,50.05,122.06,33.54,1.75,29.4,23.0,58.3,100.9,Ruim,Nov,4,Primavera,True,45.045,30.515,8.385,14.0,2.94,PM2.5,22-25 °C,55-70%
2017,11,2017-11-01,Sudeste,MG,Belo Horizonte,19.68,50.39,27.9,0.66,28.42,25.5,80.5,45.38,Boa,Nov,4,Primavera,False,17.712,12.5975,6.975,5.28,2.8420000000000005,PM2.5,25-28 °C,70-85%
2017,11,2017-11-01,Sudeste,MG,Uberlândia,35.8,78.99,29.46,1.1,50.66,23.1,56.9,73.18,Moderada,Nov,4,Primavera,False,32.22,19.7475,7.365,8.8,5.066,PM2.5,22-25 °C,55-70%
2017,11,2017-11-01,Sudeste,MG,Juiz de Fora,33.91,66.98,19.41,0.5,45.04,19.6,57.7,60.61,Moderada,Nov,4,Primavera,False,30.519,16.745,4.8525,4.0,4.5040000000000004,PM2.5,até 22 °C,55-70%
2017,11,2017-11-01,Sudeste,ES,Vitória,32.21,73.4,7.34,1.51,18.3,21.9,94.1,63.06,Moderada,Nov,4,Primavera,False,28.989,18.35,1.835,12.08,1.83,PM2.5,até 22 °C,acima de 85%
2017,11,2017-11-01,Sudeste,ES,Vila Velha,41.75,52.66,23.19,0.87,43.75,23.7,78.6,67.87,Moderada,Nov,4,Primavera,False,37.575,13.165,5.7975,6.96,4.375,PM2.5,22-25 °C,70-85%
2017,11,2017-11-01,Sudeste,ES,Serra,29.66,85.89,24.87,1.45,39.8,31.2,56.5,69.97,Moderada,Nov,4,Primavera,False,26.694,21.4725,6.2175,11.6,3.98,PM2.5,acima de 28 °C,55-70%
2017,11,2017-11-01,Sul,PR,Curitiba,23.56,84.58,30.58,0.37,26.11,29.3,67.9,55.58,Moderada,Nov,4,Primavera,False,21.204,21.145,7.645,2.96,2.611,PM2.5,acima de 28 °C,55-70%
2017,11,2017-11-01,Sul,PR,Londrina,53.53,61.03,34.35,1.17,41.22,24.0,44.8,85.54,Ruim,Nov,4,Primavera,True,48.177,15.2575,8.5875,9.36,4.122,PM2.5,22-25 °C,até 55%
2017,11,2017-11-01,Sul,SC,Florianópolis,30.82,35.54,27.2,0.81,55.61,30.3,45.0,55.49,Moderada,Nov,4,Primavera,False,27.738,8.885,6.8,6.48,5.561,PM2.5,acima de 28 °C,até 55%
2017,11,2017-11-01,Sul,SC,Joinville,22.21,32.77,25.85,1.0,35.47,23.6,67.6,46.17,Boa,Nov,4,Primavera,False,19.989,8.1925,6.4625,8.0,3.547,PM2.5,22-25 °C,55-70%
2017,11,2017-11-01,Sul,RS,Porto Alegre,38.43,51.51,23.7,1.31,50.23,23.2,51.2,68.91,Moderada,Nov,4,Primavera,False,34.587,12.8775,5.925,10.48,5.023,PM2.5,22-25 °C,até 55%
2017,11,2017-11-01,Sul,RS,Caxias do Sul,28.65,77.04,30.62,1.37,30.82,28.0,52.8,66.73,Moderada,Nov,4,Primavera,False,25.785,19.26,7.655,10.96,3.0820000000000003,PM2.5,25-28 °C,até 55%
2017,12,2017-12-01,Norte,AM,Manaus,43.4,78.83,27.68,0.35,56.99,28.0,87.6,74.16,Moderada,Dez,4,Verão,False,39.06,19.7075,6.92,2.8,5.699000000000001,PM2.5,25-28 °C,acima de 85%
2017,12,2017-12-01,Norte,PA,Belém,50.15,62.66,28.06,1.5,17.06,23.0,88.1,81.5,Ruim,Dez,4,Verão,True,45.135,15.665,7.015,12.0,1.706,PM2.5,22-25 °C,acima de 85%
2017,12,2017-12-01,Norte,PA,Santarém,28.75,87.98,34.46,1.78,24.25,21.1,53.7,73.14,Moderada,Dez,4,Verão,False,25.875,21.995,8.615,14.24,2.4250000000000003,PM2.5,até 22 °C,até 55%
2017,12,2017-12-01,Norte,RO,Porto Velho,34.6,32.8,22.17,0.57,8.49,21.7,52.4,50.33,Moderada,Dez,4,Verão,False,31.14,8.2,5.5425,4.56,0.8490000000000001,PM2.5,até 22 °C,até 55%
2017,12,2017-12-01,Norte,TO,Palmas,28.8,65.12,33.26,1.14,45.39,24.7,78.7,64.2,Moderada,Dez,4,Verão,False,25.92,16.28,8.315,9.12,4.539000000000001,PM2.5,22-25 °C,70-85%
2017,12,2017-12-01,Nordeste,BA,Salvador,18.59,53.49,11.79,0.9,55.5,21.2,48.4,45.84,Boa,Dez,4,Verão,False,16.731,13.3725,2.9475,7.2,5.550000000000001,PM2.5,até 22 °C,até 55%
2017,12,2017-12-01,Nordeste,BA,Feira de Santana,46.87,79.13,7.84,0.72,45.34,25.9,57.3,74.23,Moderada,Dez,4,Verão,False,42.183,19.7825,1.96,5.76,4.534000000000001,PM2.5,25-28 °C,55-70%
2017,12,2017-12-01,Nordeste,PE,Recife,26.36,79.72,22.34,1.49,44.3,20.5,79.8,65.61,Moderada,Dez,4,Verão,False,23.724,19.93,5.585,11.92,4.43,PM2.5,até 22 °C,70-85%
2017,12,2017-12-01,Nordeste,PE,Jaboatão dos Guararapes,23.55,84.69,26.0,0.31,29.3,22.5,75.1,54.27,Moderada,Dez,4,Verão,False,21.195,21.1725,6.5,2.48,2.93,PM2.5,22-25 °C,70-85%
2017,12,2017-12-01,Nordeste,CE,Fortaleza,23.97,94.9,4.85,0.95,57.75,27.1,66.1,59.86,Moderada,Dez,4,Verão,False,21.573,23.725,1.2125,7.6,5.775,PM10,25-28 °C,55-70%
2017,12,2017-12-01,Nordeste,CE,Juazeiro do Norte,20.65,76.61,38.06,1.31,37.4,27.8,87.5,61.47,Moderada,Dez,4,Verão,False,18.585,19.1525,9.515,10.48,3.74,PM10,25-28 °C,acima de 85%
2017,12,2017-12-01,Nordeste,MA,São Luís,54.0,55.99,24.88,0.82,29.25,24.0,75.5,78.26,Moderada,Dez,4,Verão,False,48.6,13.9975,6.22,6.56,2.9250000000000003,PM2.5,22-25 °C,70-85%
2017,12,2017-12-01,Nordeste,PB,João Pessoa,41.45,74.21,27.71,1.59,27.04,27.1,40.8,78.2,Moderada,Dez,4,Verão,False,37.30500000000001,18.5525,6.9275,12.72,2.704,PM2.5,25-28 °C,até 55%
2017,12,2017-12-01,Centro-Oeste,DF,Brasília,29.98,66.2,21.05,1.18,46.28,25.5,86.9,62.89,Moderada,Dez,4,Verão,False,26.982,16.55,5.2625,9.44,4.628,PM2.5,25-28 °C,acima de 85%
2017,12,2017-12-01,Centro-Oeste,GO,Goiânia,29.42,87.57,30.91,1.49,39.47,22.3,48.8,72.0,Moderada,Dez,4,Verão,False,26.478,21.8925,7.7275,11.92,3.947,PM2.5,22-25 °C,até 55%
2017,12,2017-12-01,Centro-Oeste,GO,Aparecida de Goiânia,42.62,67.62,20.78,0.67,48.67,22.0,63.2,70.7,Moderada,Dez,4,Verão,False,38.358,16.905,5.195,5.36,4.867000000000001,PM2.5,até 22 °C,55-70%
2017,12,2017-12-01,Centro-Oeste,MT,Cuiabá,34.71,87.06,23.65,0.92,47.89,26.7,90.8,71.03,Moderada,Dez,4,Verão,False,31.239,21.765,5.9125,7.36,4.789000000000001,PM2.5,25-28 °C,acima de 85%
2017,12,2017-12-01,Centro-Oeste,MS,Campo Grande,46.65,58.56,19.95,0.72,32.34,30.1,40.8,70.6,Moderada,Dez,4,Verão,False,41.985,14.64,4.9875,5.76,3.2340000000000004,PM2.5,acima de 28 °C,até 55%
2017,12,2017-12-01,Sudeste,SP,São Paulo,26.36,73.35,18.28,1.61,23.62,25.1,44.3,61.88,Moderada,Dez,4,Verão,False,23.724,18.3375,4.57,12.88,2.362,PM2.5,25-28 °C,até 55%
2017,12,2017-12-01,Sudeste,SP,Campinas,32.45,36.78,5.56,0.35,39.2,28.2,75.9,46.5,Boa,Dez,4,Verão,False,29.205000000000002,9.195,1.39,2.8,3.9200000000000004,PM2.5,acima de 28 °C,70-85%
2017,12,2017-12-01,Sudeste,SP,Ribeirão Preto,18.57,66.91,30.27,0.9,44.77,22.5,66.1,52.72,Moderada,Dez,4,Verão,False,16.713,16.7275,7.5675,7.2,4.477,PM10,22-25 °C,55-70%
2017,12,2017-12-01,Sudeste,RJ,Rio de Janeiro,23.59,88.57,23.73,0.67,40.52,19.5,52.0,58.71,Moderada,Dez,4,Verão,False,21.231,22.1425,5.9325,5.36,4.0520000000000005,PM10,até 22 °C,até 55%
2017,12,2017-12-01,Sudeste,RJ,Niterói,31.29,65.91,27.34,1.08,32.05,26.5,50.2,63.28,Moderada,Dez,4,Verão,False,28.161,16.4775,6.835,8.64,3.205,PM2.5,25-28 °C,até 55%
2017,12,2017-12-01,Sudeste,RJ,Nova Iguaçu,37.76,55.4,28.48,0.53,24.59,23.9,50.6,61.66,Moderada,Dez,4,Verão,False,33.984,13.85,7.12,4.24,2.459,PM2.5,22-25 °C,até 55%
2017,12,2017-12-01,Sudeste,RJ,Petrópolis,30.04,67.95,26.75,1.42,40.34,29.3,55.9,66.06,Moderada,Dez,4,Verão,False,27.036,16.9875,6.6875,11.36,4.034000000000001,PM2.5,acima de 28 °C,55-70%
2017,12,2017-12-01,Sudeste,MG,Belo Horizonte,32.01,97.12,16.43,0.39,38.11,26.1,72.3,64.16,Moderada,Dez,4,Verão,False,28.808999999999997,24.28,4.1075,3.12,3.811,PM2.5,25-28 °C,70-85%
2017,12,2017-12-01,Sudeste,MG,Uberlândia,40.38,46.08,24.62,0.45,39.62,29.5,45.4,61.58,Moderada,Dez,4,Verão,False,36.342000000000006,11.52,6.155,3.6,3.9619999999999997,PM2.5,acima de 28 °C,até 55%
2017,12,2017-12-01,Sudeste,MG,Juiz de Fora,33.33,74.98,29.73,0.46,34.76,25.2,47.0,63.35,Moderada,Dez,4,Verão,False,29.997,18.745,7.4325,3.68,3.476,PM2.5,25-28 °C,até 55%
2017,12,2017-12-01,Sudeste,ES,Vitória,32.13,74.62,21.67,0.51,39.89,25.8,90.7,61.07,Moderada,Dez,4,Verão,False,28.917,18.655,5.4175,4.08,3.9890000000000003,PM2.5,25-28 °C,acima de 85%
2017,12,2017-12-01,Sudeste,ES,Vila Velha,38.46,66.61,15.83,1.29,30.94,27.0,66.8,68.63,Moderada,Dez,4,Verão,False,34.614000000000004,16.6525,3.9575,10.32,3.0940000000000003,PM2.5,25-28 °C,55-70%
2017,12,2017-12-01,Sudeste,ES,Serra,16.9,76.84,28.75,0.36,38.1,27.9,89.0,48.28,Boa,Dez,4,Verão,False,15.209999999999999,19.21,7.1875,2.88,3.8100000000000005,PM10,25-28 °C,acima de 85%
2017,12,2017-12-01,Sul,PR,Curitiba,28.28,61.03,28.56,1.15,37.94,21.3,49.1,60.88,Moderada,Dez,4,Verão,False,25.452,15.2575,7.14,9.2,3.794,PM2.5,até 22 °C,até 55%
2017,12,2017-12-01,Sul,PR,Londrina,29.69,72.33,24.33,1.04,67.12,26.7,71.3,65.89,Moderada,Dez,4,Verão,False,26.721,18.0825,6.0825,8.32,6.712000000000001,PM2.5,25-28 °C,70-85%
2017,12,2017-12-01,Sul,SC,Florianópolis,25.44,80.55,26.33,1.68,36.97,19.6,82.1,66.76,Moderada,Dez,4,Verão,False,22.896,20.1375,6.5825,13.44,3.697,PM2.5,até 22 °C,70-85%
2017,12,2017-12-01,Sul,SC,Joinville,30.71,72.82,30.43,1.53,29.16,25.9,52.2,68.57,Moderada,Dez,4,Verão,False,27.639000000000003,18.205,7.6075,12.24,2.9160000000000004,PM2.5,25-28 °C,até 55%
2017,12,2017-12-01,Sul,RS,Porto Alegre,39.21,43.64,14.4,1.08,46.42,26.0,52.1,63.08,Moderada,Dez,4,Verão,False,35.289,10.91,3.6,8.64,4.642,PM2.5,25-28 °C,até 55%
2017,12,2017-12-01,Sul,RS,Caxias do Sul,21.51,92.98,33.66,0.49,34.2,25.2,82.7,58.36,Moderada,Dez,4,Verão,False,19.359,23.245,8.415,3.92,3.4200000000000004,PM10,25-28 °C,70-85%
2018,1,2018-01-01,Norte,AM,Manaus,37.17,60.37,25.53,0.77,43.26,27.7,81.1,65.41,Moderada,Jan,1,Verão,False,33.453,15.0925,6.3825,6.16,4.326,PM2.5,25-28 °C,70-85%
2018,1,2018-01-01,Norte,PA,Belém,26.81,76.25,30.74,1.62,44.53,22.9,50.2,68.3,Moderada,Jan,1,Verão,False,24.128999999999998,19.0625,7.685,12.96,4.453,PM2.5,22-25 °C,até 55%
2018,1,2018-01-01,Norte,PA,Santarém,40.88,70.65,20.83,0.61,14.28,22.3,66.5,65.94,Moderada,Jan,1,Verão,False,36.792,17.6625,5.2075,4.88,1.428,PM2.5,22-25 °C,55-70%
2018,1,2018-01-01,Norte,RO,Porto Velho,38.23,51.78,31.64,0.3,40.06,24.6,71.9,61.69,Moderada,Jan,1,Verão,False,34.407,12.945,7.91,2.4,4.006,PM2.5,22-25 °C,70-85%
2018,1,2018-01-01,Norte,TO,Palmas,15.56,92.99,30.88,0.44,36.5,26.3,94.0,52.15,Moderada,Jan,1,Verão,False,14.004000000000001,23.2475,7.72,3.52,3.6500000000000004,PM10,25-28 °C,acima de 85%
2018,1,2018-01-01,Nordeste,BA,Salvador,42.16,69.94,13.16,0.94,35.64,24.5,71.1,69.82,Moderada,Jan,1,Verão,False,37.943999999999996,17.485,3.29,7.52,3.564,PM2.5,22-25 °C,70-85%
2018,1,2018-01-01,Nordeste,BA,Feira de Santana,27.02,38.91,22.53,0.88,52.41,24.6,76.9,51.95,Moderada,Jan,1,Verão,False,24.318,9.7275,5.6325,7.04,5.241,PM2.5,22-25 °C,70-85%
2018,1,2018-01-01,Nordeste,PE,Recife,40.21,37.57,26.03,1.71,33.99,27.3,94.2,69.21,Moderada,Jan,1,Verão,False,36.189,9.3925,6.5075,13.68,3.3990000000000005,PM2.5,25-28 °C,acima de 85%
2018,1,2018-01-01,Nordeste,PE,Jaboatão dos Guararapes,49.93,79.05,9.38,0.44,44.38,29.6,43.4,74.97,Moderada,Jan,1,Verão,False,44.937,19.7625,2.345,3.52,4.438000000000001,PM2.5,acima de 28 °C,até 55%
2018,1,2018-01-01,Nordeste,CE,Fortaleza,24.97,87.97,32.21,1.2,59.98,27.7,76.8,68.09,Moderada,Jan,1,Verão,False,22.473,21.9925,8.0525,9.6,5.998,PM2.5,25-28 °C,70-85%
2018,1,2018-01-01,Nordeste,CE,Juazeiro do Norte,36.44,79.1,17.79,0.65,44.6,22.4,43.3,66.71,Moderada,Jan,1,Verão,False,32.796,19.775,4.4475,5.2,4.46,PM2.5,22-25 °C,até 55%
2018,1,2018-01-01,Nordeste,MA,São Luís,43.54,64.95,15.81,1.34,43.31,24.1,60.9,74.44,Moderada,Jan,1,Verão,False,39.186,16.2375,3.9525,10.72,4.331,PM2.5,22-25 °C,55-70%
2018,1,2018-01-01,Nordeste,PB,João Pessoa,10.66,87.03,14.59,0.51,23.1,28.6,44.7,41.39,Boa,Jan,1,Verão,False,9.594000000000001,21.7575,3.6475,4.08,2.31,PM10,acima de 28 °C,até 55%
2018,1,2018-01-01,Centro-Oeste,DF,Brasília,27.22,69.27,18.1,1.57,37.04,26.1,88.9,62.58,Moderada,Jan,1,Verão,False,24.498,17.3175,4.525,12.56,3.704,PM2.5,25-28 °C,acima de 85%
2018,1,2018-01-01,Centro-Oeste,GO,Goiânia,33.91,52.02,33.32,1.23,27.62,22.2,65.2,64.49,Moderada,Jan,1,Verão,False,30.519,13.005,8.33,9.84,2.7620000000000005,PM2.5,22-25 °C,55-70%
2018,1,2018-01-01,Centro-Oeste,GO,Aparecida de Goiânia,42.4,69.15,34.62,1.03,30.72,21.6,72.1,75.43,Moderada,Jan,1,Verão,False,38.16,17.2875,8.655,8.24,3.072,PM2.5,até 22 °C,70-85%
2018,1,2018-01-01,Centro-Oeste,MT,Cuiabá,42.53,95.5,26.3,0.69,34.03,26.5,48.1,77.63,Moderada,Jan,1,Verão,False,38.277,23.875,6.575,5.52,3.4030000000000005,PM2.5,25-28 °C,até 55%
2018,1,2018-01-01,Centro-Oeste,MS,Campo Grande,49.36,74.42,28.9,1.1,53.99,22.1,91.0,84.45,Ruim,Jan,1,Verão,True,44.424,18.605,7.225,8.8,5.399000000000001,PM2.5,22-25 °C,acima de 85%
2018,1,2018-01-01,Sudeste,SP,São Paulo,43.14,86.48,23.37,0.83,41.17,24.5,81.4,77.08,Moderada,Jan,1,Verão,False,38.826,21.62,5.8425,6.64,4.117,PM2.5,22-25 °C,70-85%
2018,1,2018-01-01,Sudeste,SP,Campinas,26.84,59.81,29.21,1.58,41.27,27.9,88.2,63.17,Moderada,Jan,1,Verão,False,24.156,14.9525,7.3025,12.64,4.127000000000001,PM2.5,25-28 °C,acima de 85%
2018,1,2018-01-01,Sudeste,SP,Ribeirão Preto,29.99,80.63,28.52,0.77,33.33,28.7,59.0,63.81,Moderada,Jan,1,Verão,False,26.991,20.1575,7.13,6.16,3.333,PM2.5,acima de 28 °C,55-70%
2018,1,2018-01-01,Sudeste,RJ,Rio de Janeiro,36.36,83.27,21.07,1.7,61.02,26.4,75.2,78.5,Moderada,Jan,1,Verão,False,32.724000000000004,20.8175,5.2675,13.6,6.102,PM2.5,25-28 °C,70-85%
2018,1,2018-01-01,Sudeste,RJ,Niterói,35.94,92.39,22.96,1.07,30.13,26.0,43.1,72.75,Moderada,Jan,1,Verão,False,32.346,23.0975,5.74,8.56,3.013,PM2.5,25-28 °C,até 55%
2018,1,2018-01-01,Sudeste,RJ,Nova Iguaçu,24.35,41.99,31.5,0.86,39.59,26.4,68.3,51.14,Moderada,Jan,1,Verão,False,21.915000000000003,10.4975,7.875,6.88,3.9590000000000005,PM2.5,25-28 °C,55-70%
2018,1,2018-01-01,Sudeste,RJ,Petrópolis,25.43,83.24,21.21,1.57,53.73,25.3,72.6,66.91,Moderada,Jan,1,Verão,False,22.887,20.81,5.3025,12.56,5.373,PM2.5,25-28 °C,70-85%
2018,1,2018-01-01,Sudeste,MG,Belo Horizonte,34.51,63.59,32.18,0.72,44.12,22.3,63.3,65.14,Moderada,Jan,1,Verão,False,31.058999999999997,15.8975,8.045,5.76,4.412,PM2.5,22-25 °C,55-70%
2018,1,2018-01-01,Sudeste,MG,Uberlândia,34.44,91.36,16.71,0.78,40.86,22.1,51.5,68.36,Moderada,Jan,1,Verão,False,30.996,22.84,4.1775,6.24,4.086,PM2.5,22-25 °C,até 55%
2018,1,2018-01-01,Sudeste,MG,Juiz de Fora,48.89,71.73,20.88,0.55,36.79,26.4,68.7,75.26,Moderada,Jan,1,Verão,False,44.001000000000005,17.9325,5.22,4.4,3.6790000000000003,PM2.5,25-28 °C,55-70%
2018,1,2018-01-01,Sudeste,ES,Vitória,31.84,73.07,25.51,1.4,49.7,26.5,40.1,69.44,Moderada,Jan,1,Verão,False,28.656,18.2675,6.3775,11.2,4.970000000000001,PM2.5,25-28 °C,até 55%
2018,1,2018-01-01,Sudeste,ES,Vila Velha,48.96,75.02,13.36,1.28,23.87,25.5,74.6,78.81,Moderada,Jan,1,Verão,False,44.064,18.755,3.34,10.24,2.387,PM2.5,25-28 °C,70-85%
2018,1,2018-01-01,Sudeste,ES,Serra,49.54,77.13,28.42,1.03,27.14,26.4,41.7,81.94,Ruim,Jan,1,Verão,True,44.586,19.2825,7.105,8.24,2.7140000000000004,PM2.5,25-28 °C,até 55%
2018,1,2018-01-01,Sul,PR,Curitiba,42.11,57.34,37.87,0.95,28.76,29.7,81.7,72.17,Moderada,Jan,1,Verão,False,37.899,14.335,9.4675,7.6,2.8760000000000003,PM2.5,acima de 28 °C,70-85%
2018,1,2018-01-01,Sul,PR,Londrina,30.45,80.36,27.06,1.0,55.2,25.0,41.3,67.8,Moderada,Jan,1,Verão,False,27.405,20.09,6.765,8.0,5.5200000000000005,PM2.5,22-25 °C,até 55%
2018,1,2018-01-01,Sul,SC,Florianópolis,56.55,95.66,27.18,0.71,30.24,26.8,86.8,90.3,Ruim,Jan,1,Verão,True,50.894999999999996,23.915,6.795,5.68,3.024,PM2.5,25-28 °C,acima de 85%
2018,1,2018-01-01,Sul,SC,Joinville,37.18,107.55,19.02,0.76,40.81,29.8,72.6,75.24,Moderada,Jan,1,Verão,False,33.462,26.8875,4.755,6.08,4.081,PM2.5,acima de 28 °C,70-85%
2018,1,2018-01-01,Sul,RS,Porto Alegre,31.44,114.5,17.18,0.77,51.0,26.7,81.4,72.51,Moderada,Jan,1,Verão,False,28.296000000000003,28.625,4.295,6.16,5.1000000000000005,PM10,25-28 °C,70-85%
2018,1,2018-01-01,Sul,RS,Caxias do Sul,40.68,42.71,33.61,1.36,38.04,25.4,85.2,70.38,Moderada,Jan,1,Verão,False,36.612,10.6775,8.4025,10.88,3.8040000000000003,PM2.5,25-28 °C,acima de 85%
2018,2,2018-02-01,Norte,AM,Manaus,40.03,77.72,23.21,1.34,42.49,28.4,51.7,76.2,Moderada,Fev,1,Verão,False,36.027,19.43,5.8025,10.72,4.2490000000000006,PM2.5,acima de 28 °C,até 55%
2018,2,2018-02-01,Norte,PA,Belém,35.1,35.95,18.55,1.18,46.67,29.5,86.0,59.32,Moderada,Fev,1,Verão,False,31.590000000000003,8.9875,4.6375,9.44,4.667000000000001,PM2.5,acima de 28 °C,acima de 85%
2018,2,2018-02-01,Norte,PA,Santarém,37.75,79.23,25.03,1.58,60.75,24.0,61.2,78.74,Moderada,Fev,1,Verão,False,33.975,19.8075,6.2575,12.64,6.075,PM2.5,22-25 °C,55-70%
2018,2,2018-02-01,Norte,RO,Porto Velho,53.69,66.57,24.08,1.76,33.14,20.8,45.9,88.37,Ruim,Fev,1,Verão,True,48.321,16.6425,6.02,14.08,3.314,PM2.5,até 22 °C,até 55%
2018,2,2018-02-01,Norte,TO,Palmas,39.65,76.67,28.01,0.65,27.23,21.9,94.5,69.82,Moderada,Fev,1,Verão,False,35.685,19.1675,7.0025,5.2,2.7230000000000003,PM2.5,até 22 °C,acima de 85%
2018,2,2018-02-01,Nordeste,BA,Salvador,36.74,76.59,19.02,0.42,43.05,22.5,80.0,64.61,Moderada,Fev,1,Verão,False,33.066,19.1475,4.755,3.36,4.305,PM2.5,22-25 °C,70-85%
2018,2,2018-02-01,Nordeste,BA,Feira de Santana,27.8,40.19,31.72,0.35,40.09,20.3,43.9,49.78,Boa,Fev,1,Verão,False,25.02,10.0475,7.93,2.8,4.009,PM2.5,até 22 °C,até 55%
2018,2,2018-02-01,Nordeste,PE,Recife,37.8,78.06,36.8,0.61,41.6,32.4,47.8,71.76,Moderada,Fev,1,Verão,False,34.019999999999996,19.515,9.2,4.88,4.16,PM2.5,acima de 28 °C,até 55%
2018,2,2018-02-01,Nordeste,PE,Jaboatão dos Guararapes,26.92,57.21,24.45,1.14,38.74,21.3,45.0,57.61,Moderada,Fev,1,Verão,False,24.228,14.3025,6.1125,9.12,3.8740000000000006,PM2.5,até 22 °C,até 55%
2018,2,2018-02-01,Nordeste,CE,Fortaleza,36.41,73.36,37.73,0.45,46.65,28.1,90.7,68.79,Moderada,Fev,1,Verão,False,32.769,18.34,9.4325,3.6,4.665,PM2.5,acima de 28 °C,acima de 85%
2018,2,2018-02-01,Nordeste,CE,Juazeiro do Norte,43.66,90.91,25.98,1.74,35.48,25.1,69.5,86.0,Ruim,Fev,1,Verão,True,39.294,22.7275,6.495,13.92,3.548,PM2.5,25-28 °C,55-70%
2018,2,2018-02-01,Nordeste,MA,São Luís,40.19,44.31,23.56,0.39,41.29,24.5,77.9,60.35,Moderada,Fev,1,Verão,False,36.171,11.0775,5.89,3.12,4.1290000000000004,PM2.5,22-25 °C,70-85%
2018,2,2018-02-01,Nordeste,PB,João Pessoa,41.4,66.41,24.64,1.72,39.85,21.0,40.2,77.79,Moderada,Fev,1,Verão,False,37.26,16.6025,6.16,13.76,3.9850000000000003,PM2.5,até 22 °C,até 55%
2018,2,2018-02-01,Centro-Oeste,DF,Brasília,31.74,52.93,18.26,1.6,26.81,30.3,41.8,61.84,Moderada,Fev,1,Verão,False,28.566,13.2325,4.565,12.8,2.681,PM2.5,acima de 28 °C,até 55%
2018,2,2018-02-01,Centro-Oeste,GO,Goiânia,19.73,49.87,25.19,1.26,43.21,24.9,50.2,50.92,Moderada,Fev,1,Verão,False,17.757,12.4675,6.2975,10.08,4.321000000000001,PM2.5,22-25 °C,até 55%
2018,2,2018-02-01,Centro-Oeste,GO,Aparecida de Goiânia,30.29,50.3,13.83,1.77,44.99,23.0,45.5,61.92,Moderada,Fev,1,Verão,False,27.261,12.575,3.4575,14.16,4.4990000000000006,PM2.5,22-25 °C,até 55%
2018,2,2018-02-01,Centro-Oeste,MT,Cuiabá,51.93,67.94,41.4,1.29,51.26,26.9,48.5,89.51,Ruim,Fev,1,Verão,True,46.737,16.985,10.35,10.32,5.126,PM2.5,25-28 °C,até 55%
2018,2,2018-02-01,Centro-Oeste,MS,Campo Grande,42.21,62.53,45.49,0.45,32.17,27.8,80.4,71.83,Moderada,Fev,1,Verão,False,37.989000000000004,15.6325,11.3725,3.6,3.2170000000000005,PM2.5,25-28 °C,70-85%
2018,2,2018-02-01,Sudeste,SP,São Paulo,42.78,63.06,18.45,1.17,33.89,27.9,87.7,71.63,Moderada,Fev,1,Verão,False,38.502,15.765,4.6125,9.36,3.3890000000000002,PM2.5,25-28 °C,acima de 85%
2018,2,2018-02-01,Sudeste,SP,Campinas,49.79,60.83,33.82,0.57,45.36,21.8,44.4,77.59,Moderada,Fev,1,Verão,False,44.811,15.2075,8.455,4.56,4.5360000000000005,PM2.5,até 22 °C,até 55%
2018,2,2018-02-01,Sudeste,SP,Ribeirão Preto,35.76,65.15,24.08,0.31,54.78,28.3,83.0,62.45,Moderada,Fev,1,Verão,False,32.184,16.2875,6.02,2.48,5.478000000000001,PM2.5,acima de 28 °C,70-85%
2018,2,2018-02-01,Sudeste,RJ,Rio de Janeiro,33.66,57.13,30.48,0.53,45.68,19.6,88.8,60.96,Moderada,Fev,1,Verão,False,30.293999999999997,14.2825,7.62,4.24,4.5680000000000005,PM2.5,até 22 °C,acima de 85%
2018,2,2018-02-01,Sudeste,RJ,Niterói,28.11,79.89,44.08,0.94,40.78,24.4,49.7,67.89,Moderada,Fev,1,Verão,False,25.299,19.9725,11.02,7.52,4.078,PM2.5,22-25 °C,até 55%
2018,2,2018-02-01,Sudeste,RJ,Nova Iguaçu,24.02,70.71,34.48,0.92,30.5,24.2,45.2,58.35,Moderada,Fev,1,Verão,False,21.618,17.6775,8.62,7.36,3.0500000000000003,PM2.5,22-25 °C,até 55%
2018,2,2018-02-01,Sudeste,RJ,Petrópolis,30.01,80.6,18.57,1.55,35.67,24.4,93.8,67.75,Moderada,Fev,1,Verão,False,27.009,20.15,4.6425,12.4,3.567,PM2.5,22-25 °C,acima de 85%
2018,2,2018-02-01,Sudeste,MG,Belo Horizonte,27.03,74.48,33.89,0.45,34.96,20.5,47.3,58.51,Moderada,Fev,1,Verão,False,24.327,18.62,8.4725,3.6,3.4960000000000004,PM2.5,até 22 °C,até 55%
2018,2,2018-02-01,Sudeste,MG,Uberlândia,31.3,98.86,12.78,0.85,22.6,21.6,92.6,65.11,Moderada,Fev,1,Verão,False,28.17,24.715,3.195,6.8,2.2600000000000002,PM2.5,até 22 °C,acima de 85%
2018,2,2018-02-01,Sudeste,MG,Juiz de Fora,29.6,64.43,19.44,0.5,42.28,22.0,77.7,55.8,Moderada,Fev,1,Verão,False,26.64,16.1075,4.86,4.0,4.228000000000001,PM2.5,até 22 °C,70-85%
2018,2,2018-02-01,Sudeste,ES,Vitória,49.67,68.42,22.67,1.57,27.22,31.4,83.7,82.73,Ruim,Fev,1,Verão,True,44.703,17.105,5.6675,12.56,2.722,PM2.5,acima de 28 °C,70-85%
2018,2,2018-02-01,Sudeste,ES,Vila Velha,43.36,85.96,36.62,0.3,33.53,26.2,93.5,75.45,Moderada,Fev,1,Verão,False,39.024,21.49,9.155,2.4,3.353,PM2.5,25-28 °C,acima de 85%
2018,2,2018-02-01,Sudeste,ES,Serra,50.27,55.43,13.71,0.36,42.26,24.5,58.8,69.61,Moderada,Fev,1,Verão,False,45.243,13.8575,3.4275,2.88,4.226,PM2.5,22-25 °C,55-70%
2018,2,2018-02-01,Sul,PR,Curitiba,37.05,43.93,28.08,0.31,36.38,28.3,69.4,57.5,Moderada,Fev,1,Verão,False,33.345,10.9825,7.02,2.48,3.6380000000000003,PM2.5,acima de 28 °C,55-70%
2018,2,2018-02-01,Sul,PR,Londrina,57.77,76.94,25.91,1.07,29.87,28.9,69.7,89.23,Ruim,Fev,1,Verão,True,51.993,19.235,6.4775,8.56,2.987,PM2.5,acima de 28 °C,55-70%
2018,2,2018-02-01,Sul,SC,Florianópolis,36.5,99.13,26.88,1.49,41.84,22.5,91.9,80.44,Ruim,Fev,1,Verão,True,32.85,24.7825,6.72,11.92,4.184,PM2.5,22-25 °C,acima de 85%
2018,2,2018-02-01,Sul,SC,Joinville,42.26,68.19,14.65,0.31,37.11,25.4,63.0,64.93,Moderada,Fev,1,Verão,False,38.034,17.0475,3.6625,2.48,3.7110000000000003,PM2.5,25-28 °C,55-70%
2018,2,2018-02-01,Sul,RS,Porto Alegre,34.7,87.13,16.55,0.53,32.36,23.7,65.2,64.62,Moderada,Fev,1,Verão,False,31.230000000000004,21.7825,4.1375,4.24,3.236,PM2.5,22-25 °C,55-70%
2018,2,2018-02-01,Sul,RS,Caxias do Sul,41.98,82.72,21.46,0.57,37.44,26.0,62.7,72.13,Moderada,Fev,1,Verão,False,37.782,20.68,5.365,4.56,3.7439999999999998,PM2.5,25-28 °C,55-70%
2018,3,2018-03-01,Norte,AM,Manaus,42.15,63.16,26.63,1.25,34.12,28.0,86.6,73.8,Moderada,Mar,1,Outono,False,37.935,15.79,6.6575,10.0,3.412,PM2.5,25-28 °C,acima de 85%
2018,3,2018-03-01,Norte,PA,Belém,36.59,83.99,28.05,0.75,23.8,26.2,66.0,69.3,Moderada,Mar,1,Outono,False,32.931000000000004,20.9975,7.0125,6.0,2.3800000000000003,PM2.5,25-28 °C,55-70%
2018,3,2018-03-01,Norte,PA,Santarém,38.96,62.52,35.28,0.77,45.3,26.3,40.8,70.21,Moderada,Mar,1,Outono,False,35.064,15.63,8.82,6.16,4.53,PM2.5,25-28 °C,até 55%
2018,3,2018-03-01,Norte,RO,Porto Velho,43.41,101.14,24.85,0.51,59.03,22.7,70.7,80.58,Ruim,Mar,1,Outono,True,39.068999999999996,25.285,6.2125,4.08,5.9030000000000005,PM2.5,22-25 °C,70-85%
2018,3,2018-03-01,Norte,TO,Palmas,16.57,57.0,35.29,0.69,40.51,24.9,74.8,47.52,Boa,Mar,1,Outono,False,14.913,14.25,8.8225,5.52,4.051,PM2.5,22-25 °C,70-85%
2018,3,2018-03-01,Nordeste,BA,Salvador,25.45,46.06,21.4,1.26,32.65,25.4,50.0,53.13,Moderada,Mar,1,Outono,False,22.905,11.515,5.35,10.08,3.265,PM2.5,25-28 °C,até 55%
2018,3,2018-03-01,Nordeste,BA,Feira de Santana,42.01,50.43,42.37,0.69,30.61,23.8,75.4,69.63,Moderada,Mar,1,Outono,False,37.809,12.6075,10.5925,5.52,3.061,PM2.5,22-25 °C,70-85%
2018,3,2018-03-01,Nordeste,PE,Recife,27.16,98.88,31.09,1.36,28.12,28.1,40.1,70.63,Moderada,Mar,1,Outono,False,24.444,24.72,7.7725,10.88,2.8120000000000003,PM10,acima de 28 °C,até 55%
2018,3,2018-03-01,Nordeste,PE,Jaboatão dos Guararapes,51.16,83.5,20.08,1.58,29.16,27.4,70.8,87.46,Ruim,Mar,1,Outono,True,46.044,20.875,5.02,12.64,2.9160000000000004,PM2.5,25-28 °C,70-85%
2018,3,2018-03-01,Nordeste,CE,Fortaleza,37.93,73.96,7.09,1.51,38.79,24.9,53.3,70.37,Moderada,Mar,1,Outono,False,34.137,18.49,1.7725,12.08,3.879,PM2.5,22-25 °C,até 55%
2018,3,2018-03-01,Nordeste,CE,Juazeiro do Norte,50.49,65.93,22.78,0.69,46.31,26.9,69.9,77.74,Moderada,Mar,1,Outono,False,45.441,16.4825,5.695,5.52,4.631,PM2.5,25-28 °C,55-70%
2018,3,2018-03-01,Nordeste,MA,São Luís,27.16,8.55,22.97,1.63,46.76,23.3,55.7,50.06,Moderada,Mar,1,Outono,False,24.444,2.1375,5.7425,13.04,4.676,PM2.5,22-25 °C,55-70%
2018,3,2018-03-01,Nordeste,PB,João Pessoa,28.81,43.34,19.02,0.97,45.82,25.4,67.1,53.86,Moderada,Mar,1,Outono,False,25.929,10.835,4.755,7.76,4.582,PM2.5,25-28 °C,55-70%
2018,3,2018-03-01,Centro-Oeste,DF,Brasília,27.97,97.54,18.36,1.09,57.05,26.6,89.0,68.56,Moderada,Mar,1,Outono,False,25.173,24.385,4.59,8.72,5.705,PM2.5,25-28 °C,acima de 85%
2018,3,2018-03-01,Centro-Oeste,GO,Goiânia,14.46,88.29,33.29,1.22,44.06,25.0,65.3,57.55,Moderada,Mar,1,Outono,False,13.014000000000001,22.0725,8.3225,9.76,4.406000000000001,PM10,22-25 °C,55-70%
2018,3,2018-03-01,Centro-Oeste,GO,Aparecida de Goiânia,29.43,93.32,31.05,1.59,16.65,28.8,47.3,71.95,Moderada,Mar,1,Outono,False,26.487000000000002,23.33,7.7625,12.72,1.665,PM2.5,acima de 28 °C,até 55%
2018,3,2018-03-01,Centro-Oeste,MT,Cuiabá,29.8,60.39,16.12,1.26,31.0,32.2,47.1,59.12,Moderada,Mar,1,Outono,False,26.82,15.0975,4.03,10.08,3.1,PM2.5,acima de 28 °C,até 55%
2018,3,2018-03-01,Centro-Oeste,MS,Campo Grande,54.15,65.8,30.82,1.77,44.78,29.9,66.3,91.54,Ruim,Mar,1,Outono,True,48.735,16.45,7.705,14.16,4.478000000000001,PM2.5,acima de 28 °C,55-70%
2018,3,2018-03-01,Sudeste,SP,São Paulo,29.05,41.05,18.43,1.45,62.59,25.8,61.5,58.89,Moderada,Mar,1,Outono,False,26.145,10.2625,4.6075,11.6,6.259,PM2.5,25-28 °C,55-70%
2018,3,2018-03-01,Sudeste,SP,Campinas,22.47,24.57,35.64,1.76,58.59,25.8,49.2,55.22,Moderada,Mar,1,Outono,False,20.223,6.1425,8.91,14.08,5.859000000000001,PM2.5,25-28 °C,até 55%
2018,3,2018-03-01,Sudeste,SP,Ribeirão Preto,42.27,68.77,19.09,0.64,27.99,24.9,66.2,67.94,Moderada,Mar,1,Outono,False,38.043000000000006,17.1925,4.7725,5.12,2.799,PM2.5,22-25 °C,55-70%
2018,3,2018-03-01,Sudeste,RJ,Rio de Janeiro,26.78,48.94,30.12,0.57,38.83,23.3,69.3,52.3,Moderada,Mar,1,Outono,False,24.102,12.235,7.53,4.56,3.883,PM2.5,22-25 °C,55-70%
2018,3,2018-03-01,Sudeste,RJ,Niterói,27.29,72.56,26.55,1.42,43.56,28.2,53.7,65.03,Moderada,Mar,1,Outono,False,24.561,18.14,6.6375,11.36,4.356000000000001,PM2.5,acima de 28 °C,até 55%
2018,3,2018-03-01,Sudeste,RJ,Nova Iguaçu,59.69,68.6,29.6,1.26,40.72,25.1,80.5,92.39,Ruim,Mar,1,Outono,True,53.721,17.15,7.4,10.08,4.072,PM2.5,25-28 °C,70-85%
2018,3,2018-03-01,Sudeste,RJ,Petrópolis,44.15,112.96,26.91,1.05,76.43,24.4,57.2,90.77,Ruim,Mar,1,Outono,True,39.735,28.24,6.7275,8.4,7.643000000000001,PM2.5,22-25 °C,55-70%
2018,3,2018-03-01,Sudeste,MG,Belo Horizonte,35.57,76.61,27.7,1.26,50.65,24.5,91.6,73.28,Moderada,Mar,1,Outono,False,32.013,19.1525,6.925,10.08,5.065,PM2.5,22-25 °C,acima de 85%
2018,3,2018-03-01,Sudeste,MG,Uberlândia,43.98,119.17,26.59,1.04,54.77,26.7,61.4,89.79,Ruim,Mar,1,Outono,True,39.582,29.7925,6.6475,8.32,5.477,PM2.5,25-28 °C,55-70%
2018,3,2018-03-01,Sudeste,MG,Juiz de Fora,23.72,64.39,27.27,1.21,33.09,23.5,62.7,57.24,Moderada,Mar,1,Outono,False,21.348,16.0975,6.8175,9.68,3.3090000000000006,PM2.5,22-25 °C,55-70%
2018,3,2018-03-01,Sudeste,ES,Vitória,34.4,44.6,22.24,0.69,41.9,28.4,58.8,57.39,Moderada,Mar,1,Outono,False,30.96,11.15,5.56,5.52,4.19,PM2.5,acima de 28 °C,55-70%
2018,3,2018-03-01,Sudeste,ES,Vila Velha,38.79,88.47,17.93,1.58,35.15,25.3,46.1,77.64,Moderada,Mar,1,Outono,False,34.911,22.1175,4.4825,12.64,3.515,PM2.5,25-28 °C,até 55%
2018,3,2018-03-01,Sudeste,ES,Serra,37.34,54.49,28.57,1.51,32.94,24.8,42.3,69.78,Moderada,Mar,1,Outono,False,33.606,13.6225,7.1425,12.08,3.294,PM2.5,22-25 °C,até 55%
2018,3,2018-03-01,Sul,PR,Curitiba,45.33,95.15,8.39,1.32,48.47,21.1,93.5,82.07,Ruim,Mar,1,Outono,True,40.797,23.7875,2.0975,10.56,4.847,PM2.5,até 22 °C,acima de 85%
2018,3,2018-03-01,Sul,PR,Londrina,13.52,59.23,15.71,0.8,30.31,22.3,43.2,40.33,Boa,Mar,1,Outono,False,12.168,14.8075,3.9275,6.4,3.031,PM10,22-25 °C,até 55%
2018,3,2018-03-01,Sul,SC,Florianópolis,36.8,63.72,28.63,1.63,37.72,30.7,65.7,72.99,Moderada,Mar,1,Outono,False,33.12,15.93,7.1575,13.04,3.7720000000000002,PM2.5,acima de 28 °C,55-70%
2018,3,2018-03-01,Sul,SC,Joinville,51.59,76.64,24.94,1.13,25.12,22.7,53.2,83.41,Ruim,Mar,1,Outono,True,46.431000000000004,19.16,6.235,9.04,2.5120000000000005,PM2.5,22-25 °C,até 55%
2018,3,2018-03-01,Sul,RS,Porto Alegre,35.24,61.13,28.85,1.79,44.62,28.1,76.5,72.98,Moderada,Mar,1,Outono,False,31.716,15.2825,7.2125,14.32,4.462,PM2.5,acima de 28 °C,70-85%
2018,3,2018-03-01,Sul,RS,Caxias do Sul,27.4,59.29,32.4,1.24,40.06,26.9,61.9,61.54,Moderada,Mar,1,Outono,False,24.66,14.8225,8.1,9.92,4.006,PM2.5,25-28 °C,55-70%
2018,4,2018-04-01,Norte,AM,Manaus,42.82,72.15,21.44,0.85,21.34,22.3,68.3,70.86,Moderada,Abr,2,Outono,False,38.538000000000004,18.0375,5.36,6.8,2.134,PM2.5,22-25 °C,55-70%
2018,4,2018-04-01,Norte,PA,Belém,29.41,69.31,17.22,0.7,35.45,29.4,42.1,57.24,Moderada,Abr,2,Outono,False,26.469,17.3275,4.305,5.6,3.5450000000000004,PM2.5,acima de 28 °C,até 55%
2018,4,2018-04-01,Norte,PA,Santarém,32.2,64.75,34.85,1.18,41.59,20.9,66.6,67.48,Moderada,Abr,2,Outono,False,28.980000000000004,16.1875,8.7125,9.44,4.159000000000001,PM2.5,até 22 °C,55-70%
2018,4,2018-04-01,Norte,RO,Porto Velho,40.67,52.14,17.43,1.02,25.65,23.9,79.7,64.72,Moderada,Abr,2,Outono,False,36.603,13.035,4.3575,8.16,2.565,PM2.5,22-25 °C,70-85%
2018,4,2018-04-01,Norte,TO,Palmas,41.62,75.52,19.33,0.39,48.01,24.9,66.3,69.12,Moderada,Abr,2,Outono,False,37.458,18.88,4.8325,3.12,4.801,PM2.5,22-25 °C,55-70%
2018,4,2018-04-01,Nordeste,BA,Salvador,18.97,74.12,35.29,1.49,35.99,28.4,51.7,59.96,Moderada,Abr,2,Outono,False,17.073,18.53,8.8225,11.92,3.599,PM10,acima de 28 °C,até 55%
2018,4,2018-04-01,Nordeste,BA,Feira de Santana,29.89,72.15,18.82,1.21,44.85,21.6,72.3,63.81,Moderada,Abr,2,Outono,False,26.901,18.0375,4.705,9.68,4.485,PM2.5,até 22 °C,70-85%
2018,4,2018-04-01,Nordeste,PE,Recife,42.63,96.38,16.46,0.86,57.58,23.1,78.3,79.23,Moderada,Abr,2,Outono,False,38.367000000000004,24.095,4.115,6.88,5.758,PM2.5,22-25 °C,70-85%
2018,4,2018-04-01,Nordeste,PE,Jaboatão dos Guararapes,44.04,83.26,24.86,0.41,46.02,23.1,90.2,74.53,Moderada,Abr,2,Outono,False,39.636,20.815,6.215,3.28,4.602,PM2.5,22-25 °C,acima de 85%
2018,4,2018-04-01,Nordeste,CE,Fortaleza,32.96,85.21,15.61,1.69,48.23,20.7,89.4,73.24,Moderada,Abr,2,Outono,False,29.664,21.3025,3.9025,13.52,4.823,PM2.5,até 22 °C,acima de 85%
2018,4,2018-04-01,Nordeste,CE,Juazeiro do Norte,32.07,79.95,20.65,0.47,51.03,34.1,54.1,62.91,Moderada,Abr,2,Outono,False,28.863,19.9875,5.1625,3.76,5.103000000000001,PM2.5,acima de 28 °C,até 55%
2018,4,2018-04-01,Nordeste,MA,São Luís,36.22,63.07,23.99,1.58,48.11,26.5,49.6,71.78,Moderada,Abr,2,Outono,False,32.598,15.7675,5.9975,12.64,4.811,PM2.5,25-28 °C,até 55%
2018,4,2018-04-01,Nordeste,PB,João Pessoa,46.82,68.23,21.33,1.05,28.37,21.9,47.4,75.75,Moderada,Abr,2,Outono,False,42.138,17.0575,5.3325,8.4,2.837,PM2.5,até 22 °C,até 55%
2018,4,2018-04-01,Centro-Oeste,DF,Brasília,44.59,58.54,6.29,1.1,36.98,25.6,67.1,68.82,Moderada,Abr,2,Outono,False,40.13100000000001,14.635,1.5725,8.8,3.698,PM2.5,25-28 °C,55-70%
2018,4,2018-04-01,Centro-Oeste,GO,Goiânia,38.46,118.63,31.02,0.83,48.06,28.5,60.7,83.47,Ruim,Abr,2,Outono,True,34.614000000000004,29.6575,7.755,6.64,4.806000000000001,PM2.5,acima de 28 °C,55-70%
2018,4,2018-04-01,Centro-Oeste,GO,Aparecida de Goiânia,39.92,73.73,27.75,1.15,33.72,27.4,47.5,73.87,Moderada,Abr,2,Outono,False,35.928000000000004,18.4325,6.9375,9.2,3.372,PM2.5,25-28 °C,até 55%
2018,4,2018-04-01,Centro-Oeste,MT,Cuiabá,41.8,49.14,27.68,1.03,54.79,22.3,62.2,70.55,Moderada,Abr,2,Outono,False,37.62,12.285,6.92,8.24,5.479,PM2.5,22-25 °C,55-70%
2018,4,2018-04-01,Centro-Oeste,MS,Campo Grande,39.98,56.58,31.13,0.43,32.49,25.6,74.4,64.6,Moderada,Abr,2,Outono,False,35.982,14.145,7.7825,3.44,3.2490000000000006,PM2.5,25-28 °C,70-85%
2018,4,2018-04-01,Sudeste,SP,São Paulo,31.15,47.22,35.73,0.46,45.72,23.2,91.2,57.06,Moderada,Abr,2,Outono,False,28.035,11.805,8.9325,3.68,4.572,PM2.5,22-25 °C,acima de 85%
2018,4,2018-04-01,Sudeste,SP,Campinas,34.68,77.97,32.2,1.43,33.48,23.7,65.1,73.53,Moderada,Abr,2,Outono,False,31.212,19.4925,8.05,11.44,3.348,PM2.5,22-25 °C,55-70%
2018,4,2018-04-01,Sudeste,SP,Ribeirão Preto,47.66,62.69,11.06,1.36,35.86,25.9,60.0,75.76,Moderada,Abr,2,Outono,False,42.894,15.6725,2.765,10.88,3.5860000000000003,PM2.5,25-28 °C,55-70%
2018,4,2018-04-01,Sudeste,RJ,Rio de Janeiro,31.68,93.75,37.61,1.67,52.33,21.8,41.6,79.98,Moderada,Abr,2,Outono,False,28.512,23.4375,9.4025,13.36,5.2330000000000005,PM2.5,até 22 °C,até 55%
2018,4,2018-04-01,Sudeste,RJ,Niterói,34.28,70.05,12.61,0.34,45.03,24.4,43.6,58.74,Moderada,Abr,2,Outono,False,30.852,17.5125,3.1525,2.72,4.503,PM2.5,22-25 °C,até 55%
2018,4,2018-04-01,Sudeste,RJ,Nova Iguaçu,53.88,66.38,38.94,1.54,15.89,24.7,44.8,88.73,Ruim,Abr,2,Outono,True,48.492000000000004,16.595,9.735,12.32,1.5890000000000002,PM2.5,22-25 °C,até 55%
2018,4,2018-04-01,Sudeste,RJ,Petrópolis,35.46,58.7,29.97,0.53,36.51,27.4,50.2,61.96,Moderada,Abr,2,Outono,False,31.914,14.675,7.4925,4.24,3.651,PM2.5,25-28 °C,até 55%
2018,4,2018-04-01,Sudeste,MG,Belo Horizonte,34.27,69.83,10.89,1.13,46.32,25.8,93.3,64.69,Moderada,Abr,2,Outono,False,30.843000000000004,17.4575,2.7225,9.04,4.632000000000001,PM2.5,25-28 °C,acima de 85%
2018,4,2018-04-01,Sudeste,MG,Uberlândia,51.45,70.29,23.89,0.96,43.74,17.9,78.0,81.92,Ruim,Abr,2,Outono,True,46.30500000000001,17.5725,5.9725,7.68,4.3740000000000006,PM2.5,até 22 °C,70-85%
2018,4,2018-04-01,Sudeste,MG,Juiz de Fora,36.79,64.96,32.39,0.71,43.79,20.8,67.4,67.51,Moderada,Abr,2,Outono,False,33.111,16.24,8.0975,5.68,4.3790000000000004,PM2.5,até 22 °C,55-70%
2018,4,2018-04-01,Sudeste,ES,Vitória,26.42,82.28,34.74,1.34,31.49,23.3,72.8,66.93,Moderada,Abr,2,Outono,False,23.778000000000002,20.57,8.685,10.72,3.149,PM2.5,22-25 °C,70-85%
2018,4,2018-04-01,Sudeste,ES,Vila Velha,31.79,58.75,33.91,1.2,24.86,26.1,50.9,63.87,Moderada,Abr,2,Outono,False,28.611,14.6875,8.4775,9.6,2.486,PM2.5,25-28 °C,até 55%
2018,4,2018-04-01,Sudeste,ES,Serra,24.09,52.19,16.44,1.49,45.13,26.4,64.6,55.24,Moderada,Abr,2,Outono,False,21.681,13.0475,4.11,11.92,4.513000000000001,PM2.5,25-28 °C,55-70%
2018,4,2018-04-01,Sul,PR,Curitiba,37.97,78.27,30.6,1.01,40.13,23.7,80.1,73.46,Moderada,Abr,2,Outono,False,34.173,19.5675,7.65,8.08,4.013000000000001,PM2.5,22-25 °C,70-85%
2018,4,2018-04-01,Sul,PR,Londrina,26.44,79.04,23.19,0.4,25.44,24.5,83.6,55.13,Moderada,Abr,2,Outono,False,23.796000000000003,19.76,5.7975,3.2,2.5440000000000005,PM2.5,22-25 °C,70-85%
2018,4,2018-04-01,Sul,SC,Florianópolis,37.85,78.01,28.83,1.17,51.85,25.8,86.6,75.33,Moderada,Abr,2,Outono,False,34.065000000000005,19.5025,7.2075,9.36,5.1850000000000005,PM2.5,25-28 °C,acima de 85%
2018,4,2018-04-01,Sul,SC,Joinville,39.64,70.59,13.28,0.41,39.03,27.0,63.9,63.8,Moderada,Abr,2,Outono,False,35.676,17.6475,3.32,3.28,3.9030000000000005,PM2.5,25-28 °C,55-70%
2018,4,2018-04-01,Sul,RS,Porto Alegre,37.56,57.52,24.6,1.62,35.42,22.5,88.0,70.84,Moderada,Abr,2,Outono,False,33.804,14.38,6.15,12.96,3.5420000000000003,PM2.5,22-25 °C,acima de 85%
2018,4,2018-04-01,Sul,RS,Caxias do Sul,32.05,62.91,20.64,0.59,35.16,23.9,81.7,57.93,Moderada,Abr,2,Outono,False,28.845,15.7275,5.16,4.72,3.516,PM2.5,22-25 °C,70-85%
2018,5,2018-05-01,Norte,AM,Manaus,49.64,61.45,20.07,0.37,28.1,22.5,41.3,70.84,Moderada,Mai,2,Outono,False,44.676,15.3625,5.0175,2.96,2.8100000000000005,PM2.5,22-25 °C,até 55%
2018,5,2018-05-01,Norte,PA,Belém,39.29,87.35,33.97,1.73,30.48,26.3,72.7,82.57,Ruim,Mai,2,Outono,True,35.361,21.8375,8.4925,13.84,3.048,PM2.5,25-28 °C,70-85%
2018,5,2018-05-01,Norte,PA,Santarém,39.38,74.84,28.52,1.21,36.48,29.3,82.3,74.61,Moderada,Mai,2,Outono,False,35.442,18.71,7.13,9.68,3.6479999999999997,PM2.5,acima de 28 °C,70-85%
2018,5,2018-05-01,Norte,RO,Porto Velho,30.51,97.38,38.21,0.59,46.33,23.5,89.5,70.68,Moderada,Mai,2,Outono,False,27.459000000000003,24.345,9.5525,4.72,4.633,PM2.5,22-25 °C,acima de 85%
2018,5,2018-05-01,Norte,TO,Palmas,38.65,55.85,21.07,1.51,46.06,27.1,54.0,70.66,Moderada,Mai,2,Outono,False,34.785,13.9625,5.2675,12.08,4.606000000000001,PM2.5,25-28 °C,até 55%
2018,5,2018-05-01,Nordeste,BA,Salvador,23.11,66.63,21.64,1.37,55.69,21.4,52.2,59.39,Moderada,Mai,2,Outono,False,20.799,16.6575,5.41,10.96,5.569,PM2.5,até 22 °C,até 55%
2018,5,2018-05-01,Nordeste,BA,Feira de Santana,15.81,68.9,35.12,0.56,43.88,24.2,75.6,49.07,Boa,Mai,2,Outono,False,14.229000000000001,17.225,8.78,4.48,4.388000000000001,PM10,22-25 °C,70-85%
2018,5,2018-05-01,Nordeste,PE,Recife,43.12,74.83,16.98,1.63,34.59,27.3,59.9,78.22,Moderada,Mai,2,Outono,False,38.808,18.7075,4.245,13.04,3.4590000000000005,PM2.5,25-28 °C,55-70%
2018,5,2018-05-01,Nordeste,PE,Jaboatão dos Guararapes,37.48,95.62,26.53,0.37,27.57,26.8,48.5,70.0,Moderada,Mai,2,Outono,False,33.732,23.905,6.6325,2.96,2.757,PM2.5,25-28 °C,até 55%
2018,5,2018-05-01,Nordeste,CE,Fortaleza,31.39,62.88,32.74,0.76,58.61,20.0,74.9,64.09,Moderada,Mai,2,Outono,False,28.251,15.72,8.185,6.08,5.861000000000001,PM2.5,até 22 °C,70-85%
2018,5,2018-05-01,Nordeste,CE,Juazeiro do Norte,27.31,49.09,16.66,1.17,58.32,20.6,66.5,56.17,Moderada,Mai,2,Outono,False,24.579,12.2725,4.165,9.36,5.832000000000001,PM2.5,até 22 °C,55-70%
2018,5,2018-05-01,Nordeste,MA,São Luís,44.69,18.61,18.71,1.22,45.68,24.7,80.4,63.9,Moderada,Mai,2,Outono,False,40.221,4.6525,4.6775,9.76,4.5680000000000005,PM2.5,22-25 °C,70-85%
2018,5,2018-05-01,Nordeste,PB,João Pessoa,37.27,79.02,20.4,1.22,32.24,25.4,55.4,71.37,Moderada,Mai,2,Outono,False,33.543000000000006,19.755,5.1,9.76,3.224,PM2.5,25-28 °C,55-70%
2018,5,2018-05-01,Centro-Oeste,DF,Brasília,38.68,85.91,29.72,0.78,32.83,24.6,79.9,73.24,Moderada,Mai,2,Outono,False,34.812,21.4775,7.43,6.24,3.283,PM2.5,22-25 °C,70-85%
2018,5,2018-05-01,Centro-Oeste,GO,Goiânia,41.43,51.17,18.17,1.76,36.09,30.6,63.9,72.31,Moderada,Mai,2,Outono,False,37.287,12.7925,4.5425,14.08,3.6090000000000004,PM2.5,acima de 28 °C,55-70%
2018,5,2018-05-01,Centro-Oeste,GO,Aparecida de Goiânia,37.91,50.91,22.66,1.76,32.67,27.4,49.4,69.87,Moderada,Mai,2,Outono,False,34.119,12.7275,5.665,14.08,3.2670000000000003,PM2.5,25-28 °C,até 55%
2018,5,2018-05-01,Centro-Oeste,MT,Cuiabá,38.77,57.35,16.01,0.62,42.47,23.9,83.8,62.47,Moderada,Mai,2,Outono,False,34.893,14.3375,4.0025,4.96,4.247,PM2.5,22-25 °C,70-85%
2018,5,2018-05-01,Centro-Oeste,MS,Campo Grande,23.37,76.32,31.18,0.99,18.65,25.8,84.7,57.71,Moderada,Mai,2,Outono,False,21.033,19.08,7.795,7.92,1.865,PM2.5,25-28 °C,70-85%
2018,5,2018-05-01,Sudeste,SP,São Paulo,47.44,99.79,21.85,0.81,42.24,20.4,78.2,83.78,Ruim,Mai,2,Outono,True,42.696,24.9475,5.4625,6.48,4.224,PM2.5,até 22 °C,70-85%
2018,5,2018-05-01,Sudeste,SP,Campinas,39.39,92.43,39.54,1.22,26.93,27.2,64.5,80.92,Ruim,Mai,2,Outono,True,35.451,23.1075,9.885,9.76,2.693,PM2.5,25-28 °C,55-70%
2018,5,2018-05-01,Sudeste,SP,Ribeirão Preto,41.4,48.12,25.13,1.22,28.38,25.6,53.1,68.2,Moderada,Mai,2,Outono,False,37.26,12.03,6.2825,9.76,2.838,PM2.5,25-28 °C,até 55%
2018,5,2018-05-01,Sudeste,RJ,Rio de Janeiro,26.14,61.71,41.03,0.54,7.64,21.8,41.4,54.26,Moderada,Mai,2,Outono,False,23.526,15.4275,10.2575,4.32,0.764,PM2.5,até 22 °C,até 55%
2018,5,2018-05-01,Sudeste,RJ,Niterói,21.8,73.92,31.8,0.85,28.64,28.1,63.5,55.69,Moderada,Mai,2,Outono,False,19.62,18.48,7.95,6.8,2.8640000000000003,PM2.5,acima de 28 °C,55-70%
2018,5,2018-05-01,Sudeste,RJ,Nova Iguaçu,36.42,71.71,27.28,0.62,34.96,28.7,78.8,66.01,Moderada,Mai,2,Outono,False,32.778000000000006,17.9275,6.82,4.96,3.4960000000000004,PM2.5,acima de 28 °C,70-85%
2018,5,2018-05-01,Sudeste,RJ,Petrópolis,32.03,82.45,29.14,0.52,26.98,23.3,42.7,63.55,Moderada,Mai,2,Outono,False,28.827,20.6125,7.285,4.16,2.6980000000000004,PM2.5,22-25 °C,até 55%
2018,5,2018-05-01,Sudeste,MG,Belo Horizonte,38.22,84.0,20.34,0.72,41.55,28.9,81.9,70.4,Moderada,Mai,2,Outono,False,34.398,21.0,5.085,5.76,4.155,PM2.5,acima de 28 °C,70-85%
2018,5,2018-05-01,Sudeste,MG,Uberlândia,35.08,96.41,26.78,1.07,49.87,25.5,61.8,75.89,Moderada,Mai,2,Outono,False,31.572,24.1025,6.695,8.56,4.987,PM2.5,25-28 °C,55-70%
2018,5,2018-05-01,Sudeste,MG,Juiz de Fora,42.81,55.04,24.74,0.51,43.75,20.1,72.5,66.92,Moderada,Mai,2,Outono,False,38.529,13.76,6.185,4.08,4.375,PM2.5,até 22 °C,70-85%
2018,5,2018-05-01,Sudeste,ES,Vitória,23.32,45.53,20.63,0.8,24.96,27.0,49.0,46.4,Boa,Mai,2,Outono,False,20.988,11.3825,5.1575,6.4,2.4960000000000004,PM2.5,25-28 °C,até 55%
2018,5,2018-05-01,Sudeste,ES,Vila Velha,27.84,48.24,33.87,1.18,40.31,23.2,83.7,59.03,Moderada,Mai,2,Outono,False,25.056,12.06,8.4675,9.44,4.031000000000001,PM2.5,22-25 °C,70-85%
2018,5,2018-05-01,Sudeste,ES,Serra,37.12,60.98,30.23,0.73,41.11,26.5,74.7,66.17,Moderada,Mai,2,Outono,False,33.408,15.245,7.5575,5.84,4.111,PM2.5,25-28 °C,70-85%
2018,5,2018-05-01,Sul,PR,Curitiba,25.21,51.98,36.23,1.71,40.73,26.6,59.5,62.52,Moderada,Mai,2,Outono,False,22.689,12.995,9.0575,13.68,4.0729999999999995,PM2.5,25-28 °C,55-70%
2018,5,2018-05-01,Sul,PR,Londrina,18.79,71.51,26.95,0.69,32.1,25.6,80.6,50.26,Moderada,Mai,2,Outono,False,16.911,17.8775,6.7375,5.52,3.2100000000000004,PM10,25-28 °C,70-85%
2018,5,2018-05-01,Sul,SC,Florianópolis,44.26,79.17,29.31,1.53,48.2,25.6,41.8,84.04,Ruim,Mai,2,Outono,True,39.833999999999996,19.7925,7.3275,12.24,4.82,PM2.5,25-28 °C,até 55%
2018,5,2018-05-01,Sul,SC,Joinville,32.48,100.32,30.05,0.95,51.3,27.2,80.3,74.56,Moderada,Mai,2,Outono,False,29.232,25.08,7.5125,7.6,5.13,PM2.5,25-28 °C,70-85%
2018,5,2018-05-01,Sul,RS,Porto Alegre,23.19,62.71,20.51,0.9,35.66,25.5,56.6,52.48,Moderada,Mai,2,Outono,False,20.871000000000002,15.6775,5.1275,7.2,3.566,PM2.5,25-28 °C,55-70%
2018,5,2018-05-01,Sul,RS,Caxias do Sul,33.55,88.32,15.97,0.88,31.73,27.1,53.0,66.52,Moderada,Mai,2,Outono,False,30.194999999999997,22.08,3.9925,7.04,3.173,PM2.5,25-28 °C,até 55%
2018,6,2018-06-01,Norte,AM,Manaus,49.26,106.42,27.43,1.11,47.7,19.8,83.3,91.47,Ruim,Jun,2,Inverno,True,44.333999999999996,26.605,6.8575,8.88,4.7700000000000005,PM2.5,até 22 °C,70-85%
2018,6,2018-06-01,Norte,PA,Belém,41.75,82.91,24.42,1.04,27.33,32.6,60.0,75.47,Moderada,Jun,2,Inverno,False,37.575,20.7275,6.105,8.32,2.733,PM2.5,acima de 28 °C,55-70%
2018,6,2018-06-01,Norte,PA,Santarém,34.56,109.06,37.25,1.14,36.77,18.2,52.8,80.49,Ruim,Jun,2,Inverno,True,31.104000000000003,27.265,9.3125,9.12,3.6770000000000005,PM2.5,até 22 °C,até 55%
2018,6,2018-06-01,Norte,RO,Porto Velho,50.71,64.27,35.16,0.31,32.45,24.4,85.8,76.21,Moderada,Jun,2,Inverno,False,45.639,16.0675,8.79,2.48,3.2450000000000006,PM2.5,22-25 °C,acima de 85%
2018,6,2018-06-01,Norte,TO,Palmas,38.99,75.49,27.47,0.48,13.56,20.6,57.7,66.0,Moderada,Jun,2,Inverno,False,35.091,18.8725,6.8675,3.84,1.356,PM2.5,até 22 °C,55-70%
2018,6,2018-06-01,Nordeste,BA,Salvador,33.42,65.12,36.35,0.9,24.2,26.4,72.5,65.02,Moderada,Jun,2,Inverno,False,30.078000000000003,16.28,9.0875,7.2,2.42,PM2.5,25-28 °C,70-85%
2018,6,2018-06-01,Nordeste,BA,Feira de Santana,27.93,115.79,33.25,1.54,43.79,29.0,48.0,79.08,Moderada,Jun,2,Inverno,False,25.137,28.9475,8.3125,12.32,4.3790000000000004,PM10,acima de 28 °C,até 55%
2018,6,2018-06-01,Nordeste,PE,Recife,30.38,96.34,31.49,1.45,38.9,21.1,57.0,74.82,Moderada,Jun,2,Inverno,False,27.342,24.085,7.8725,11.6,3.89,PM2.5,até 22 °C,55-70%
2018,6,2018-06-01,Nordeste,PE,Jaboatão dos Guararapes,25.22,54.21,21.81,1.75,70.21,28.6,69.1,62.73,Moderada,Jun,2,Inverno,False,22.698,13.5525,5.4525,14.0,7.021,PM2.5,acima de 28 °C,55-70%
2018,6,2018-06-01,Nordeste,CE,Fortaleza,43.56,76.77,41.64,1.47,30.49,29.8,79.9,83.65,Ruim,Jun,2,Inverno,True,39.204,19.1925,10.41,11.76,3.049,PM2.5,acima de 28 °C,70-85%
2018,6,2018-06-01,Nordeste,CE,Juazeiro do Norte,45.74,79.24,30.67,0.76,46.01,26.6,52.6,79.35,Moderada,Jun,2,Inverno,False,41.166000000000004,19.81,7.6675,6.08,4.601,PM2.5,25-28 °C,até 55%
2018,6,2018-06-01,Nordeste,MA,São Luís,30.07,61.2,30.87,0.38,26.54,25.3,82.5,55.8,Moderada,Jun,2,Inverno,False,27.063000000000002,15.3,7.7175,3.04,2.654,PM2.5,25-28 °C,70-85%
2018,6,2018-06-01,Nordeste,PB,João Pessoa,37.26,87.52,21.73,0.99,49.36,27.0,93.2,73.73,Moderada,Jun,2,Inverno,False,33.534,21.88,5.4325,7.92,4.936,PM2.5,25-28 °C,acima de 85%
2018,6,2018-06-01,Centro-Oeste,DF,Brasília,37.11,65.52,29.64,1.42,36.31,22.0,46.7,72.15,Moderada,Jun,2,Inverno,False,33.399,16.38,7.41,11.36,3.6310000000000002,PM2.5,até 22 °C,até 55%
2018,6,2018-06-01,Centro-Oeste,GO,Goiânia,52.17,83.8,17.35,1.46,18.07,23.3,61.1,85.77,Ruim,Jun,2,Inverno,True,46.953,20.95,4.3375,11.68,1.8070000000000002,PM2.5,22-25 °C,55-70%
2018,6,2018-06-01,Centro-Oeste,GO,Aparecida de Goiânia,34.05,44.95,27.03,1.44,38.64,25.7,69.6,64.05,Moderada,Jun,2,Inverno,False,30.645,11.2375,6.7575,11.52,3.8640000000000003,PM2.5,25-28 °C,55-70%
2018,6,2018-06-01,Centro-Oeste,MT,Cuiabá,41.91,53.86,10.94,0.76,43.61,27.5,88.5,64.36,Moderada,Jun,2,Inverno,False,37.719,13.465,2.735,6.08,4.361,PM2.5,25-28 °C,acima de 85%
2018,6,2018-06-01,Centro-Oeste,MS,Campo Grande,44.1,74.05,22.35,1.62,51.57,22.8,81.1,81.91,Ruim,Jun,2,Inverno,True,39.690000000000005,18.5125,5.5875,12.96,5.157,PM2.5,22-25 °C,70-85%
2018,6,2018-06-01,Sudeste,SP,São Paulo,36.67,110.59,22.92,0.76,41.5,25.7,46.8,76.59,Moderada,Jun,2,Inverno,False,33.003,27.6475,5.73,6.08,4.15,PM2.5,25-28 °C,até 55%
2018,6,2018-06-01,Sudeste,SP,Campinas,39.52,43.81,27.55,1.3,49.46,22.4,69.4,68.77,Moderada,Jun,2,Inverno,False,35.568000000000005,10.9525,6.8875,10.4,4.946000000000001,PM2.5,22-25 °C,55-70%
2018,6,2018-06-01,Sudeste,SP,Ribeirão Preto,35.24,62.02,16.63,1.48,41.14,25.1,93.8,67.32,Moderada,Jun,2,Inverno,False,31.716,15.505,4.1575,11.84,4.114,PM2.5,25-28 °C,acima de 85%
2018,6,2018-06-01,Sudeste,RJ,Rio de Janeiro,42.95,60.98,25.0,0.58,43.83,28.4,83.8,69.15,Moderada,Jun,2,Inverno,False,38.655,15.245,6.25,4.64,4.383,PM2.5,acima de 28 °C,70-85%
2018,6,2018-06-01,Sudeste,RJ,Niterói,29.87,32.58,27.08,0.57,46.98,25.1,60.9,51.09,Moderada,Jun,2,Inverno,False,26.883000000000003,8.145,6.77,4.56,4.6979999999999995,PM2.5,25-28 °C,55-70%
2018,6,2018-06-01,Sudeste,RJ,Nova Iguaçu,31.38,94.08,41.86,1.02,25.48,26.6,69.9,72.96,Moderada,Jun,2,Inverno,False,28.242,23.52,10.465,8.16,2.548,PM2.5,25-28 °C,55-70%
2018,6,2018-06-01,Sudeste,RJ,Petrópolis,46.61,94.16,6.87,1.48,38.72,19.2,72.5,82.92,Ruim,Jun,2,Inverno,True,41.949,23.54,1.7175,11.84,3.872,PM2.5,até 22 °C,70-85%
2018,6,2018-06-01,Sudeste,MG,Belo Horizonte,47.9,62.55,17.65,1.1,32.22,25.4,49.6,75.17,Moderada,Jun,2,Inverno,False,43.11,15.6375,4.4125,8.8,3.222,PM2.5,25-28 °C,até 55%
2018,6,2018-06-01,Sudeste,MG,Uberlândia,51.67,78.01,31.3,1.54,44.71,28.0,91.4,90.61,Ruim,Jun,2,Inverno,True,46.503,19.5025,7.825,12.32,4.471,PM2.5,25-28 °C,acima de 85%
2018,6,2018-06-01,Sudeste,MG,Juiz de Fora,31.73,63.16,23.22,1.62,34.03,28.7,42.5,66.5,Moderada,Jun,2,Inverno,False,28.557000000000002,15.79,5.805,12.96,3.4030000000000005,PM2.5,acima de 28 °C,até 55%
2018,6,2018-06-01,Sudeste,ES,Vitória,40.71,58.06,13.47,1.03,40.67,24.5,59.7,66.84,Moderada,Jun,2,Inverno,False,36.639,14.515,3.3675,8.24,4.067,PM2.5,22-25 °C,55-70%
2018,6,2018-06-01,Sudeste,ES,Vila Velha,43.52,63.52,28.5,0.4,67.05,25.1,63.8,72.05,Moderada,Jun,2,Inverno,False,39.168000000000006,15.88,7.125,3.2,6.705,PM2.5,25-28 °C,55-70%
2018,6,2018-06-01,Sudeste,ES,Serra,34.09,80.57,27.06,1.61,36.25,28.8,61.7,74.12,Moderada,Jun,2,Inverno,False,30.681000000000004,20.1425,6.765,12.88,3.625,PM2.5,acima de 28 °C,55-70%
2018,6,2018-06-01,Sul,PR,Curitiba,21.48,25.82,17.68,0.45,51.29,28.5,58.9,38.91,Boa,Jun,2,Inverno,False,19.332,6.455,4.42,3.6,5.1290000000000004,PM2.5,acima de 28 °C,55-70%
2018,6,2018-06-01,Sul,PR,Londrina,19.37,74.44,25.19,0.69,42.62,25.5,87.1,52.12,Moderada,Jun,2,Inverno,False,17.433,18.61,6.2975,5.52,4.262,PM10,25-28 °C,acima de 85%
2018,6,2018-06-01,Sul,SC,Florianópolis,43.55,64.76,18.96,0.45,44.48,17.9,58.4,68.17,Moderada,Jun,2,Inverno,False,39.195,16.19,4.74,3.6,4.4479999999999995,PM2.5,até 22 °C,55-70%
2018,6,2018-06-01,Sul,SC,Joinville,36.37,98.86,19.53,1.58,55.77,29.4,47.2,80.57,Ruim,Jun,2,Inverno,True,32.733,24.715,4.8825,12.64,5.577000000000001,PM2.5,acima de 28 °C,até 55%
2018,6,2018-06-01,Sul,RS,Porto Alegre,43.04,31.08,19.33,0.96,37.73,22.1,91.3,62.81,Moderada,Jun,2,Inverno,False,38.736,7.77,4.8325,7.68,3.7729999999999997,PM2.5,22-25 °C,acima de 85%
2018,6,2018-06-01,Sul,RS,Caxias do Sul,24.75,85.48,24.08,0.39,64.8,23.9,76.8,59.28,Moderada,Jun,2,Inverno,False,22.275000000000002,21.37,6.02,3.12,6.48,PM2.5,22-25 °C,70-85%
2018,7,2018-07-01,Norte,AM,Manaus,34.54,55.28,28.84,0.38,42.85,26.7,78.7,59.44,Moderada,Jul,3,Inverno,False,31.086,13.82,7.21,3.04,4.285,PM2.5,25-28 °C,70-85%
2018,7,2018-07-01,Norte,PA,Belém,32.37,76.87,11.27,1.15,45.56,29.1,63.2,64.93,Moderada,Jul,3,Inverno,False,29.133,19.2175,2.8175,9.2,4.556,PM2.5,acima de 28 °C,55-70%
2018,7,2018-07-01,Norte,PA,Santarém,30.98,65.22,15.48,1.25,33.27,23.9,73.3,61.37,Moderada,Jul,3,Inverno,False,27.882,16.305,3.87,10.0,3.3270000000000004,PM2.5,22-25 °C,70-85%
2018,7,2018-07-01,Norte,RO,Porto Velho,32.71,92.42,20.72,1.35,22.8,20.6,62.4,70.8,Moderada,Jul,3,Inverno,False,29.439,23.105,5.18,10.8,2.2800000000000002,PM2.5,até 22 °C,55-70%
2018,7,2018-07-01,Norte,TO,Palmas,27.93,76.57,13.68,1.73,42.47,20.3,90.3,65.8,Moderada,Jul,3,Inverno,False,25.137,19.1425,3.42,13.84,4.247,PM2.5,até 22 °C,acima de 85%
2018,7,2018-07-01,Nordeste,BA,Salvador,28.28,59.26,32.89,1.11,28.98,21.0,55.0,60.25,Moderada,Jul,3,Inverno,False,25.452,14.815,8.2225,8.88,2.898,PM2.5,até 22 °C,até 55%
2018,7,2018-07-01,Nordeste,BA,Feira de Santana,29.98,94.5,27.95,1.17,35.87,30.2,56.3,70.5,Moderada,Jul,3,Inverno,False,26.982,23.625,6.9875,9.36,3.5869999999999997,PM2.5,acima de 28 °C,55-70%
2018,7,2018-07-01,Nordeste,PE,Recife,50.58,75.78,28.79,1.06,31.99,19.8,50.3,83.34,Ruim,Jul,3,Inverno,True,45.522,18.945,7.1975,8.48,3.199,PM2.5,até 22 °C,até 55%
2018,7,2018-07-01,Nordeste,PE,Jaboatão dos Guararapes,40.43,65.12,28.06,1.08,60.16,27.0,74.6,74.37,Moderada,Jul,3,Inverno,False,36.387,16.28,7.015,8.64,6.016,PM2.5,25-28 °C,70-85%
2018,7,2018-07-01,Nordeste,CE,Fortaleza,28.69,50.73,27.98,1.0,42.71,17.3,71.6,57.73,Moderada,Jul,3,Inverno,False,25.821,12.6825,6.995,8.0,4.271,PM2.5,até 22 °C,70-85%
2018,7,2018-07-01,Nordeste,CE,Juazeiro do Norte,32.72,89.75,19.16,1.76,33.69,21.7,42.9,74.14,Moderada,Jul,3,Inverno,False,29.448,22.4375,4.79,14.08,3.3689999999999998,PM2.5,até 22 °C,até 55%
2018,7,2018-07-01,Nordeste,MA,São Luís,8.95,53.79,25.88,1.35,45.77,19.2,90.4,43.31,Boa,Jul,3,Inverno,False,8.055,13.4475,6.47,10.8,4.577000000000001,PM10,até 22 °C,acima de 85%
2018,7,2018-07-01,Nordeste,PB,João Pessoa,31.78,73.28,27.17,0.75,41.69,21.0,40.4,63.86,Moderada,Jul,3,Inverno,False,28.602,18.32,6.7925,6.0,4.169,PM2.5,até 22 °C,até 55%
2018,7,2018-07-01,Centro-Oeste,DF,Brasília,30.27,91.68,37.84,0.98,45.25,26.3,43.1,71.97,Moderada,Jul,3,Inverno,False,27.243,22.92,9.46,7.84,4.525,PM2.5,25-28 °C,até 55%
2018,7,2018-07-01,Centro-Oeste,GO,Goiânia,45.57,72.2,30.08,1.53,64.78,22.1,47.1,85.29,Ruim,Jul,3,Inverno,True,41.013,18.05,7.52,12.24,6.478000000000001,PM2.5,22-25 °C,até 55%
2018,7,2018-07-01,Centro-Oeste,GO,Aparecida de Goiânia,34.65,74.73,15.73,1.66,40.05,24.1,78.5,71.1,Moderada,Jul,3,Inverno,False,31.185,18.6825,3.9325,13.28,4.005,PM2.5,22-25 °C,70-85%
2018,7,2018-07-01,Centro-Oeste,MT,Cuiabá,38.57,61.0,21.02,0.71,36.26,21.7,41.3,64.55,Moderada,Jul,3,Inverno,False,34.713,15.25,5.255,5.68,3.626,PM2.5,até 22 °C,até 55%
2018,7,2018-07-01,Centro-Oeste,MS,Campo Grande,20.52,71.68,23.51,0.64,32.08,24.1,65.7,50.62,Moderada,Jul,3,Inverno,False,18.468,17.92,5.8775,5.12,3.208,PM2.5,22-25 °C,55-70%
2018,7,2018-07-01,Sudeste,SP,São Paulo,44.25,49.37,16.73,0.84,48.28,22.5,85.6,67.87,Moderada,Jul,3,Inverno,False,39.825,12.3425,4.1825,6.72,4.828,PM2.5,22-25 °C,acima de 85%
2018,7,2018-07-01,Sudeste,SP,Campinas,38.93,82.81,26.75,1.68,27.04,26.8,72.0,78.53,Moderada,Jul,3,Inverno,False,35.037,20.7025,6.6875,13.44,2.704,PM2.5,25-28 °C,70-85%
2018,7,2018-07-01,Sudeste,SP,Ribeirão Preto,47.04,66.86,21.55,0.73,42.03,23.3,80.1,74.45,Moderada,Jul,3,Inverno,False,42.336,16.715,5.3875,5.84,4.203,PM2.5,22-25 °C,70-85%
2018,7,2018-07-01,Sudeste,RJ,Rio de Janeiro,30.43,75.92,14.16,1.65,33.98,24.5,86.7,66.54,Moderada,Jul,3,Inverno,False,27.387,18.98,3.54,13.2,3.3979999999999997,PM2.5,22-25 °C,acima de 85%
2018,7,2018-07-01,Sudeste,RJ,Niterói,40.41,84.7,15.9,0.34,22.82,25.4,54.0,66.52,Moderada,Jul,3,Inverno,False,36.369,21.175,3.975,2.72,2.282,PM2.5,25-28 °C,até 55%
2018,7,2018-07-01,Sudeste,RJ,Nova Iguaçu,47.86,78.24,25.07,0.31,28.01,23.4,67.2,74.2,Moderada,Jul,3,Inverno,False,43.074,19.56,6.2675,2.48,2.801,PM2.5,22-25 °C,55-70%
2018,7,2018-07-01,Sudeste,RJ,Petrópolis,37.49,83.96,21.34,1.09,22.74,22.7,41.3,71.04,Moderada,Jul,3,Inverno,False,33.741,20.99,5.335,8.72,2.274,PM2.5,22-25 °C,até 55%
2018,7,2018-07-01,Sudeste,MG,Belo Horizonte,26.26,77.16,31.12,0.99,36.34,26.7,54.2,62.3,Moderada,Jul,3,Inverno,False,23.634,19.29,7.78,7.92,3.6340000000000003,PM2.5,25-28 °C,até 55%
2018,7,2018-07-01,Sudeste,MG,Uberlândia,49.08,98.25,15.76,1.48,42.74,27.5,40.2,88.83,Ruim,Jul,3,Inverno,True,44.172,24.5625,3.94,11.84,4.274,PM2.5,25-28 °C,até 55%
2018,7,2018-07-01,Sudeste,MG,Juiz de Fora,38.93,59.96,6.65,1.75,38.0,28.1,87.1,69.52,Moderada,Jul,3,Inverno,False,35.037,14.99,1.6625,14.0,3.8000000000000003,PM2.5,acima de 28 °C,acima de 85%
2018,7,2018-07-01,Sudeste,ES,Vitória,37.37,81.31,26.01,0.86,41.62,26.9,77.5,71.5,Moderada,Jul,3,Inverno,False,33.632999999999996,20.3275,6.5025,6.88,4.162,PM2.5,25-28 °C,70-85%
2018,7,2018-07-01,Sudeste,ES,Vila Velha,38.45,67.07,13.23,1.28,35.75,25.9,76.5,68.5,Moderada,Jul,3,Inverno,False,34.605000000000004,16.7675,3.3075,10.24,3.575,PM2.5,25-28 °C,70-85%
2018,7,2018-07-01,Sudeste,ES,Serra,28.14,81.2,15.04,1.48,18.29,23.5,43.0,63.03,Moderada,Jul,3,Inverno,False,25.326,20.3,3.76,11.84,1.829,PM2.5,22-25 °C,até 55%
2018,7,2018-07-01,Sul,PR,Curitiba,34.64,74.68,40.25,0.68,53.58,23.8,40.4,70.7,Moderada,Jul,3,Inverno,False,31.176000000000002,18.67,10.0625,5.44,5.3580000000000005,PM2.5,22-25 °C,até 55%
2018,7,2018-07-01,Sul,PR,Londrina,29.73,63.52,12.22,0.82,59.34,28.9,72.4,58.18,Moderada,Jul,3,Inverno,False,26.757,15.88,3.055,6.56,5.934000000000001,PM2.5,acima de 28 °C,70-85%
2018,7,2018-07-01,Sul,SC,Florianópolis,32.06,77.27,26.46,0.78,49.26,20.1,48.1,65.93,Moderada,Jul,3,Inverno,False,28.854000000000003,19.3175,6.615,6.24,4.926,PM2.5,até 22 °C,até 55%
2018,7,2018-07-01,Sul,SC,Joinville,38.33,78.22,26.14,1.76,50.27,28.2,91.2,79.67,Moderada,Jul,3,Inverno,False,34.497,19.555,6.535,14.08,5.027000000000001,PM2.5,acima de 28 °C,acima de 85%
2018,7,2018-07-01,Sul,RS,Porto Alegre,49.33,56.29,27.28,1.32,35.73,26.9,51.1,79.43,Moderada,Jul,3,Inverno,False,44.397,14.0725,6.82,10.56,3.573,PM2.5,25-28 °C,até 55%
2018,7,2018-07-01,Sul,RS,Caxias do Sul,35.23,57.82,29.69,0.38,45.79,21.4,47.9,61.25,Moderada,Jul,3,Inverno,False,31.706999999999997,14.455,7.4225,3.04,4.579,PM2.5,até 22 °C,até 55%
2018,8,2018-08-01,Norte,AM,Manaus,34.55,71.96,32.75,0.41,59.97,23.9,57.4,66.55,Moderada,Ago,3,Inverno,False,31.095,17.99,8.1875,3.28,5.997,PM2.5,22-25 °C,55-70%
2018,8,2018-08-01,Norte,PA,Belém,39.64,51.17,21.34,1.02,46.27,25.9,46.8,66.6,Moderada,Ago,3,Inverno,False,35.676,12.7925,5.335,8.16,4.627000000000001,PM2.5,25-28 °C,até 55%
2018,8,2018-08-01,Norte,PA,Santarém,28.95,100.96,27.17,1.53,32.0,21.3,90.9,73.55,Moderada,Ago,3,Inverno,False,26.055,25.24,6.7925,12.24,3.2,PM2.5,até 22 °C,acima de 85%
2018,8,2018-08-01,Norte,RO,Porto Velho,51.47,85.54,21.07,1.12,36.84,27.5,66.4,85.59,Ruim,Ago,3,Inverno,True,46.323,21.385,5.2675,8.96,3.6840000000000006,PM2.5,25-28 °C,55-70%
2018,8,2018-08-01,Norte,TO,Palmas,56.16,90.15,27.95,1.38,43.14,23.5,71.2,95.43,Ruim,Ago,3,Inverno,True,50.544,22.5375,6.9875,11.04,4.314,PM2.5,22-25 °C,70-85%
2018,8,2018-08-01,Nordeste,BA,Salvador,39.89,75.65,22.21,0.74,50.23,22.7,71.1,71.29,Moderada,Ago,3,Inverno,False,35.901,18.9125,5.5525,5.92,5.023,PM2.5,22-25 °C,70-85%
2018,8,2018-08-01,Nordeste,BA,Feira de Santana,32.29,83.08,39.21,1.02,37.44,28.7,83.3,71.54,Moderada,Ago,3,Inverno,False,29.061,20.77,9.8025,8.16,3.7439999999999998,PM2.5,acima de 28 °C,70-85%
2018,8,2018-08-01,Nordeste,PE,Recife,9.38,70.52,24.69,1.7,27.01,24.5,82.6,48.52,Boa,Ago,3,Inverno,False,8.442,17.63,6.1725,13.6,2.7010000000000005,PM10,22-25 °C,70-85%
2018,8,2018-08-01,Nordeste,PE,Jaboatão dos Guararapes,41.83,41.57,27.0,0.56,44.89,25.7,69.0,63.72,Moderada,Ago,3,Inverno,False,37.647,10.3925,6.75,4.48,4.489,PM2.5,25-28 °C,55-70%
2018,8,2018-08-01,Nordeste,CE,Fortaleza,24.69,48.37,22.24,1.72,40.73,24.8,58.2,57.71,Moderada,Ago,3,Inverno,False,22.221,12.0925,5.56,13.76,4.0729999999999995,PM2.5,22-25 °C,55-70%
2018,8,2018-08-01,Nordeste,CE,Juazeiro do Norte,34.86,70.68,27.86,0.97,47.44,27.2,73.4,68.55,Moderada,Ago,3,Inverno,False,31.374,17.67,6.965,7.76,4.744,PM2.5,25-28 °C,70-85%
2018,8,2018-08-01,Nordeste,MA,São Luís,36.68,90.91,32.85,1.62,47.98,24.4,87.8,81.72,Ruim,Ago,3,Inverno,True,33.012,22.7275,8.2125,12.96,4.798,PM2.5,22-25 °C,acima de 85%
2018,8,2018-08-01,Nordeste,PB,João Pessoa,55.9,69.22,23.17,0.64,51.04,22.1,46.7,83.61,Ruim,Ago,3,Inverno,True,50.31,17.305,5.7925,5.12,5.104,PM2.5,22-25 °C,até 55%
2018,8,2018-08-01,Centro-Oeste,DF,Brasília,54.1,43.34,23.21,1.15,38.13,28.0,71.7,78.35,Moderada,Ago,3,Inverno,False,48.690000000000005,10.835,5.8025,9.2,3.8130000000000006,PM2.5,25-28 °C,70-85%
2018,8,2018-08-01,Centro-Oeste,GO,Goiânia,36.58,65.35,1.0,0.75,41.53,23.1,64.8,59.65,Moderada,Ago,3,Inverno,False,32.922,16.3375,0.25,6.0,4.1530000000000005,PM2.5,22-25 °C,55-70%
2018,8,2018-08-01,Centro-Oeste,GO,Aparecida de Goiânia,33.18,64.04,6.89,0.91,46.32,20.5,66.6,59.53,Moderada,Ago,3,Inverno,False,29.862000000000002,16.01,1.7225,7.28,4.632000000000001,PM2.5,até 22 °C,55-70%
2018,8,2018-08-01,Centro-Oeste,MT,Cuiabá,44.2,74.01,27.84,1.76,26.5,26.9,74.7,81.98,Ruim,Ago,3,Inverno,True,39.78,18.5025,6.96,14.08,2.6500000000000004,PM2.5,25-28 °C,70-85%
2018,8,2018-08-01,Centro-Oeste,MS,Campo Grande,27.12,72.64,47.15,1.14,40.19,32.2,68.5,67.48,Moderada,Ago,3,Inverno,False,24.408,18.16,11.7875,9.12,4.019,PM2.5,acima de 28 °C,55-70%
2018,8,2018-08-01,Sudeste,SP,São Paulo,43.27,103.58,13.67,1.41,37.93,25.2,83.6,83.33,Ruim,Ago,3,Inverno,True,38.943000000000005,25.895,3.4175,11.28,3.793,PM2.5,25-28 °C,70-85%
2018,8,2018-08-01,Sudeste,SP,Campinas,39.39,55.59,17.76,0.36,47.01,21.3,68.2,61.34,Moderada,Ago,3,Inverno,False,35.451,13.8975,4.44,2.88,4.701,PM2.5,até 22 °C,55-70%
2018,8,2018-08-01,Sudeste,SP,Ribeirão Preto,26.69,13.36,17.25,1.33,29.26,22.8,93.4,45.27,Boa,Ago,3,Inverno,False,24.021,3.34,4.3125,10.64,2.926,PM2.5,22-25 °C,acima de 85%
2018,8,2018-08-01,Sudeste,RJ,Rio de Janeiro,42.7,75.69,35.14,1.04,33.88,28.7,75.8,77.82,Moderada,Ago,3,Inverno,False,38.43000000000001,18.9225,8.785,8.32,3.3880000000000003,PM2.5,acima de 28 °C,70-85%
2018,8,2018-08-01,Sudeste,RJ,Niterói,33.02,63.13,34.12,0.83,58.81,27.0,86.3,66.52,Moderada,Ago,3,Inverno,False,29.718000000000004,15.7825,8.53,6.64,5.881,PM2.5,25-28 °C,acima de 85%
2018,8,2018-08-01,Sudeste,RJ,Nova Iguaçu,37.92,81.09,16.87,1.09,49.04,25.3,61.9,72.27,Moderada,Ago,3,Inverno,False,34.128,20.2725,4.2175,8.72,4.904,PM2.5,25-28 °C,55-70%
2018,8,2018-08-01,Sudeste,RJ,Petrópolis,36.47,102.2,26.21,0.93,27.32,24.1,51.2,75.07,Moderada,Ago,3,Inverno,False,32.823,25.55,6.5525,7.44,2.732,PM2.5,22-25 °C,até 55%
2018,8,2018-08-01,Sudeste,MG,Belo Horizonte,29.65,73.15,26.53,0.35,45.35,19.4,88.3,58.95,Moderada,Ago,3,Inverno,False,26.685,18.2875,6.6325,2.8,4.535,PM2.5,até 22 °C,acima de 85%
2018,8,2018-08-01,Sudeste,MG,Uberlândia,27.36,97.98,30.25,0.68,28.77,19.5,67.0,65.0,Moderada,Ago,3,Inverno,False,24.624,24.495,7.5625,5.44,2.8770000000000002,PM2.5,até 22 °C,55-70%
2018,8,2018-08-01,Sudeste,MG,Juiz de Fora,27.11,63.43,27.51,0.44,33.69,27.4,87.9,54.03,Moderada,Ago,3,Inverno,False,24.399,15.8575,6.8775,3.52,3.3689999999999998,PM2.5,25-28 °C,acima de 85%
2018,8,2018-08-01,Sudeste,ES,Vitória,39.11,72.25,20.77,1.04,42.03,24.4,69.7,71.01,Moderada,Ago,3,Inverno,False,35.199,18.0625,5.1925,8.32,4.203,PM2.5,22-25 °C,55-70%
2018,8,2018-08-01,Sudeste,ES,Vila Velha,34.52,61.17,24.38,0.47,28.99,29.2,66.5,59.15,Moderada,Ago,3,Inverno,False,31.068000000000005,15.2925,6.095,3.76,2.899,PM2.5,acima de 28 °C,55-70%
2018,8,2018-08-01,Sudeste,ES,Serra,50.58,62.08,25.89,1.48,40.71,20.7,82.7,83.42,Ruim,Ago,3,Inverno,True,45.522,15.52,6.4725,11.84,4.071000000000001,PM2.5,até 22 °C,70-85%
2018,8,2018-08-01,Sul,PR,Curitiba,46.24,65.24,21.14,0.37,37.48,21.9,84.5,69.88,Moderada,Ago,3,Inverno,False,41.616,16.31,5.285,2.96,3.7479999999999998,PM2.5,até 22 °C,70-85%
2018,8,2018-08-01,Sul,PR,Londrina,27.95,58.66,19.97,0.6,42.15,27.4,78.7,53.85,Moderada,Ago,3,Inverno,False,25.155,14.665,4.9925,4.8,4.215,PM2.5,25-28 °C,70-85%
2018,8,2018-08-01,Sul,SC,Florianópolis,34.69,47.05,26.69,0.37,46.47,24.6,57.7,57.26,Moderada,Ago,3,Inverno,False,31.221,11.7625,6.6725,2.96,4.647,PM2.5,22-25 °C,55-70%
2018,8,2018-08-01,Sul,SC,Joinville,27.89,79.94,37.82,1.69,38.84,22.0,84.2,71.93,Moderada,Ago,3,Inverno,False,25.101000000000003,19.985,9.455,13.52,3.8840000000000003,PM2.5,até 22 °C,70-85%
2018,8,2018-08-01,Sul,RS,Porto Alegre,36.07,44.61,21.05,0.47,32.27,29.2,49.5,55.86,Moderada,Ago,3,Inverno,False,32.463,11.1525,5.2625,3.76,3.2270000000000003,PM2.5,acima de 28 °C,até 55%
2018,8,2018-08-01,Sul,RS,Caxias do Sul,40.07,57.88,20.07,0.93,39.86,21.5,46.1,66.94,Moderada,Ago,3,Inverno,False,36.063,14.47,5.0175,7.44,3.986,PM2.5,até 22 °C,até 55%
2018,9,2018-09-01,Norte,AM,Manaus,34.54,87.66,37.79,0.87,41.05,27.5,65.3,73.49,Moderada,Set,3,Primavera,False,31.086,21.915,9.4475,6.96,4.1049999999999995,PM2.5,25-28 °C,55-70%
2018,9,2018-09-01,Norte,PA,Belém,22.16,62.57,36.62,0.58,31.18,23.2,46.7,52.49,Moderada,Set,3,Primavera,False,19.944,15.6425,9.155,4.64,3.1180000000000003,PM2.5,22-25 °C,até 55%
2018,9,2018-09-01,Norte,PA,Santarém,34.71,108.39,15.89,1.67,53.87,17.3,90.2,81.04,Ruim,Set,3,Primavera,True,31.239,27.0975,3.9725,13.36,5.3870000000000005,PM2.5,até 22 °C,acima de 85%
2018,9,2018-09-01,Norte,RO,Porto Velho,25.69,68.75,22.73,0.6,52.23,22.2,44.9,56.03,Moderada,Set,3,Primavera,False,23.121000000000002,17.1875,5.6825,4.8,5.223,PM2.5,22-25 °C,até 55%
2018,9,2018-09-01,Norte,TO,Palmas,29.87,55.88,16.05,1.63,48.79,24.9,76.4,62.82,Moderada,Set,3,Primavera,False,26.883000000000003,13.97,4.0125,13.04,4.8790000000000004,PM2.5,22-25 °C,70-85%
2018,9,2018-09-01,Nordeste,BA,Salvador,52.4,45.67,10.67,0.92,46.0,26.6,70.1,73.21,Moderada,Set,3,Primavera,False,47.16,11.4175,2.6675,7.36,4.6000000000000005,PM2.5,25-28 °C,70-85%
2018,9,2018-09-01,Nordeste,BA,Feira de Santana,30.31,81.24,12.64,0.59,58.31,25.9,88.0,61.31,Moderada,Set,3,Primavera,False,27.279,20.31,3.16,4.72,5.831,PM2.5,25-28 °C,acima de 85%
2018,9,2018-09-01,Nordeste,PE,Recife,28.86,88.22,26.84,1.05,47.44,25.7,70.8,67.9,Moderada,Set,3,Primavera,False,25.974,22.055,6.71,8.4,4.744,PM2.5,25-28 °C,70-85%
2018,9,2018-09-01,Nordeste,PE,Jaboatão dos Guararapes,3.67,56.38,17.64,0.42,45.0,23.9,55.3,29.65,Boa,Set,3,Primavera,False,3.303,14.095,4.41,3.36,4.5,PM10,22-25 °C,55-70%
2018,9,2018-09-01,Nordeste,CE,Fortaleza,32.54,103.37,24.58,1.18,42.47,19.1,64.0,74.97,Moderada,Set,3,Primavera,False,29.286,25.8425,6.145,9.44,4.247,PM2.5,até 22 °C,55-70%
2018,9,2018-09-01,Nordeste,CE,Juazeiro do Norte,49.61,70.5,33.67,0.66,34.48,24.8,48.2,79.45,Moderada,Set,3,Primavera,False,44.649,17.625,8.4175,5.28,3.448,PM2.5,22-25 °C,até 55%
2018,9,2018-09-01,Nordeste,MA,São Luís,33.42,46.5,23.35,0.65,34.06,24.2,71.0,56.15,Moderada,Set,3,Primavera,False,30.078000000000003,11.625,5.8375,5.2,3.4060000000000006,PM2.5,22-25 °C,70-85%
2018,9,2018-09-01,Nordeste,PB,João Pessoa,25.84,94.1,21.67,1.61,51.07,20.7,41.3,70.16,Moderada,Set,3,Primavera,False,23.256,23.525,5.4175,12.88,5.107,PM10,até 22 °C,até 55%
2018,9,2018-09-01,Centro-Oeste,DF,Brasília,44.96,99.83,16.74,1.27,44.52,27.5,76.1,84.22,Ruim,Set,3,Primavera,True,40.464,24.9575,4.185,10.16,4.452000000000001,PM2.5,25-28 °C,70-85%
2018,9,2018-09-01,Centro-Oeste,GO,Goiânia,51.23,90.76,24.11,1.49,30.06,28.3,45.6,89.75,Ruim,Set,3,Primavera,True,46.107,22.69,6.0275,11.92,3.0060000000000002,PM2.5,acima de 28 °C,até 55%
2018,9,2018-09-01,Centro-Oeste,GO,Aparecida de Goiânia,40.08,87.34,35.12,1.04,15.97,21.4,80.7,76.57,Moderada,Set,3,Primavera,False,36.072,21.835,8.78,8.32,1.5970000000000002,PM2.5,até 22 °C,70-85%
2018,9,2018-09-01,Centro-Oeste,MT,Cuiabá,33.88,74.13,29.83,1.11,40.97,26.9,48.1,69.42,Moderada,Set,3,Primavera,False,30.492000000000004,18.5325,7.4575,8.88,4.097,PM2.5,25-28 °C,até 55%
2018,9,2018-09-01,Centro-Oeste,MS,Campo Grande,29.44,67.97,12.59,1.27,43.93,24.3,56.5,61.19,Moderada,Set,3,Primavera,False,26.496000000000002,16.9925,3.1475,10.16,4.393,PM2.5,22-25 °C,55-70%
2018,9,2018-09-01,Sudeste,SP,São Paulo,28.08,48.94,30.29,1.01,30.94,29.1,66.9,56.28,Moderada,Set,3,Primavera,False,25.272,12.235,7.5725,8.08,3.0940000000000003,PM2.5,acima de 28 °C,55-70%
2018,9,2018-09-01,Sudeste,SP,Campinas,32.82,32.29,37.34,1.22,28.38,25.3,71.6,59.5,Moderada,Set,3,Primavera,False,29.538,8.0725,9.335,9.76,2.838,PM2.5,25-28 °C,70-85%
2018,9,2018-09-01,Sudeste,SP,Ribeirão Preto,27.62,90.02,25.16,1.4,40.13,30.4,43.7,68.88,Moderada,Set,3,Primavera,False,24.858,22.505,6.29,11.2,4.013000000000001,PM2.5,acima de 28 °C,até 55%
2018,9,2018-09-01,Sudeste,RJ,Rio de Janeiro,22.62,66.86,19.68,0.75,55.68,26.0,86.8,53.6,Moderada,Set,3,Primavera,False,20.358,16.715,4.92,6.0,5.5680000000000005,PM2.5,25-28 °C,acima de 85%
2018,9,2018-09-01,Sudeste,RJ,Niterói,39.17,77.03,20.21,0.5,54.6,19.7,65.1,69.0,Moderada,Set,3,Primavera,False,35.253,19.2575,5.0525,4.0,5.460000000000001,PM2.5,até 22 °C,55-70%
2018,9,2018-09-01,Sudeste,RJ,Nova Iguaçu,35.31,75.6,28.62,0.85,39.61,27.0,51.1,68.64,Moderada,Set,3,Primavera,False,31.779000000000003,18.9,7.155,6.8,3.9610000000000003,PM2.5,25-28 °C,até 55%
2018,9,2018-09-01,Sudeste,RJ,Petrópolis,37.92,43.71,24.76,1.05,32.95,24.1,48.1,62.91,Moderada,Set,3,Primavera,False,34.128,10.9275,6.19,8.4,3.2950000000000004,PM2.5,22-25 °C,até 55%
2018,9,2018-09-01,Sudeste,MG,Belo Horizonte,47.06,73.44,24.8,1.54,46.79,26.5,91.2,83.93,Ruim,Set,3,Primavera,True,42.354000000000006,18.36,6.2,12.32,4.679,PM2.5,25-28 °C,acima de 85%
2018,9,2018-09-01,Sudeste,MG,Uberlândia,48.04,60.14,15.02,0.53,32.83,17.2,42.4,69.59,Moderada,Set,3,Primavera,False,43.236,15.035,3.755,4.24,3.283,PM2.5,até 22 °C,até 55%
2018,9,2018-09-01,Sudeste,MG,Juiz de Fora,46.0,48.01,24.47,1.64,33.65,24.4,47.7,76.0,Moderada,Set,3,Primavera,False,41.4,12.0025,6.1175,13.12,3.365,PM2.5,22-25 °C,até 55%
2018,9,2018-09-01,Sudeste,ES,Vitória,35.48,60.12,21.03,0.89,45.71,22.0,88.5,63.9,Moderada,Set,3,Primavera,False,31.932,15.03,5.2575,7.12,4.571000000000001,PM2.5,até 22 °C,acima de 85%
2018,9,2018-09-01,Sudeste,ES,Vila Velha,30.76,79.6,27.11,1.46,52.41,20.2,46.0,71.3,Moderada,Set,3,Primavera,False,27.684,19.9,6.7775,11.68,5.241,PM2.5,até 22 °C,até 55%
2018,9,2018-09-01,Sudeste,ES,Serra,35.58,98.65,33.6,1.64,40.43,22.2,72.0,82.26,Ruim,Set,3,Primavera,True,32.022,24.6625,8.4,13.12,4.043,PM2.5,22-25 °C,70-85%
2018,9,2018-09-01,Sul,PR,Curitiba,20.41,55.25,27.96,1.62,41.2,27.3,64.6,56.25,Moderada,Set,3,Primavera,False,18.369,13.8125,6.99,12.96,4.12,PM2.5,25-28 °C,55-70%
2018,9,2018-09-01,Sul,PR,Londrina,42.08,66.58,5.26,0.9,44.15,21.1,61.0,67.46,Moderada,Set,3,Primavera,False,37.872,16.645,1.315,7.2,4.415,PM2.5,até 22 °C,55-70%
2018,9,2018-09-01,Sul,SC,Florianópolis,40.49,81.24,23.25,0.82,31.17,27.2,82.4,72.25,Moderada,Set,3,Primavera,False,36.441,20.31,5.8125,6.56,3.1170000000000004,PM2.5,25-28 °C,70-85%
2018,9,2018-09-01,Sul,SC,Joinville,23.9,74.44,21.37,0.71,34.78,18.9,90.7,54.59,Moderada,Set,3,Primavera,False,21.509999999999998,18.61,5.3425,5.68,3.478,PM2.5,até 22 °C,acima de 85%
2018,9,2018-09-01,Sul,RS,Porto Alegre,33.48,90.91,10.47,1.25,32.69,24.1,70.3,68.71,Moderada,Set,3,Primavera,False,30.131999999999998,22.7275,2.6175,10.0,3.269,PM2.5,22-25 °C,70-85%
2018,9,2018-09-01,Sul,RS,Caxias do Sul,47.25,54.94,37.82,0.84,43.67,21.7,87.8,76.84,Moderada,Set,3,Primavera,False,42.525,13.735,9.455,6.72,4.367,PM2.5,até 22 °C,acima de 85%
2018,10,2018-10-01,Norte,AM,Manaus,38.69,70.5,23.35,0.47,19.23,26.6,68.3,63.95,Moderada,Out,4,Primavera,False,34.821,17.625,5.8375,3.76,1.923,PM2.5,25-28 °C,55-70%
2018,10,2018-10-01,Norte,PA,Belém,49.93,76.73,17.03,0.52,37.31,25.4,52.6,76.27,Moderada,Out,4,Primavera,False,44.937,19.1825,4.2575,4.16,3.7310000000000003,PM2.5,25-28 °C,até 55%
2018,10,2018-10-01,Norte,PA,Santarém,42.7,64.57,27.47,0.61,28.57,25.1,85.7,69.19,Moderada,Out,4,Primavera,False,38.43000000000001,16.1425,6.8675,4.88,2.857,PM2.5,25-28 °C,acima de 85%
2018,10,2018-10-01,Norte,RO,Porto Velho,33.24,43.21,24.14,1.21,43.42,22.4,69.0,60.8,Moderada,Out,4,Primavera,False,29.916000000000004,10.8025,6.035,9.68,4.3420000000000005,PM2.5,22-25 °C,55-70%
2018,10,2018-10-01,Norte,TO,Palmas,37.95,65.04,24.22,0.56,29.93,21.1,70.6,63.96,Moderada,Out,4,Primavera,False,34.155,16.26,6.055,4.48,2.9930000000000003,PM2.5,até 22 °C,70-85%
2018,10,2018-10-01,Nordeste,BA,Salvador,41.37,99.72,15.41,0.75,41.13,25.0,61.5,76.14,Moderada,Out,4,Primavera,False,37.233,24.93,3.8525,6.0,4.113,PM2.5,22-25 °C,55-70%
2018,10,2018-10-01,Nordeste,BA,Feira de Santana,44.88,82.4,37.66,0.97,27.95,24.5,84.4,80.95,Ruim,Out,4,Primavera,True,40.392,20.6,9.415,7.76,2.795,PM2.5,22-25 °C,70-85%
2018,10,2018-10-01,Nordeste,PE,Recife,48.09,61.92,16.96,1.07,29.59,28.6,61.0,74.53,Moderada,Out,4,Primavera,False,43.281000000000006,15.48,4.24,8.56,2.959,PM2.5,acima de 28 °C,55-70%
2018,10,2018-10-01,Nordeste,PE,Jaboatão dos Guararapes,40.6,52.5,27.76,1.71,35.89,25.9,73.6,73.89,Moderada,Out,4,Primavera,False,36.54,13.125,6.94,13.68,3.5890000000000004,PM2.5,25-28 °C,70-85%
2018,10,2018-10-01,Nordeste,CE,Fortaleza,28.3,82.68,32.1,0.59,14.3,30.2,58.5,60.29,Moderada,Out,4,Primavera,False,25.470000000000002,20.67,8.025,4.72,1.4300000000000002,PM2.5,acima de 28 °C,55-70%
2018,10,2018-10-01,Nordeste,CE,Juazeiro do Norte,52.99,59.52,17.05,1.0,43.25,26.1,69.0,79.18,Moderada,Out,4,Primavera,False,47.691,14.88,4.2625,8.0,4.325,PM2.5,25-28 °C,55-70%
2018,10,2018-10-01,Nordeste,MA,São Luís,23.92,69.99,12.32,1.28,43.76,25.2,58.7,56.71,Moderada,Out,4,Primavera,False,21.528000000000002,17.4975,3.08,10.24,4.376,PM2.5,25-28 °C,55-70%
2018,10,2018-10-01,Nordeste,PB,João Pessoa,29.53,69.42,33.87,1.4,34.13,20.2,44.6,67.04,Moderada,Out,4,Primavera,False,26.577,17.355,8.4675,11.2,3.4130000000000003,PM2.5,até 22 °C,até 55%
2018,10,2018-10-01,Centro-Oeste,DF,Brasília,49.65,64.02,34.78,1.12,37.94,30.7,66.0,82.17,Ruim,Out,4,Primavera,True,44.685,16.005,8.695,8.96,3.794,PM2.5,acima de 28 °C,55-70%
2018,10,2018-10-01,Centro-Oeste,GO,Goiânia,36.22,61.8,19.38,1.48,46.76,21.2,85.0,69.44,Moderada,Out,4,Primavera,False,32.598,15.45,4.845,11.84,4.676,PM2.5,até 22 °C,70-85%
2018,10,2018-10-01,Centro-Oeste,GO,Aparecida de Goiânia,26.77,59.42,13.75,0.56,46.2,21.7,84.1,51.51,Moderada,Out,4,Primavera,False,24.093,14.855,3.4375,4.48,4.62,PM2.5,até 22 °C,70-85%
2018,10,2018-10-01,Centro-Oeste,MT,Cuiabá,16.53,95.25,12.03,0.41,28.44,25.1,47.3,47.84,Boa,Out,4,Primavera,False,14.877,23.8125,3.0075,3.28,2.8440000000000003,PM10,25-28 °C,até 55%
2018,10,2018-10-01,Centro-Oeste,MS,Campo Grande,32.45,45.27,24.04,1.2,39.77,21.3,63.7,60.14,Moderada,Out,4,Primavera,False,29.205000000000002,11.3175,6.01,9.6,3.9770000000000003,PM2.5,até 22 °C,55-70%
2018,10,2018-10-01,Sudeste,SP,São Paulo,48.52,94.09,28.39,0.5,40.86,24.1,54.8,82.34,Ruim,Out,4,Primavera,True,43.668000000000006,23.5225,7.0975,4.0,4.086,PM2.5,22-25 °C,até 55%
2018,10,2018-10-01,Sudeste,SP,Campinas,33.42,64.7,15.89,0.61,39.55,23.6,84.4,59.08,Moderada,Out,4,Primavera,False,30.078000000000003,16.175,3.9725,4.88,3.955,PM2.5,22-25 °C,70-85%
2018,10,2018-10-01,Sudeste,SP,Ribeirão Preto,33.56,90.35,30.58,0.63,31.86,24.1,83.6,68.67,Moderada,Out,4,Primavera,False,30.204000000000004,22.5875,7.645,5.04,3.186,PM2.5,22-25 °C,70-85%
2018,10,2018-10-01,Sudeste,RJ,Rio de Janeiro,35.52,86.24,27.23,1.7,31.87,20.2,66.7,77.16,Moderada,Out,4,Primavera,False,31.968000000000004,21.56,6.8075,13.6,3.1870000000000003,PM2.5,até 22 °C,55-70%
2018,10,2018-10-01,Sudeste,RJ,Niterói,26.44,71.96,33.24,1.15,37.03,28.3,94.7,63.02,Moderada,Out,4,Primavera,False,23.796000000000003,17.99,8.31,9.2,3.7030000000000003,PM2.5,acima de 28 °C,acima de 85%
2018,10,2018-10-01,Sudeste,RJ,Nova Iguaçu,30.99,68.08,37.43,1.77,17.38,29.5,89.4,70.2,Moderada,Out,4,Primavera,False,27.891,17.02,9.3575,14.16,1.738,PM2.5,acima de 28 °C,acima de 85%
2018,10,2018-10-01,Sudeste,RJ,Petrópolis,37.67,58.21,15.35,0.64,51.38,25.0,58.1,62.55,Moderada,Out,4,Primavera,False,33.903000000000006,14.5525,3.8375,5.12,5.138000000000001,PM2.5,22-25 °C,55-70%
2018,10,2018-10-01,Sudeste,MG,Belo Horizonte,32.7,50.97,26.23,1.6,48.39,26.3,53.9,66.36,Moderada,Out,4,Primavera,False,29.430000000000003,12.7425,6.5575,12.8,4.839,PM2.5,25-28 °C,até 55%
2018,10,2018-10-01,Sudeste,MG,Uberlândia,34.21,75.42,22.53,0.36,46.2,26.5,65.6,62.8,Moderada,Out,4,Primavera,False,30.789,18.855,5.6325,2.88,4.62,PM2.5,25-28 °C,55-70%
2018,10,2018-10-01,Sudeste,MG,Juiz de Fora,21.9,42.01,24.48,1.25,44.7,31.0,40.1,50.83,Moderada,Out,4,Primavera,False,19.71,10.5025,6.12,10.0,4.470000000000001,PM2.5,acima de 28 °C,até 55%
2018,10,2018-10-01,Sudeste,ES,Vitória,38.48,24.44,14.58,0.79,46.68,22.7,80.1,55.35,Moderada,Out,4,Primavera,False,34.632,6.11,3.645,6.32,4.668,PM2.5,22-25 °C,70-85%
2018,10,2018-10-01,Sudeste,ES,Vila Velha,31.94,99.58,31.07,0.68,37.22,24.3,49.4,70.56,Moderada,Out,4,Primavera,False,28.746000000000002,24.895,7.7675,5.44,3.722,PM2.5,22-25 °C,até 55%
2018,10,2018-10-01,Sudeste,ES,Serra,31.38,42.87,28.42,1.7,31.84,22.4,79.3,62.83,Moderada,Out,4,Primavera,False,28.242,10.7175,7.105,13.6,3.184,PM2.5,22-25 °C,70-85%
2018,10,2018-10-01,Sul,PR,Curitiba,47.43,104.5,23.98,0.31,36.84,30.7,42.9,81.0,Ruim,Out,4,Primavera,True,42.687,26.125,5.995,2.48,3.6840000000000006,PM2.5,acima de 28 °C,até 55%
2018,10,2018-10-01,Sul,PR,Londrina,28.8,72.43,10.13,0.99,42.6,27.5,55.4,58.72,Moderada,Out,4,Primavera,False,25.92,18.1075,2.5325,7.92,4.260000000000001,PM2.5,25-28 °C,55-70%
2018,10,2018-10-01,Sul,SC,Florianópolis,43.19,69.65,20.53,1.22,26.82,26.2,71.1,73.88,Moderada,Out,4,Primavera,False,38.871,17.4125,5.1325,9.76,2.6820000000000004,PM2.5,25-28 °C,70-85%
2018,10,2018-10-01,Sul,SC,Joinville,44.24,108.81,32.55,0.73,49.07,28.1,71.7,85.9,Ruim,Out,4,Primavera,True,39.816,27.2025,8.1375,5.84,4.907,PM2.5,acima de 28 °C,70-85%
2018,10,2018-10-01,Sul,RS,Porto Alegre,38.16,49.84,17.27,0.99,35.11,27.8,65.5,62.58,Moderada,Out,4,Primavera,False,34.344,12.46,4.3175,7.92,3.511,PM2.5,25-28 °C,55-70%
2018,10,2018-10-01,Sul,RS,Caxias do Sul,31.95,89.92,33.4,1.27,34.09,26.7,87.3,73.18,Moderada,Out,4,Primavera,False,28.755,22.48,8.35,10.16,3.4090000000000007,PM2.5,25-28 °C,acima de 85%
2018,11,2018-11-01,Norte,AM,Manaus,27.85,85.21,24.84,1.35,48.12,22.4,50.5,68.15,Moderada,Nov,4,Primavera,False,25.065,21.3025,6.21,10.8,4.812,PM2.5,22-25 °C,até 55%
2018,11,2018-11-01,Norte,PA,Belém,35.7,72.85,34.36,1.0,33.17,21.7,88.9,70.24,Moderada,Nov,4,Primavera,False,32.13,18.2125,8.59,8.0,3.317,PM2.5,até 22 °C,acima de 85%
2018,11,2018-11-01,Norte,PA,Santarém,34.13,70.0,22.24,1.55,16.29,26.2,69.1,67.79,Moderada,Nov,4,Primavera,False,30.717000000000002,17.5,5.56,12.4,1.629,PM2.5,25-28 °C,55-70%
2018,11,2018-11-01,Norte,RO,Porto Velho,32.41,81.05,11.41,1.64,28.6,24.9,42.1,68.25,Moderada,Nov,4,Primavera,False,29.168999999999997,20.2625,2.8525,13.12,2.8600000000000003,PM2.5,22-25 °C,até 55%
2018,11,2018-11-01,Norte,TO,Palmas,38.82,93.94,30.29,0.97,29.95,22.9,70.7,76.77,Moderada,Nov,4,Primavera,False,34.938,23.485,7.5725,7.76,2.995,PM2.5,22-25 °C,70-85%
2018,11,2018-11-01,Nordeste,BA,Salvador,51.61,68.22,18.6,1.38,31.75,25.7,62.9,82.38,Ruim,Nov,4,Primavera,True,46.449,17.055,4.65,11.04,3.1750000000000003,PM2.5,25-28 °C,55-70%
2018,11,2018-11-01,Nordeste,BA,Feira de Santana,33.27,35.56,25.0,1.29,45.43,22.8,70.7,59.93,Moderada,Nov,4,Primavera,False,29.943000000000005,8.89,6.25,10.32,4.543,PM2.5,22-25 °C,70-85%
2018,11,2018-11-01,Nordeste,PE,Recife,20.88,69.46,28.69,0.81,45.99,23.5,89.6,54.4,Moderada,Nov,4,Primavera,False,18.791999999999998,17.365,7.1725,6.48,4.599,PM2.5,22-25 °C,acima de 85%
2018,11,2018-11-01,Nordeste,PE,Jaboatão dos Guararapes,41.07,67.95,22.58,1.11,27.58,23.4,79.4,71.23,Moderada,Nov,4,Primavera,False,36.963,16.9875,5.645,8.88,2.758,PM2.5,22-25 °C,70-85%
2018,11,2018-11-01,Nordeste,CE,Fortaleza,31.2,61.95,21.58,1.79,39.1,23.1,43.0,67.17,Moderada,Nov,4,Primavera,False,28.08,15.4875,5.395,14.32,3.91,PM2.5,22-25 °C,até 55%
2018,11,2018-11-01,Nordeste,CE,Juazeiro do Norte,34.31,90.8,26.86,0.9,65.56,26.1,88.4,74.04,Moderada,Nov,4,Primavera,False,30.879,22.7,6.715,7.2,6.556000000000001,PM2.5,25-28 °C,acima de 85%
2018,11,2018-11-01,Nordeste,MA,São Luís,31.36,93.27,27.02,1.47,42.12,25.3,77.5,74.24,Moderada,Nov,4,Primavera,False,28.224,23.3175,6.755,11.76,4.212,PM2.5,25-28 °C,70-85%
2018,11,2018-11-01,Nordeste,PB,João Pessoa,27.39,73.13,18.08,1.22,23.98,19.8,42.4,59.61,Moderada,Nov,4,Primavera,False,24.651,18.2825,4.52,9.76,2.398,PM2.5,até 22 °C,até 55%
2018,11,2018-11-01,Centro-Oeste,DF,Brasília,35.76,74.0,24.04,0.85,36.16,26.9,61.9,67.11,Moderada,Nov,4,Primavera,False,32.184,18.5,6.01,6.8,3.6159999999999997,PM2.5,25-28 °C,55-70%
2018,11,2018-11-01,Centro-Oeste,GO,Goiânia,44.96,67.16,28.88,0.89,28.13,27.7,78.2,74.43,Moderada,Nov,4,Primavera,False,40.464,16.79,7.22,7.12,2.813,PM2.5,25-28 °C,70-85%
2018,11,2018-11-01,Centro-Oeste,GO,Aparecida de Goiânia,41.72,78.31,25.36,1.33,58.61,22.8,79.5,79.93,Moderada,Nov,4,Primavera,False,37.548,19.5775,6.34,10.64,5.861000000000001,PM2.5,22-25 °C,70-85%
2018,11,2018-11-01,Centro-Oeste,MT,Cuiabá,15.75,62.25,22.95,0.31,59.11,22.5,43.9,43.85,Boa,Nov,4,Primavera,False,14.175,15.5625,5.7375,2.48,5.9110000000000005,PM10,22-25 °C,até 55%
2018,11,2018-11-01,Centro-Oeste,MS,Campo Grande,46.45,65.62,28.89,1.69,65.66,27.1,42.8,85.56,Ruim,Nov,4,Primavera,True,41.80500000000001,16.405,7.2225,13.52,6.566,PM2.5,25-28 °C,até 55%
2018,11,2018-11-01,Sudeste,SP,São Paulo,35.98,36.32,29.44,1.35,54.84,21.4,53.4,65.07,Moderada,Nov,4,Primavera,False,32.382,9.08,7.36,10.8,5.484000000000001,PM2.5,até 22 °C,até 55%
2018,11,2018-11-01,Sudeste,SP,Campinas,51.17,77.75,26.47,1.34,15.43,23.9,62.9,84.36,Ruim,Nov,4,Primavera,True,46.053000000000004,19.4375,6.6175,10.72,1.5430000000000001,PM2.5,22-25 °C,55-70%
2018,11,2018-11-01,Sudeste,SP,Ribeirão Preto,39.4,57.69,35.13,1.44,36.71,29.6,94.8,73.85,Moderada,Nov,4,Primavera,False,35.46,14.4225,8.7825,11.52,3.6710000000000003,PM2.5,acima de 28 °C,acima de 85%
2018,11,2018-11-01,Sudeste,RJ,Rio de Janeiro,19.72,44.86,16.88,0.38,48.2,20.8,51.6,41.07,Boa,Nov,4,Primavera,False,17.748,11.215,4.22,3.04,4.82,PM2.5,até 22 °C,até 55%
2018,11,2018-11-01,Sudeste,RJ,Niterói,40.44,46.0,25.68,0.33,49.04,30.5,53.3,61.88,Moderada,Nov,4,Primavera,False,36.396,11.5,6.42,2.64,4.904,PM2.5,acima de 28 °C,até 55%
2018,11,2018-11-01,Sudeste,RJ,Nova Iguaçu,44.01,63.72,25.03,1.25,39.35,22.0,49.4,75.76,Moderada,Nov,4,Primavera,False,39.609,15.93,6.2575,10.0,3.9350000000000005,PM2.5,até 22 °C,até 55%
2018,11,2018-11-01,Sudeste,RJ,Petrópolis,43.35,55.34,26.09,1.19,43.09,21.5,50.5,73.2,Moderada,Nov,4,Primavera,False,39.015,13.835,6.5225,9.52,4.309,PM2.5,até 22 °C,até 55%
2018,11,2018-11-01,Sudeste,MG,Belo Horizonte,34.82,86.53,17.43,1.67,50.6,23.7,86.9,75.77,Moderada,Nov,4,Primavera,False,31.338,21.6325,4.3575,13.36,5.0600000000000005,PM2.5,22-25 °C,acima de 85%
2018,11,2018-11-01,Sudeste,MG,Uberlândia,42.19,89.3,36.58,1.36,53.99,28.5,57.1,85.68,Ruim,Nov,4,Primavera,True,37.971,22.325,9.145,10.88,5.399000000000001,PM2.5,acima de 28 °C,55-70%
2018,11,2018-11-01,Sudeste,MG,Juiz de Fora,22.54,67.77,19.26,1.05,42.57,29.7,77.7,54.7,Moderada,Nov,4,Primavera,False,20.286,16.9425,4.815,8.4,4.257000000000001,PM2.5,acima de 28 °C,70-85%
2018,11,2018-11-01,Sudeste,ES,Vitória,22.17,59.4,26.15,1.03,29.7,24.3,56.9,52.56,Moderada,Nov,4,Primavera,False,19.953000000000003,14.85,6.5375,8.24,2.97,PM2.5,22-25 °C,55-70%
2018,11,2018-11-01,Sudeste,ES,Vila Velha,44.58,76.82,21.56,1.61,42.48,25.5,94.0,81.82,Ruim,Nov,4,Primavera,True,40.122,19.205,5.39,12.88,4.248,PM2.5,25-28 °C,acima de 85%
2018,11,2018-11-01,Sudeste,ES,Serra,40.82,51.09,14.71,1.03,33.99,23.9,88.4,64.81,Moderada,Nov,4,Primavera,False,36.738,12.7725,3.6775,8.24,3.3990000000000005,PM2.5,22-25 °C,acima de 85%
2018,11,2018-11-01,Sul,PR,Curitiba,53.66,75.9,12.71,0.38,14.29,24.3,74.1,74.89,Moderada,Nov,4,Primavera,False,48.294,18.975,3.1775,3.04,1.429,PM2.5,22-25 °C,70-85%
2018,11,2018-11-01,Sul,PR,Londrina,40.72,52.14,34.63,1.6,30.78,22.1,76.7,74.24,Moderada,Nov,4,Primavera,False,36.648,13.035,8.6575,12.8,3.0780000000000003,PM2.5,22-25 °C,70-85%
2018,11,2018-11-01,Sul,SC,Florianópolis,40.72,94.1,31.48,1.03,34.04,22.6,69.5,79.66,Moderada,Nov,4,Primavera,False,36.648,23.525,7.87,8.24,3.404,PM2.5,22-25 °C,55-70%
2018,11,2018-11-01,Sul,SC,Joinville,38.04,81.38,24.62,0.7,37.3,25.3,87.9,70.1,Moderada,Nov,4,Primavera,False,34.236,20.345,6.155,5.6,3.73,PM2.5,25-28 °C,acima de 85%
2018,11,2018-11-01,Sul,RS,Porto Alegre,29.28,82.75,31.48,0.62,41.08,24.5,89.4,64.0,Moderada,Nov,4,Primavera,False,26.352,20.6875,7.87,4.96,4.108,PM2.5,22-25 °C,acima de 85%
2018,11,2018-11-01,Sul,RS,Caxias do Sul,43.38,68.4,33.86,1.57,40.39,21.6,76.7,81.21,Ruim,Nov,4,Primavera,True,39.042,17.1,8.465,12.56,4.039000000000001,PM2.5,até 22 °C,70-85%
2018,12,2018-12-01,Norte,AM,Manaus,33.8,75.16,24.62,0.82,40.68,26.2,55.2,65.97,Moderada,Dez,4,Verão,False,30.419999999999998,18.79,6.155,6.56,4.0680000000000005,PM2.5,25-28 °C,55-70%
2018,12,2018-12-01,Norte,PA,Belém,26.37,56.47,27.84,0.44,60.46,26.2,92.5,54.41,Moderada,Dez,4,Verão,False,23.733,14.1175,6.96,3.52,6.046,PM2.5,25-28 °C,acima de 85%
2018,12,2018-12-01,Norte,PA,Santarém,51.93,61.93,30.9,1.08,42.44,22.2,86.4,82.83,Ruim,Dez,4,Verão,True,46.737,15.4825,7.725,8.64,4.244,PM2.5,22-25 °C,acima de 85%
2018,12,2018-12-01,Norte,RO,Porto Velho,29.0,64.9,32.19,1.21,42.06,25.5,85.3,64.29,Moderada,Dez,4,Verão,False,26.1,16.225,8.0475,9.68,4.206,PM2.5,25-28 °C,acima de 85%
2018,12,2018-12-01,Norte,TO,Palmas,52.95,91.74,17.81,0.74,33.33,25.2,48.9,84.27,Ruim,Dez,4,Verão,True,47.655,22.935,4.4525,5.92,3.333,PM2.5,25-28 °C,até 55%
2018,12,2018-12-01,Nordeste,BA,Salvador,23.65,46.15,20.43,0.96,31.57,24.3,44.4,48.8,Boa,Dez,4,Verão,False,21.285,11.5375,5.1075,7.68,3.157,PM2.5,22-25 °C,até 55%
2018,12,2018-12-01,Nordeste,BA,Feira de Santana,36.19,70.34,33.15,0.59,25.35,25.5,84.6,65.73,Moderada,Dez,4,Verão,False,32.571,17.585,8.2875,4.72,2.535,PM2.5,25-28 °C,70-85%
2018,12,2018-12-01,Nordeste,PE,Recife,28.05,89.72,28.43,0.6,50.0,24.5,82.8,64.61,Moderada,Dez,4,Verão,False,25.245,22.43,7.1075,4.8,5.0,PM2.5,22-25 °C,70-85%
2018,12,2018-12-01,Nordeste,PE,Jaboatão dos Guararapes,35.86,70.85,26.66,1.0,47.32,25.8,82.5,69.37,Moderada,Dez,4,Verão,False,32.274,17.7125,6.665,8.0,4.732,PM2.5,25-28 °C,70-85%
2018,12,2018-12-01,Nordeste,CE,Fortaleza,43.78,54.19,30.16,1.28,54.71,27.2,86.5,76.17,Moderada,Dez,4,Verão,False,39.402,13.5475,7.54,10.24,5.471,PM2.5,25-28 °C,acima de 85%
2018,12,2018-12-01,Nordeste,CE,Juazeiro do Norte,38.98,65.36,14.55,0.76,60.86,25.0,54.7,67.26,Moderada,Dez,4,Verão,False,35.082,16.34,3.6375,6.08,6.086,PM2.5,22-25 °C,até 55%
2018,12,2018-12-01,Nordeste,MA,São Luís,24.92,75.13,25.99,1.55,47.4,29.1,71.2,64.85,Moderada,Dez,4,Verão,False,22.428,18.7825,6.4975,12.4,4.74,PM2.5,acima de 28 °C,70-85%
2018,12,2018-12-01,Nordeste,PB,João Pessoa,38.97,83.95,18.1,0.67,46.56,23.5,90.3,70.62,Moderada,Dez,4,Verão,False,35.073,20.9875,4.525,5.36,4.656000000000001,PM2.5,22-25 °C,acima de 85%
2018,12,2018-12-01,Centro-Oeste,DF,Brasília,38.8,70.11,14.6,0.7,38.07,25.0,60.8,65.52,Moderada,Dez,4,Verão,False,34.92,17.5275,3.65,5.6,3.8070000000000004,PM2.5,22-25 °C,55-70%
2018,12,2018-12-01,Centro-Oeste,GO,Goiânia,17.95,67.15,28.13,0.33,47.99,23.8,76.3,47.4,Boa,Dez,4,Verão,False,16.155,16.7875,7.0325,2.64,4.799,PM10,22-25 °C,70-85%
2018,12,2018-12-01,Centro-Oeste,GO,Aparecida de Goiânia,53.72,67.96,32.6,1.67,32.11,23.9,90.8,90.06,Ruim,Dez,4,Verão,True,48.348,16.99,8.15,13.36,3.2110000000000003,PM2.5,22-25 °C,acima de 85%
2018,12,2018-12-01,Centro-Oeste,MT,Cuiabá,32.09,76.44,32.5,0.34,40.79,28.8,68.1,62.89,Moderada,Dez,4,Verão,False,28.881000000000004,19.11,8.125,2.72,4.079,PM2.5,acima de 28 °C,55-70%
2018,12,2018-12-01,Centro-Oeste,MS,Campo Grande,39.69,42.43,26.27,1.13,49.01,25.4,57.2,66.87,Moderada,Dez,4,Verão,False,35.721,10.6075,6.5675,9.04,4.901,PM2.5,25-28 °C,55-70%
2018,12,2018-12-01,Sudeste,SP,São Paulo,40.21,99.44,33.16,1.63,54.52,24.5,40.0,87.83,Ruim,Dez,4,Verão,True,36.189,24.86,8.29,13.04,5.452000000000001,PM2.5,22-25 °C,até 55%
2018,12,2018-12-01,Sudeste,SP,Campinas,46.38,58.87,31.94,1.78,37.37,30.6,76.4,82.45,Ruim,Dez,4,Verão,True,41.742000000000004,14.7175,7.985,14.24,3.737,PM2.5,acima de 28 °C,70-85%
2018,12,2018-12-01,Sudeste,SP,Ribeirão Preto,27.23,18.76,23.49,1.54,47.83,26.3,49.3,52.18,Moderada,Dez,4,Verão,False,24.507,4.69,5.8725,12.32,4.783,PM2.5,25-28 °C,até 55%
2018,12,2018-12-01,Sudeste,RJ,Rio de Janeiro,31.4,75.93,11.41,1.71,27.4,27.5,80.8,66.49,Moderada,Dez,4,Verão,False,28.259999999999998,18.9825,2.8525,13.68,2.74,PM2.5,25-28 °C,70-85%
2018,12,2018-12-01,Sudeste,RJ,Niterói,31.08,63.36,24.6,1.38,31.64,22.5,92.1,64.21,Moderada,Dez,4,Verão,False,27.971999999999998,15.84,6.15,11.04,3.164,PM2.5,22-25 °C,acima de 85%
2018,12,2018-12-01,Sudeste,RJ,Nova Iguaçu,26.33,64.29,28.71,0.31,28.2,25.4,87.5,52.27,Moderada,Dez,4,Verão,False,23.697,16.0725,7.1775,2.48,2.8200000000000003,PM2.5,25-28 °C,acima de 85%
2018,12,2018-12-01,Sudeste,RJ,Petrópolis,29.16,64.13,11.13,1.56,38.43,25.7,49.8,61.37,Moderada,Dez,4,Verão,False,26.244,16.0325,2.7825,12.48,3.843,PM2.5,25-28 °C,até 55%
2018,12,2018-12-01,Sudeste,MG,Belo Horizonte,31.09,70.76,18.17,1.74,48.95,23.1,73.8,69.02,Moderada,Dez,4,Verão,False,27.981,17.69,4.5425,13.92,4.8950000000000005,PM2.5,22-25 °C,70-85%
2018,12,2018-12-01,Sudeste,MG,Uberlândia,29.89,80.9,30.18,1.64,29.82,26.2,50.9,70.75,Moderada,Dez,4,Verão,False,26.901,20.225,7.545,13.12,2.982,PM2.5,25-28 °C,até 55%
2018,12,2018-12-01,Sudeste,MG,Juiz de Fora,44.56,76.02,19.65,1.02,44.12,23.0,62.0,76.57,Moderada,Dez,4,Verão,False,40.104000000000006,19.005,4.9125,8.16,4.412,PM2.5,22-25 °C,55-70%
2018,12,2018-12-01,Sudeste,ES,Vitória,50.06,85.1,24.25,1.34,21.86,26.8,84.0,85.31,Ruim,Dez,4,Verão,True,45.054,21.275,6.0625,10.72,2.186,PM2.5,25-28 °C,70-85%
2018,12,2018-12-01,Sudeste,ES,Vila Velha,43.31,55.46,39.01,1.09,29.12,26.3,54.9,74.26,Moderada,Dez,4,Verão,False,38.979000000000006,13.865,9.7525,8.72,2.9120000000000004,PM2.5,25-28 °C,até 55%
2018,12,2018-12-01,Sudeste,ES,Serra,30.23,58.05,15.41,1.01,33.77,22.2,62.6,57.04,Moderada,Dez,4,Verão,False,27.207,14.5125,3.8525,8.08,3.3770000000000007,PM2.5,22-25 °C,55-70%
2018,12,2018-12-01,Sul,PR,Curitiba,20.22,73.67,35.07,0.63,31.17,21.7,77.7,53.52,Moderada,Dez,4,Verão,False,18.198,18.4175,8.7675,5.04,3.1170000000000004,PM10,até 22 °C,70-85%
2018,12,2018-12-01,Sul,PR,Londrina,26.13,76.24,18.54,1.29,45.25,23.5,52.1,62.06,Moderada,Dez,4,Verão,False,23.517,19.06,4.635,10.32,4.525,PM2.5,22-25 °C,até 55%
2018,12,2018-12-01,Sul,SC,Florianópolis,28.63,101.45,21.52,1.64,35.31,26.0,64.9,73.18,Moderada,Dez,4,Verão,False,25.767,25.3625,5.38,13.12,3.5310000000000006,PM2.5,25-28 °C,55-70%
2018,12,2018-12-01,Sul,SC,Joinville,43.55,67.67,15.92,0.75,34.96,24.0,60.9,69.57,Moderada,Dez,4,Verão,False,39.195,16.9175,3.98,6.0,3.4960000000000004,PM2.5,22-25 °C,55-70%
2018,12,2018-12-01,Sul,RS,Porto Alegre,23.51,73.67,23.06,0.93,51.17,21.5,77.1,57.91,Moderada,Dez,4,Verão,False,21.159000000000002,18.4175,5.765,7.44,5.117000000000001,PM2.5,até 22 °C,70-85%
2018,12,2018-12-01,Sul,RS,Caxias do Sul,25.36,76.12,32.45,1.22,58.08,25.2,54.2,65.56,Moderada,Dez,4,Verão,False,22.824,19.03,8.1125,9.76,5.808,PM2.5,25-28 °C,até 55%
2019,1,2019-01-01,Norte,AM,Manaus,49.76,59.54,28.41,1.06,34.65,26.1,61.5,78.73,Moderada,Jan,1,Verão,False,44.784,14.885,7.1025,8.48,3.465,PM2.5,25-28 °C,55-70%
2019,1,2019-01-01,Norte,PA,Belém,49.46,106.74,23.49,0.45,44.43,23.1,53.4,85.15,Ruim,Jan,1,Verão,True,44.514,26.685,5.8725,3.6,4.4430000000000005,PM2.5,22-25 °C,até 55%
2019,1,2019-01-01,Norte,PA,Santarém,29.48,66.07,16.96,1.17,41.2,23.3,77.3,60.75,Moderada,Jan,1,Verão,False,26.532,16.5175,4.24,9.36,4.12,PM2.5,22-25 °C,70-85%
2019,1,2019-01-01,Norte,RO,Porto Velho,31.3,65.73,19.51,1.36,44.89,30.0,47.4,64.83,Moderada,Jan,1,Verão,False,28.17,16.4325,4.8775,10.88,4.489,PM2.5,acima de 28 °C,até 55%
2019,1,2019-01-01,Norte,TO,Palmas,44.07,67.91,36.86,1.68,33.34,24.5,45.5,82.6,Ruim,Jan,1,Verão,True,39.663000000000004,16.9775,9.215,13.44,3.3340000000000005,PM2.5,22-25 °C,até 55%
2019,1,2019-01-01,Nordeste,BA,Salvador,34.89,52.39,33.78,0.6,26.78,23.9,92.0,60.44,Moderada,Jan,1,Verão,False,31.401,13.0975,8.445,4.8,2.6780000000000004,PM2.5,22-25 °C,acima de 85%
2019,1,2019-01-01,Nordeste,BA,Feira de Santana,32.83,78.96,18.28,0.31,42.96,20.1,83.3,60.62,Moderada,Jan,1,Verão,False,29.547,19.74,4.57,2.48,4.296,PM2.5,até 22 °C,70-85%
2019,1,2019-01-01,Nordeste,PE,Recife,36.7,76.42,22.47,1.76,34.22,24.3,43.1,75.28,Moderada,Jan,1,Verão,False,33.03,19.105,5.6175,14.08,3.422,PM2.5,22-25 °C,até 55%
2019,1,2019-01-01,Nordeste,PE,Jaboatão dos Guararapes,23.48,53.78,22.01,0.66,47.97,23.1,81.7,50.15,Moderada,Jan,1,Verão,False,21.132,13.445,5.5025,5.28,4.797,PM2.5,22-25 °C,70-85%
2019,1,2019-01-01,Nordeste,CE,Fortaleza,40.17,80.91,22.42,0.31,36.24,21.6,63.3,68.12,Moderada,Jan,1,Verão,False,36.153000000000006,20.2275,5.605,2.48,3.6240000000000006,PM2.5,até 22 °C,55-70%
2019,1,2019-01-01,Nordeste,CE,Juazeiro do Norte,36.06,91.15,6.21,0.38,42.38,30.7,66.1,64.1,Moderada,Jan,1,Verão,False,32.454,22.7875,1.5525,3.04,4.238,PM2.5,acima de 28 °C,55-70%
2019,1,2019-01-01,Nordeste,MA,São Luís,32.74,64.93,22.2,1.24,44.05,24.1,81.7,65.55,Moderada,Jan,1,Verão,False,29.466,16.2325,5.55,9.92,4.405,PM2.5,22-25 °C,70-85%
2019,1,2019-01-01,Nordeste,PB,João Pessoa,31.04,87.17,24.91,1.05,42.03,28.8,73.4,68.59,Moderada,Jan,1,Verão,False,27.936,21.7925,6.2275,8.4,4.203,PM2.5,acima de 28 °C,70-85%
2019,1,2019-01-01,Centro-Oeste,DF,Brasília,41.55,67.43,24.73,1.31,59.44,24.0,76.4,76.87,Moderada,Jan,1,Verão,False,37.394999999999996,16.8575,6.1825,10.48,5.944,PM2.5,22-25 °C,70-85%
2019,1,2019-01-01,Centro-Oeste,GO,Goiânia,24.17,68.82,22.76,0.55,28.45,20.4,82.4,51.9,Moderada,Jan,1,Verão,False,21.753000000000004,17.205,5.69,4.4,2.845,PM2.5,até 22 °C,70-85%
2019,1,2019-01-01,Centro-Oeste,GO,Aparecida de Goiânia,32.33,33.38,29.95,0.74,52.12,25.4,86.3,56.09,Moderada,Jan,1,Verão,False,29.096999999999998,8.345,7.4875,5.92,5.212,PM2.5,25-28 °C,acima de 85%
2019,1,2019-01-01,Centro-Oeste,MT,Cuiabá,44.34,76.29,21.44,1.15,46.79,20.6,77.4,78.19,Moderada,Jan,1,Verão,False,39.906000000000006,19.0725,5.36,9.2,4.679,PM2.5,até 22 °C,70-85%
2019,1,2019-01-01,Centro-Oeste,MS,Campo Grande,41.59,32.48,28.94,1.56,43.15,23.8,43.8,69.61,Moderada,Jan,1,Verão,False,37.431000000000004,8.12,7.235,12.48,4.315,PM2.5,22-25 °C,até 55%
2019,1,2019-01-01,Sudeste,SP,São Paulo,35.77,76.7,12.46,0.94,37.09,26.0,85.2,65.71,Moderada,Jan,1,Verão,False,32.193000000000005,19.175,3.115,7.52,3.7090000000000005,PM2.5,25-28 °C,acima de 85%
2019,1,2019-01-01,Sudeste,SP,Campinas,39.17,75.5,32.04,1.55,30.81,25.1,58.4,77.61,Moderada,Jan,1,Verão,False,35.253,18.875,8.01,12.4,3.081,PM2.5,25-28 °C,55-70%
2019,1,2019-01-01,Sudeste,SP,Ribeirão Preto,44.82,58.01,25.6,1.23,46.48,23.5,54.9,75.75,Moderada,Jan,1,Verão,False,40.338,14.5025,6.4,9.84,4.648,PM2.5,22-25 °C,até 55%
2019,1,2019-01-01,Sudeste,RJ,Rio de Janeiro,38.92,82.89,33.85,0.99,45.65,20.4,90.4,76.71,Moderada,Jan,1,Verão,False,35.028000000000006,20.7225,8.4625,7.92,4.565,PM2.5,até 22 °C,acima de 85%
2019,1,2019-01-01,Sudeste,RJ,Niterói,31.71,60.83,18.01,0.85,24.97,22.5,70.6,57.53,Moderada,Jan,1,Verão,False,28.539,15.2075,4.5025,6.8,2.497,PM2.5,22-25 °C,70-85%
2019,1,2019-01-01,Sudeste,RJ,Nova Iguaçu,34.51,69.06,21.67,1.3,70.34,30.1,50.1,71.16,Moderada,Jan,1,Verão,False,31.058999999999997,17.265,5.4175,10.4,7.034000000000001,PM2.5,acima de 28 °C,até 55%
2019,1,2019-01-01,Sudeste,RJ,Petrópolis,48.03,91.98,25.99,0.75,29.54,25.0,77.5,81.68,Ruim,Jan,1,Verão,True,43.227000000000004,22.995,6.4975,6.0,2.954,PM2.5,22-25 °C,70-85%
2019,1,2019-01-01,Sudeste,MG,Belo Horizonte,22.43,77.47,23.15,1.61,37.88,28.4,88.2,61.98,Moderada,Jan,1,Verão,False,20.187,19.3675,5.7875,12.88,3.7880000000000003,PM2.5,acima de 28 °C,acima de 85%
2019,1,2019-01-01,Sudeste,MG,Uberlândia,20.46,88.37,17.9,0.33,43.11,24.7,47.5,51.9,Moderada,Jan,1,Verão,False,18.414,22.0925,4.475,2.64,4.311,PM10,22-25 °C,até 55%
2019,1,2019-01-01,Sudeste,MG,Juiz de Fora,38.91,80.88,36.06,1.06,37.26,26.0,82.0,76.44,Moderada,Jan,1,Verão,False,35.019,20.22,9.015,8.48,3.726,PM2.5,25-28 °C,70-85%
2019,1,2019-01-01,Sudeste,ES,Vitória,31.46,58.98,23.3,1.55,53.65,28.5,62.2,66.66,Moderada,Jan,1,Verão,False,28.314,14.745,5.825,12.4,5.365,PM2.5,acima de 28 °C,55-70%
2019,1,2019-01-01,Sudeste,ES,Vila Velha,20.23,44.0,50.62,1.39,35.99,30.6,41.0,56.54,Moderada,Jan,1,Verão,False,18.207,11.0,12.655,11.12,3.599,PM2.5,acima de 28 °C,até 55%
2019,1,2019-01-01,Sudeste,ES,Serra,33.51,59.83,19.98,1.23,36.58,21.7,81.5,63.61,Moderada,Jan,1,Verão,False,30.159,14.9575,4.995,9.84,3.658,PM2.5,até 22 °C,70-85%
2019,1,2019-01-01,Sul,PR,Curitiba,33.47,77.35,17.09,0.81,44.17,24.8,68.8,64.65,Moderada,Jan,1,Verão,False,30.123,19.3375,4.2725,6.48,4.417000000000001,PM2.5,22-25 °C,55-70%
2019,1,2019-01-01,Sul,PR,Londrina,29.92,67.18,20.61,1.27,38.72,22.9,79.8,62.93,Moderada,Jan,1,Verão,False,26.928,16.795,5.1525,10.16,3.872,PM2.5,22-25 °C,70-85%
2019,1,2019-01-01,Sul,SC,Florianópolis,41.23,110.84,17.45,1.39,50.7,28.3,51.5,85.34,Ruim,Jan,1,Verão,True,37.107,27.71,4.3625,11.12,5.07,PM2.5,acima de 28 °C,até 55%
2019,1,2019-01-01,Sul,SC,Joinville,43.33,84.29,35.65,1.68,49.05,29.1,61.7,87.36,Ruim,Jan,1,Verão,True,38.997,21.0725,8.9125,13.44,4.905,PM2.5,acima de 28 °C,55-70%
2019,1,2019-01-01,Sul,RS,Porto Alegre,48.7,97.56,27.24,0.37,45.12,24.9,69.1,82.47,Ruim,Jan,1,Verão,True,43.830000000000005,24.39,6.81,2.96,4.512,PM2.5,22-25 °C,55-70%
2019,1,2019-01-01,Sul,RS,Caxias do Sul,13.09,76.52,27.92,1.56,37.13,26.3,81.3,54.08,Moderada,Jan,1,Verão,False,11.781,19.13,6.98,12.48,3.7130000000000005,PM10,25-28 °C,70-85%
2019,2,2019-02-01,Norte,AM,Manaus,45.2,89.44,19.02,1.3,58.4,24.6,40.8,84.02,Ruim,Fev,1,Verão,True,40.68000000000001,22.36,4.755,10.4,5.84,PM2.5,22-25 °C,até 55%
2019,2,2019-02-01,Norte,PA,Belém,37.8,68.67,31.13,1.02,13.71,23.4,46.2,68.53,Moderada,Fev,1,Verão,False,34.019999999999996,17.1675,7.7825,8.16,1.3710000000000002,PM2.5,22-25 °C,até 55%
2019,2,2019-02-01,Norte,PA,Santarém,28.09,54.25,23.11,0.98,44.31,21.7,68.2,56.93,Moderada,Fev,1,Verão,False,25.281,13.5625,5.7775,7.84,4.431,PM2.5,até 22 °C,55-70%
2019,2,2019-02-01,Norte,RO,Porto Velho,27.19,73.23,21.06,0.9,49.64,23.9,91.8,60.19,Moderada,Fev,1,Verão,False,24.471,18.3075,5.265,7.2,4.964,PM2.5,22-25 °C,acima de 85%
2019,2,2019-02-01,Norte,TO,Palmas,43.03,53.75,29.65,1.25,38.3,25.2,48.4,73.37,Moderada,Fev,1,Verão,False,38.727000000000004,13.4375,7.4125,10.0,3.83,PM2.5,25-28 °C,até 55%
2019,2,2019-02-01,Nordeste,BA,Salvador,28.99,75.26,34.37,1.2,42.97,26.0,92.2,67.43,Moderada,Fev,1,Verão,False,26.090999999999998,18.815,8.5925,9.6,4.297,PM2.5,25-28 °C,acima de 85%
2019,2,2019-02-01,Nordeste,BA,Feira de Santana,35.65,41.47,27.27,0.59,28.97,26.0,83.5,56.92,Moderada,Fev,1,Verão,False,32.085,10.3675,6.8175,4.72,2.8970000000000002,PM2.5,25-28 °C,70-85%
2019,2,2019-02-01,Nordeste,PE,Recife,40.86,62.48,29.62,1.58,54.42,25.7,78.7,77.86,Moderada,Fev,1,Verão,False,36.774,15.62,7.405,12.64,5.442,PM2.5,25-28 °C,70-85%
2019,2,2019-02-01,Nordeste,PE,Jaboatão dos Guararapes,30.08,72.27,33.89,1.24,53.23,28.9,61.6,68.89,Moderada,Fev,1,Verão,False,27.072,18.0675,8.4725,9.92,5.323,PM2.5,acima de 28 °C,55-70%
2019,2,2019-02-01,Nordeste,CE,Fortaleza,29.19,54.67,1.0,0.49,45.53,22.3,85.3,48.63,Boa,Fev,1,Verão,False,26.271,13.6675,0.25,3.92,4.553,PM2.5,22-25 °C,acima de 85%
2019,2,2019-02-01,Nordeste,CE,Juazeiro do Norte,31.14,87.45,17.0,0.6,41.87,24.5,85.1,63.15,Moderada,Fev,1,Verão,False,28.026,21.8625,4.25,4.8,4.187,PM2.5,22-25 °C,acima de 85%
2019,2,2019-02-01,Nordeste,MA,São Luís,30.31,71.45,20.75,0.93,40.07,26.5,56.2,61.79,Moderada,Fev,1,Verão,False,27.279,17.8625,5.1875,7.44,4.007000000000001,PM2.5,25-28 °C,55-70%
2019,2,2019-02-01,Nordeste,PB,João Pessoa,27.45,80.75,34.75,0.54,33.44,24.6,76.2,61.21,Moderada,Fev,1,Verão,False,24.705,20.1875,8.6875,4.32,3.344,PM2.5,22-25 °C,70-85%
2019,2,2019-02-01,Centro-Oeste,DF,Brasília,43.01,60.13,25.95,0.31,52.36,25.9,50.0,67.91,Moderada,Fev,1,Verão,False,38.708999999999996,15.0325,6.4875,2.48,5.236000000000001,PM2.5,25-28 °C,até 55%
2019,2,2019-02-01,Centro-Oeste,GO,Goiânia,18.69,43.67,20.56,0.92,53.12,23.7,83.0,45.57,Boa,Fev,1,Verão,False,16.821,10.9175,5.14,7.36,5.312,PM2.5,22-25 °C,70-85%
2019,2,2019-02-01,Centro-Oeste,GO,Aparecida de Goiânia,40.89,79.46,29.34,1.22,47.26,19.9,44.7,78.45,Moderada,Fev,1,Verão,False,36.801,19.865,7.335,9.76,4.726,PM2.5,até 22 °C,até 55%
2019,2,2019-02-01,Centro-Oeste,MT,Cuiabá,30.79,58.3,30.91,0.39,37.58,27.9,46.3,56.91,Moderada,Fev,1,Verão,False,27.711,14.575,7.7275,3.12,3.758,PM2.5,25-28 °C,até 55%
2019,2,2019-02-01,Centro-Oeste,MS,Campo Grande,41.54,83.27,37.59,1.75,66.27,26.5,81.0,88.25,Ruim,Fev,1,Verão,True,37.386,20.8175,9.3975,14.0,6.627,PM2.5,25-28 °C,70-85%
2019,2,2019-02-01,Sudeste,SP,São Paulo,38.34,82.79,18.24,0.7,29.04,28.2,74.3,68.26,Moderada,Fev,1,Verão,False,34.50600000000001,20.6975,4.56,5.6,2.904,PM2.5,acima de 28 °C,70-85%
2019,2,2019-02-01,Sudeste,SP,Campinas,44.18,48.26,18.02,1.33,45.96,19.9,71.2,71.58,Moderada,Fev,1,Verão,False,39.762,12.065,4.505,10.64,4.596,PM2.5,até 22 °C,70-85%
2019,2,2019-02-01,Sudeste,SP,Ribeirão Preto,31.66,66.02,26.73,1.19,40.91,18.8,89.9,65.27,Moderada,Fev,1,Verão,False,28.494,16.505,6.6825,9.52,4.091,PM2.5,até 22 °C,acima de 85%
2019,2,2019-02-01,Sudeste,RJ,Rio de Janeiro,25.08,42.44,40.43,1.7,46.74,21.7,77.6,61.57,Moderada,Fev,1,Verão,False,22.572,10.61,10.1075,13.6,4.674,PM2.5,até 22 °C,70-85%
2019,2,2019-02-01,Sudeste,RJ,Niterói,26.41,69.18,30.61,1.24,51.57,22.0,60.5,63.77,Moderada,Fev,1,Verão,False,23.769000000000002,17.295,7.6525,9.92,5.157,PM2.5,até 22 °C,55-70%
2019,2,2019-02-01,Sudeste,RJ,Nova Iguaçu,20.43,71.5,33.09,1.66,37.97,27.5,82.6,61.64,Moderada,Fev,1,Verão,False,18.387,17.875,8.2725,13.28,3.797,PM2.5,25-28 °C,70-85%
2019,2,2019-02-01,Sudeste,RJ,Petrópolis,32.65,65.5,29.42,0.42,34.41,21.2,85.6,59.91,Moderada,Fev,1,Verão,False,29.384999999999998,16.375,7.355,3.36,3.441,PM2.5,até 22 °C,acima de 85%
2019,2,2019-02-01,Sudeste,MG,Belo Horizonte,52.67,81.59,14.43,0.66,45.74,24.2,60.2,81.25,Ruim,Fev,1,Verão,True,47.403000000000006,20.3975,3.6075,5.28,4.574000000000001,PM2.5,22-25 °C,55-70%
2019,2,2019-02-01,Sudeste,MG,Uberlândia,14.97,67.68,20.64,0.72,46.31,27.9,53.6,45.96,Boa,Fev,1,Verão,False,13.473,16.92,5.16,5.76,4.631,PM10,25-28 °C,até 55%
2019,2,2019-02-01,Sudeste,MG,Juiz de Fora,40.86,55.79,27.21,1.32,41.09,24.2,43.1,72.16,Moderada,Fev,1,Verão,False,36.774,13.9475,6.8025,10.56,4.109000000000001,PM2.5,22-25 °C,até 55%
2019,2,2019-02-01,Sudeste,ES,Vitória,32.77,67.08,28.32,1.43,42.57,29.1,49.6,69.03,Moderada,Fev,1,Verão,False,29.493000000000002,16.77,7.08,11.44,4.257000000000001,PM2.5,acima de 28 °C,até 55%
2019,2,2019-02-01,Sudeste,ES,Vila Velha,30.34,26.9,29.7,1.65,39.25,23.6,63.5,58.61,Moderada,Fev,1,Verão,False,27.306,6.725,7.425,13.2,3.9250000000000003,PM2.5,22-25 °C,55-70%
2019,2,2019-02-01,Sudeste,ES,Serra,28.29,93.27,30.32,1.65,46.72,24.9,70.1,74.19,Moderada,Fev,1,Verão,False,25.461,23.3175,7.58,13.2,4.672,PM2.5,22-25 °C,70-85%
2019,2,2019-02-01,Sul,PR,Curitiba,29.66,63.34,10.24,1.78,22.43,25.5,78.6,61.59,Moderada,Fev,1,Verão,False,26.694,15.835,2.56,14.24,2.243,PM2.5,25-28 °C,70-85%
2019,2,2019-02-01,Sul,PR,Londrina,38.16,80.45,10.64,1.77,46.24,25.2,68.2,75.9,Moderada,Fev,1,Verão,False,34.344,20.1125,2.66,14.16,4.6240000000000006,PM2.5,25-28 °C,55-70%
2019,2,2019-02-01,Sul,SC,Florianópolis,19.1,84.12,5.26,0.32,42.94,27.3,83.5,46.35,Boa,Fev,1,Verão,False,17.19,21.03,1.315,2.56,4.294,PM10,25-28 °C,70-85%
2019,2,2019-02-01,Sul,SC,Joinville,42.36,29.72,24.8,0.82,35.44,23.2,72.4,61.88,Moderada,Fev,1,Verão,False,38.124,7.43,6.2,6.56,3.544,PM2.5,22-25 °C,70-85%
2019,2,2019-02-01,Sul,RS,Porto Alegre,24.65,84.87,17.92,0.9,20.25,24.0,53.0,57.13,Moderada,Fev,1,Verão,False,22.185,21.2175,4.48,7.2,2.025,PM2.5,22-25 °C,até 55%
2019,2,2019-02-01,Sul,RS,Caxias do Sul,34.33,62.3,20.59,0.49,17.59,26.2,84.0,57.29,Moderada,Fev,1,Verão,False,30.897,15.575,5.1475,3.92,1.7590000000000001,PM2.5,25-28 °C,70-85%
2019,3,2019-03-01,Norte,AM,Manaus,30.47,77.9,43.26,1.31,48.22,23.5,86.2,73.02,Moderada,Mar,1,Outono,False,27.423,19.475,10.815,10.48,4.822,PM2.5,22-25 °C,acima de 85%
2019,3,2019-03-01,Norte,PA,Belém,39.14,54.23,29.93,1.35,29.7,19.2,67.7,70.07,Moderada,Mar,1,Outono,False,35.226,13.5575,7.4825,10.8,2.97,PM2.5,até 22 °C,55-70%
2019,3,2019-03-01,Norte,PA,Santarém,34.75,54.27,23.57,1.08,43.13,22.9,49.0,63.72,Moderada,Mar,1,Outono,False,31.275000000000002,13.5675,5.8925,8.64,4.313000000000001,PM2.5,22-25 °C,até 55%
2019,3,2019-03-01,Norte,RO,Porto Velho,33.41,56.85,27.92,0.88,31.36,29.9,82.2,61.43,Moderada,Mar,1,Outono,False,30.069,14.2125,6.98,7.04,3.136,PM2.5,acima de 28 °C,70-85%
2019,3,2019-03-01,Norte,TO,Palmas,31.5,83.92,31.46,0.53,39.34,16.9,54.1,65.37,Moderada,Mar,1,Outono,False,28.35,20.98,7.865,4.24,3.9340000000000006,PM2.5,até 22 °C,até 55%
2019,3,2019-03-01,Nordeste,BA,Salvador,36.37,81.01,33.85,0.87,22.89,25.4,74.9,70.69,Moderada,Mar,1,Outono,False,32.733,20.2525,8.4625,6.96,2.289,PM2.5,25-28 °C,70-85%
2019,3,2019-03-01,Nordeste,BA,Feira de Santana,39.18,74.19,27.98,1.63,52.78,25.4,82.5,79.15,Moderada,Mar,1,Outono,False,35.262,18.5475,6.995,13.04,5.2780000000000005,PM2.5,25-28 °C,70-85%
2019,3,2019-03-01,Nordeste,PE,Recife,55.78,74.14,34.45,0.36,38.36,28.9,41.4,84.08,Ruim,Mar,1,Outono,True,50.202000000000005,18.535,8.6125,2.88,3.8360000000000003,PM2.5,acima de 28 °C,até 55%
2019,3,2019-03-01,Nordeste,PE,Jaboatão dos Guararapes,44.26,79.34,17.81,1.66,45.92,24.5,76.8,81.95,Ruim,Mar,1,Outono,True,39.833999999999996,19.835,4.4525,13.28,4.5920000000000005,PM2.5,22-25 °C,70-85%
2019,3,2019-03-01,Nordeste,CE,Fortaleza,24.56,96.91,35.32,1.14,53.45,27.7,80.5,69.63,Moderada,Mar,1,Outono,False,22.104,24.2275,8.83,9.12,5.345000000000001,PM10,25-28 °C,70-85%
2019,3,2019-03-01,Nordeste,CE,Juazeiro do Norte,33.07,74.03,40.88,1.37,48.56,26.2,40.6,74.3,Moderada,Mar,1,Outono,False,29.763,18.5075,10.22,10.96,4.856000000000001,PM2.5,25-28 °C,até 55%
2019,3,2019-03-01,Nordeste,MA,São Luís,17.3,76.55,13.95,1.14,35.7,19.0,63.1,50.93,Moderada,Mar,1,Outono,False,15.57,19.1375,3.4875,9.12,3.5700000000000003,PM10,até 22 °C,55-70%
2019,3,2019-03-01,Nordeste,PB,João Pessoa,64.4,81.26,15.23,1.4,37.7,26.4,40.1,97.05,Ruim,Mar,1,Outono,True,57.96000000000001,20.315,3.8075,11.2,3.7700000000000005,PM2.5,25-28 °C,até 55%
2019,3,2019-03-01,Centro-Oeste,DF,Brasília,41.28,41.43,29.97,1.56,30.09,24.1,47.5,70.49,Moderada,Mar,1,Outono,False,37.152,10.3575,7.4925,12.48,3.0090000000000003,PM2.5,22-25 °C,até 55%
2019,3,2019-03-01,Centro-Oeste,GO,Goiânia,34.88,91.86,30.43,0.74,36.35,22.4,48.8,71.52,Moderada,Mar,1,Outono,False,31.392000000000003,22.965,7.6075,5.92,3.6350000000000002,PM2.5,22-25 °C,até 55%
2019,3,2019-03-01,Centro-Oeste,GO,Aparecida de Goiânia,47.16,92.94,26.95,1.68,45.06,22.9,46.3,90.4,Ruim,Mar,1,Outono,True,42.443999999999996,23.235,6.7375,13.44,4.506,PM2.5,22-25 °C,até 55%
2019,3,2019-03-01,Centro-Oeste,MT,Cuiabá,33.33,70.66,36.13,0.9,34.3,30.5,69.0,67.35,Moderada,Mar,1,Outono,False,29.997,17.665,9.0325,7.2,3.4299999999999997,PM2.5,acima de 28 °C,55-70%
2019,3,2019-03-01,Centro-Oeste,MS,Campo Grande,34.64,75.83,23.2,1.37,34.42,28.4,49.3,70.36,Moderada,Mar,1,Outono,False,31.176000000000002,18.9575,5.8,10.96,3.442,PM2.5,acima de 28 °C,até 55%
2019,3,2019-03-01,Sudeste,SP,São Paulo,46.18,66.89,19.26,1.61,35.71,28.5,90.0,79.59,Moderada,Mar,1,Outono,False,41.562,16.7225,4.815,12.88,3.571,PM2.5,acima de 28 °C,acima de 85%
2019,3,2019-03-01,Sudeste,SP,Campinas,26.23,54.65,31.94,0.96,40.81,27.0,87.7,57.05,Moderada,Mar,1,Outono,False,23.607,13.6625,7.985,7.68,4.081,PM2.5,25-28 °C,acima de 85%
2019,3,2019-03-01,Sudeste,SP,Ribeirão Preto,30.75,65.66,10.0,0.81,41.93,25.5,54.3,57.29,Moderada,Mar,1,Outono,False,27.675,16.415,2.5,6.48,4.1930000000000005,PM2.5,25-28 °C,até 55%
2019,3,2019-03-01,Sudeste,RJ,Rio de Janeiro,34.19,71.43,22.27,1.48,41.47,21.3,76.2,70.16,Moderada,Mar,1,Outono,False,30.770999999999997,17.8575,5.5675,11.84,4.147,PM2.5,até 22 °C,70-85%
2019,3,2019-03-01,Sudeste,RJ,Niterói,40.39,91.87,19.83,1.28,31.91,26.4,86.9,77.74,Moderada,Mar,1,Outono,False,36.351,22.9675,4.9575,10.24,3.1910000000000003,PM2.5,25-28 °C,acima de 85%
2019,3,2019-03-01,Sudeste,RJ,Nova Iguaçu,49.41,56.72,19.24,1.55,41.42,28.3,90.8,80.01,Ruim,Mar,1,Outono,True,44.469,14.18,4.81,12.4,4.142,PM2.5,acima de 28 °C,acima de 85%
2019,3,2019-03-01,Sudeste,RJ,Petrópolis,35.57,53.82,28.85,0.34,39.54,24.2,82.5,59.39,Moderada,Mar,1,Outono,False,32.013,13.455,7.2125,2.72,3.954,PM2.5,22-25 °C,70-85%
2019,3,2019-03-01,Sudeste,MG,Belo Horizonte,29.68,69.35,32.74,0.6,31.01,26.8,79.2,60.16,Moderada,Mar,1,Outono,False,26.712,17.3375,8.185,4.8,3.1010000000000004,PM2.5,25-28 °C,70-85%
2019,3,2019-03-01,Sudeste,MG,Uberlândia,38.3,69.6,29.41,0.59,26.39,23.8,67.8,66.61,Moderada,Mar,1,Outono,False,34.47,17.4,7.3525,4.72,2.6390000000000002,PM2.5,22-25 °C,55-70%
2019,3,2019-03-01,Sudeste,MG,Juiz de Fora,37.55,39.78,19.59,0.81,29.6,21.8,89.8,58.11,Moderada,Mar,1,Outono,False,33.795,9.945,4.8975,6.48,2.9600000000000004,PM2.5,até 22 °C,acima de 85%
2019,3,2019-03-01,Sudeste,ES,Vitória,44.64,82.64,38.48,0.82,14.04,26.4,91.7,78.38,Moderada,Mar,1,Outono,False,40.176,20.66,9.62,6.56,1.404,PM2.5,25-28 °C,acima de 85%
2019,3,2019-03-01,Sudeste,ES,Vila Velha,45.37,98.24,38.13,0.59,49.62,27.8,77.4,84.57,Ruim,Mar,1,Outono,True,40.833,24.56,9.5325,4.72,4.962,PM2.5,25-28 °C,70-85%
2019,3,2019-03-01,Sudeste,ES,Serra,42.29,62.08,12.97,0.68,48.35,23.6,61.7,67.09,Moderada,Mar,1,Outono,False,38.061,15.52,3.2425,5.44,4.835000000000001,PM2.5,22-25 °C,55-70%
2019,3,2019-03-01,Sul,PR,Curitiba,34.1,66.44,3.9,0.56,20.85,23.5,83.9,54.84,Moderada,Mar,1,Outono,False,30.69,16.61,0.975,4.48,2.0850000000000004,PM2.5,22-25 °C,70-85%
2019,3,2019-03-01,Sul,PR,Londrina,41.69,51.95,24.83,0.89,49.13,24.5,81.9,68.77,Moderada,Mar,1,Outono,False,37.521,12.9875,6.2075,7.12,4.913,PM2.5,22-25 °C,70-85%
2019,3,2019-03-01,Sul,SC,Florianópolis,40.39,56.84,35.05,0.66,38.15,25.4,59.9,68.44,Moderada,Mar,1,Outono,False,36.351,14.21,8.7625,5.28,3.815,PM2.5,25-28 °C,55-70%
2019,3,2019-03-01,Sul,SC,Joinville,40.43,66.59,32.28,1.78,32.54,28.0,53.3,78.57,Moderada,Mar,1,Outono,False,36.387,16.6475,8.07,14.24,3.254,PM2.5,25-28 °C,até 55%
2019,3,2019-03-01,Sul,RS,Porto Alegre,42.78,70.25,20.85,0.38,44.13,27.0,87.3,68.74,Moderada,Mar,1,Outono,False,38.502,17.5625,5.2125,3.04,4.413,PM2.5,25-28 °C,acima de 85%
2019,3,2019-03-01,Sul,RS,Caxias do Sul,47.19,84.56,14.63,0.67,26.48,29.4,77.8,75.31,Moderada,Mar,1,Outono,False,42.471,21.14,3.6575,5.36,2.648,PM2.5,acima de 28 °C,70-85%
2019,4,2019-04-01,Norte,AM,Manaus,31.38,90.62,20.64,1.58,33.09,24.9,76.3,72.01,Moderada,Abr,2,Outono,False,28.242,22.655,5.16,12.64,3.3090000000000006,PM2.5,22-25 °C,70-85%
2019,4,2019-04-01,Norte,PA,Belém,42.75,92.12,32.08,0.7,45.38,29.0,79.4,79.7,Moderada,Abr,2,Outono,False,38.475,23.03,8.02,5.6,4.538,PM2.5,acima de 28 °C,70-85%
2019,4,2019-04-01,Norte,PA,Santarém,49.25,111.01,19.95,0.47,43.98,25.6,54.0,85.24,Ruim,Abr,2,Outono,True,44.325,27.7525,4.9875,3.76,4.398,PM2.5,25-28 °C,até 55%
2019,4,2019-04-01,Norte,RO,Porto Velho,15.39,76.91,10.6,0.77,42.42,22.1,94.8,46.14,Boa,Abr,2,Outono,False,13.851,19.2275,2.65,6.16,4.242,PM10,22-25 °C,acima de 85%
2019,4,2019-04-01,Norte,TO,Palmas,34.26,86.56,25.15,0.59,33.87,24.5,80.5,66.89,Moderada,Abr,2,Outono,False,30.834,21.64,6.2875,4.72,3.387,PM2.5,22-25 °C,70-85%
2019,4,2019-04-01,Nordeste,BA,Salvador,38.79,42.01,28.89,1.3,16.63,20.5,90.5,64.74,Moderada,Abr,2,Outono,False,34.911,10.5025,7.2225,10.4,1.663,PM2.5,até 22 °C,acima de 85%
2019,4,2019-04-01,Nordeste,BA,Feira de Santana,40.13,86.27,23.74,1.29,36.15,20.5,76.8,77.53,Moderada,Abr,2,Outono,False,36.117000000000004,21.5675,5.935,10.32,3.615,PM2.5,até 22 °C,70-85%
2019,4,2019-04-01,Nordeste,PE,Recife,35.18,60.73,24.95,0.69,48.81,23.2,53.6,63.47,Moderada,Abr,2,Outono,False,31.662,15.1825,6.2375,5.52,4.881,PM2.5,22-25 °C,até 55%
2019,4,2019-04-01,Nordeste,PE,Jaboatão dos Guararapes,15.98,79.01,19.73,1.79,48.13,20.5,75.0,58.22,Moderada,Abr,2,Outono,False,14.382000000000001,19.7525,4.9325,14.32,4.813000000000001,PM10,até 22 °C,70-85%
2019,4,2019-04-01,Nordeste,CE,Fortaleza,37.37,84.7,26.74,0.36,62.2,28.3,90.2,70.61,Moderada,Abr,2,Outono,False,33.632999999999996,21.175,6.685,2.88,6.220000000000001,PM2.5,acima de 28 °C,acima de 85%
2019,4,2019-04-01,Nordeste,CE,Juazeiro do Norte,30.54,62.14,18.33,0.45,43.59,26.6,76.9,55.58,Moderada,Abr,2,Outono,False,27.486,15.535,4.5825,3.6,4.359000000000001,PM2.5,25-28 °C,70-85%
2019,4,2019-04-01,Nordeste,MA,São Luís,34.33,61.01,25.84,1.29,19.33,25.4,90.7,64.85,Moderada,Abr,2,Outono,False,30.897,15.2525,6.46,10.32,1.9329999999999998,PM2.5,25-28 °C,acima de 85%
2019,4,2019-04-01,Nordeste,PB,João Pessoa,38.49,80.92,32.02,0.74,26.01,29.9,41.6,71.4,Moderada,Abr,2,Outono,False,34.641000000000005,20.23,8.005,5.92,2.6010000000000004,PM2.5,acima de 28 °C,até 55%
2019,4,2019-04-01,Centro-Oeste,DF,Brasília,26.33,81.11,25.0,1.53,40.7,26.3,76.0,66.54,Moderada,Abr,2,Outono,False,23.697,20.2775,6.25,12.24,4.07,PM2.5,25-28 °C,70-85%
2019,4,2019-04-01,Centro-Oeste,GO,Goiânia,11.45,38.89,25.4,1.63,38.98,22.6,76.2,43.32,Boa,Abr,2,Outono,False,10.305,9.7225,6.35,13.04,3.8979999999999997,CO,22-25 °C,70-85%
2019,4,2019-04-01,Centro-Oeste,GO,Aparecida de Goiânia,58.08,78.89,25.59,1.31,48.28,30.2,44.1,93.71,Ruim,Abr,2,Outono,True,52.272,19.7225,6.3975,10.48,4.828,PM2.5,acima de 28 °C,até 55%
2019,4,2019-04-01,Centro-Oeste,MT,Cuiabá,46.76,77.06,21.6,1.43,39.59,23.0,80.0,82.15,Ruim,Abr,2,Outono,True,42.083999999999996,19.265,5.4,11.44,3.9590000000000005,PM2.5,22-25 °C,70-85%
2019,4,2019-04-01,Centro-Oeste,MS,Campo Grande,20.97,108.21,22.33,1.7,34.99,27.5,40.6,68.64,Moderada,Abr,2,Outono,False,18.873,27.0525,5.5825,13.6,3.4990000000000006,PM10,25-28 °C,até 55%
2019,4,2019-04-01,Sudeste,SP,São Paulo,44.27,65.05,27.6,1.56,53.5,21.2,77.2,80.82,Ruim,Abr,2,Outono,True,39.843,16.2625,6.9,12.48,5.3500000000000005,PM2.5,até 22 °C,70-85%
2019,4,2019-04-01,Sudeste,SP,Campinas,46.4,38.39,39.85,1.51,40.55,22.2,70.0,77.44,Moderada,Abr,2,Outono,False,41.76,9.5975,9.9625,12.08,4.055,PM2.5,22-25 °C,55-70%
2019,4,2019-04-01,Sudeste,SP,Ribeirão Preto,29.07,67.55,34.75,1.58,63.78,27.8,84.5,70.74,Moderada,Abr,2,Outono,False,26.163,16.8875,8.6875,12.64,6.378,PM2.5,25-28 °C,70-85%
2019,4,2019-04-01,Sudeste,RJ,Rio de Janeiro,23.63,78.33,41.57,0.41,51.21,22.4,63.6,59.66,Moderada,Abr,2,Outono,False,21.267,19.5825,10.3925,3.28,5.121,PM2.5,22-25 °C,55-70%
2019,4,2019-04-01,Sudeste,RJ,Niterói,44.36,71.66,28.23,1.53,26.92,21.6,64.1,79.83,Moderada,Abr,2,Outono,False,39.924,17.915,7.0575,12.24,2.692,PM2.5,até 22 °C,55-70%
2019,4,2019-04-01,Sudeste,RJ,Nova Iguaçu,28.31,67.35,12.05,1.51,43.37,22.6,48.7,61.75,Moderada,Abr,2,Outono,False,25.479,16.8375,3.0125,12.08,4.337,PM2.5,22-25 °C,até 55%
2019,4,2019-04-01,Sudeste,RJ,Petrópolis,29.67,68.78,27.68,0.79,61.39,23.4,51.6,63.27,Moderada,Abr,2,Outono,False,26.703000000000003,17.195,6.92,6.32,6.139,PM2.5,22-25 °C,até 55%
2019,4,2019-04-01,Sudeste,MG,Belo Horizonte,46.64,94.71,27.4,0.51,32.75,22.4,88.2,79.89,Moderada,Abr,2,Outono,False,41.976,23.6775,6.85,4.08,3.2750000000000004,PM2.5,22-25 °C,acima de 85%
2019,4,2019-04-01,Sudeste,MG,Uberlândia,51.9,95.34,18.2,1.78,30.17,27.5,59.3,92.36,Ruim,Abr,2,Outono,True,46.71,23.835,4.55,14.24,3.0170000000000003,PM2.5,25-28 °C,55-70%
2019,4,2019-04-01,Sudeste,MG,Juiz de Fora,27.63,26.28,12.06,1.72,52.29,24.7,71.5,53.46,Moderada,Abr,2,Outono,False,24.867,6.57,3.015,13.76,5.229,PM2.5,22-25 °C,70-85%
2019,4,2019-04-01,Sudeste,ES,Vitória,20.21,117.58,32.07,1.39,33.72,21.3,45.6,70.11,Moderada,Abr,2,Outono,False,18.189,29.395,8.0175,11.12,3.372,PM10,até 22 °C,até 55%
2019,4,2019-04-01,Sudeste,ES,Vila Velha,22.29,72.31,26.1,1.11,25.74,24.3,56.5,56.1,Moderada,Abr,2,Outono,False,20.061,18.0775,6.525,8.88,2.574,PM2.5,22-25 °C,55-70%
2019,4,2019-04-01,Sudeste,ES,Serra,43.7,69.72,16.83,0.85,62.53,23.7,60.3,74.0,Moderada,Abr,2,Outono,False,39.330000000000005,17.43,4.2075,6.8,6.253,PM2.5,22-25 °C,55-70%
2019,4,2019-04-01,Sul,PR,Curitiba,34.13,68.75,26.19,1.55,35.28,25.7,69.2,70.42,Moderada,Abr,2,Outono,False,30.717000000000002,17.1875,6.5475,12.4,3.5280000000000005,PM2.5,25-28 °C,55-70%
2019,4,2019-04-01,Sul,PR,Londrina,33.71,27.75,33.29,1.25,24.89,26.9,45.5,58.1,Moderada,Abr,2,Outono,False,30.339000000000002,6.9375,8.3225,10.0,2.4890000000000003,PM2.5,25-28 °C,até 55%
2019,4,2019-04-01,Sul,SC,Florianópolis,27.38,92.3,10.38,0.64,40.37,25.8,50.6,59.48,Moderada,Abr,2,Outono,False,24.642,23.075,2.595,5.12,4.037,PM2.5,25-28 °C,até 55%
2019,4,2019-04-01,Sul,SC,Joinville,44.73,71.69,21.22,0.42,44.44,25.4,76.2,71.32,Moderada,Abr,2,Outono,False,40.257,17.9225,5.305,3.36,4.444,PM2.5,25-28 °C,70-85%
2019,4,2019-04-01,Sul,RS,Porto Alegre,48.66,68.53,38.56,1.24,44.25,19.4,73.3,84.93,Ruim,Abr,2,Outono,True,43.794,17.1325,9.64,9.92,4.425,PM2.5,até 22 °C,70-85%
2019,4,2019-04-01,Sul,RS,Caxias do Sul,21.09,92.68,18.43,1.18,30.92,24.5,65.9,59.27,Moderada,Abr,2,Outono,False,18.981,23.17,4.6075,9.44,3.0920000000000005,PM10,22-25 °C,55-70%
2019,5,2019-05-01,Norte,AM,Manaus,33.6,49.88,30.91,1.08,34.06,23.4,89.6,62.48,Moderada,Mai,2,Outono,False,30.240000000000002,12.47,7.7275,8.64,3.4060000000000006,PM2.5,22-25 °C,acima de 85%
2019,5,2019-05-01,Norte,PA,Belém,31.78,51.33,30.13,1.36,48.43,22.0,49.2,64.67,Moderada,Mai,2,Outono,False,28.602,12.8325,7.5325,10.88,4.843,PM2.5,até 22 °C,até 55%
2019,5,2019-05-01,Norte,PA,Santarém,46.0,77.49,31.35,0.81,42.65,22.0,88.7,79.38,Moderada,Mai,2,Outono,False,41.4,19.3725,7.8375,6.48,4.265,PM2.5,até 22 °C,acima de 85%
2019,5,2019-05-01,Norte,RO,Porto Velho,21.85,69.99,18.45,0.98,39.61,23.7,63.0,53.54,Moderada,Mai,2,Outono,False,19.665000000000003,17.4975,4.6125,7.84,3.9610000000000003,PM2.5,22-25 °C,55-70%
2019,5,2019-05-01,Norte,TO,Palmas,46.42,93.43,39.16,1.37,40.15,23.3,87.1,89.9,Ruim,Mai,2,Outono,True,41.778000000000006,23.3575,9.79,10.96,4.015,PM2.5,22-25 °C,acima de 85%
2019,5,2019-05-01,Nordeste,BA,Salvador,43.72,66.68,20.46,1.66,43.21,27.1,51.1,78.72,Moderada,Mai,2,Outono,False,39.348,16.67,5.115,13.28,4.321000000000001,PM2.5,25-28 °C,até 55%
2019,5,2019-05-01,Nordeste,BA,Feira de Santana,39.87,61.83,17.05,0.43,49.51,23.4,90.7,63.96,Moderada,Mai,2,Outono,False,35.882999999999996,15.4575,4.2625,3.44,4.9510000000000005,PM2.5,22-25 °C,acima de 85%
2019,5,2019-05-01,Nordeste,PE,Recife,28.79,60.57,22.52,0.9,34.2,23.9,48.9,57.27,Moderada,Mai,2,Outono,False,25.911,15.1425,5.63,7.2,3.4200000000000004,PM2.5,22-25 °C,até 55%
2019,5,2019-05-01,Nordeste,PE,Jaboatão dos Guararapes,28.84,110.45,22.67,0.99,40.49,29.5,82.7,71.17,Moderada,Mai,2,Outono,False,25.956,27.6125,5.6675,7.92,4.049,PM10,acima de 28 °C,70-85%
2019,5,2019-05-01,Nordeste,CE,Fortaleza,42.84,69.62,27.66,1.1,37.84,26.9,43.0,75.48,Moderada,Mai,2,Outono,False,38.556000000000004,17.405,6.915,8.8,3.7840000000000007,PM2.5,25-28 °C,até 55%
2019,5,2019-05-01,Nordeste,CE,Juazeiro do Norte,32.23,82.3,12.62,0.31,38.71,30.4,85.0,59.05,Moderada,Mai,2,Outono,False,29.006999999999998,20.575,3.155,2.48,3.8710000000000004,PM2.5,acima de 28 °C,70-85%
2019,5,2019-05-01,Nordeste,MA,São Luís,39.33,56.13,23.04,0.53,32.57,22.7,73.9,62.71,Moderada,Mai,2,Outono,False,35.397,14.0325,5.76,4.24,3.257,PM2.5,22-25 °C,70-85%
2019,5,2019-05-01,Nordeste,PB,João Pessoa,41.26,81.17,20.46,0.87,46.53,23.5,70.6,74.15,Moderada,Mai,2,Outono,False,37.134,20.2925,5.115,6.96,4.6530000000000005,PM2.5,22-25 °C,70-85%
2019,5,2019-05-01,Centro-Oeste,DF,Brasília,38.56,84.89,31.13,0.77,54.54,26.7,87.0,75.31,Moderada,Mai,2,Outono,False,34.704,21.2225,7.7825,6.16,5.454000000000001,PM2.5,25-28 °C,acima de 85%
2019,5,2019-05-01,Centro-Oeste,GO,Goiânia,32.56,68.65,31.46,1.32,27.76,29.0,61.0,67.64,Moderada,Mai,2,Outono,False,29.304000000000002,17.1625,7.865,10.56,2.7760000000000002,PM2.5,acima de 28 °C,55-70%
2019,5,2019-05-01,Centro-Oeste,GO,Aparecida de Goiânia,27.8,53.33,32.05,1.22,63.06,32.2,88.6,62.41,Moderada,Mai,2,Outono,False,25.02,13.3325,8.0125,9.76,6.306000000000001,PM2.5,acima de 28 °C,acima de 85%
2019,5,2019-05-01,Centro-Oeste,MT,Cuiabá,27.65,47.56,31.37,1.76,34.68,21.1,75.9,62.13,Moderada,Mai,2,Outono,False,24.884999999999998,11.89,7.8425,14.08,3.468,PM2.5,até 22 °C,70-85%
2019,5,2019-05-01,Centro-Oeste,MS,Campo Grande,52.4,64.25,15.21,0.47,37.62,26.6,51.4,74.54,Moderada,Mai,2,Outono,False,47.16,16.0625,3.8025,3.76,3.762,PM2.5,25-28 °C,até 55%
2019,5,2019-05-01,Sudeste,SP,São Paulo,35.03,72.95,32.65,0.72,49.05,21.2,92.5,68.63,Moderada,Mai,2,Outono,False,31.527,18.2375,8.1625,5.76,4.905,PM2.5,até 22 °C,acima de 85%
2019,5,2019-05-01,Sudeste,SP,Campinas,32.89,78.93,34.62,1.74,41.83,25.2,49.2,76.09,Moderada,Mai,2,Outono,False,29.601000000000003,19.7325,8.655,13.92,4.183,PM2.5,25-28 °C,até 55%
2019,5,2019-05-01,Sudeste,SP,Ribeirão Preto,36.22,80.62,10.56,1.76,46.42,29.4,71.7,74.15,Moderada,Mai,2,Outono,False,32.598,20.155,2.64,14.08,4.642,PM2.5,acima de 28 °C,70-85%
2019,5,2019-05-01,Sudeste,RJ,Rio de Janeiro,34.17,68.91,21.45,1.15,46.28,20.9,72.4,67.19,Moderada,Mai,2,Outono,False,30.753000000000004,17.2275,5.3625,9.2,4.628,PM2.5,até 22 °C,70-85%
2019,5,2019-05-01,Sudeste,RJ,Niterói,37.35,74.23,36.65,0.44,46.45,24.9,65.3,69.49,Moderada,Mai,2,Outono,False,33.615,18.5575,9.1625,3.52,4.6450000000000005,PM2.5,22-25 °C,55-70%
2019,5,2019-05-01,Sudeste,RJ,Nova Iguaçu,21.19,87.26,33.43,0.79,35.97,26.6,64.2,59.13,Moderada,Mai,2,Outono,False,19.071,21.815,8.3575,6.32,3.597,PM10,25-28 °C,55-70%
2019,5,2019-05-01,Sudeste,RJ,Petrópolis,51.09,49.54,13.3,0.36,48.31,24.1,61.7,69.4,Moderada,Mai,2,Outono,False,45.981,12.385,3.325,2.88,4.831,PM2.5,22-25 °C,55-70%
2019,5,2019-05-01,Sudeste,MG,Belo Horizonte,26.18,68.16,33.44,0.77,31.22,20.9,44.8,58.22,Moderada,Mai,2,Outono,False,23.562,17.04,8.36,6.16,3.122,PM2.5,até 22 °C,até 55%
2019,5,2019-05-01,Sudeste,MG,Uberlândia,38.42,76.38,28.07,1.76,40.55,29.2,94.3,78.83,Moderada,Mai,2,Outono,False,34.578,19.095,7.0175,14.08,4.055,PM2.5,acima de 28 °C,acima de 85%
2019,5,2019-05-01,Sudeste,MG,Juiz de Fora,47.26,52.46,29.74,1.15,33.73,27.1,85.7,75.69,Moderada,Mai,2,Outono,False,42.534,13.115,7.435,9.2,3.3729999999999998,PM2.5,25-28 °C,acima de 85%
2019,5,2019-05-01,Sudeste,ES,Vitória,45.82,75.56,26.95,1.2,57.49,26.2,86.0,82.2,Ruim,Mai,2,Outono,True,41.238,18.89,6.7375,9.6,5.7490000000000006,PM2.5,25-28 °C,acima de 85%
2019,5,2019-05-01,Sudeste,ES,Vila Velha,36.06,48.25,26.84,1.38,38.93,19.4,90.5,66.16,Moderada,Mai,2,Outono,False,32.454,12.0625,6.71,11.04,3.8930000000000002,PM2.5,até 22 °C,acima de 85%
2019,5,2019-05-01,Sudeste,ES,Serra,50.68,43.57,28.57,1.25,48.82,21.6,56.9,78.5,Moderada,Mai,2,Outono,False,45.612,10.8925,7.1425,10.0,4.882000000000001,PM2.5,até 22 °C,55-70%
2019,5,2019-05-01,Sul,PR,Curitiba,32.97,52.08,29.07,0.44,34.53,29.0,82.0,56.96,Moderada,Mai,2,Outono,False,29.673,13.02,7.2675,3.52,3.4530000000000003,PM2.5,acima de 28 °C,70-85%
2019,5,2019-05-01,Sul,PR,Londrina,28.61,75.83,21.88,0.87,54.24,25.4,73.5,62.57,Moderada,Mai,2,Outono,False,25.749,18.9575,5.47,6.96,5.424,PM2.5,25-28 °C,70-85%
2019,5,2019-05-01,Sul,SC,Florianópolis,40.77,81.8,32.63,1.77,44.88,24.6,65.8,83.94,Ruim,Mai,2,Outono,True,36.693000000000005,20.45,8.1575,14.16,4.488,PM2.5,22-25 °C,55-70%
2019,5,2019-05-01,Sul,SC,Joinville,19.41,48.02,28.23,1.17,47.1,27.3,87.6,50.63,Moderada,Mai,2,Outono,False,17.469,12.005,7.0575,9.36,4.71,PM2.5,25-28 °C,acima de 85%
2019,5,2019-05-01,Sul,RS,Porto Alegre,30.61,57.24,7.22,1.28,57.77,24.9,72.8,59.7,Moderada,Mai,2,Outono,False,27.549,14.31,1.805,10.24,5.777000000000001,PM2.5,22-25 °C,70-85%
2019,5,2019-05-01,Sul,RS,Caxias do Sul,40.68,67.67,31.91,1.46,52.51,25.4,87.7,78.42,Moderada,Mai,2,Outono,False,36.612,16.9175,7.9775,11.68,5.251,PM2.5,25-28 °C,acima de 85%
2019,6,2019-06-01,Norte,AM,Manaus,37.55,39.09,10.94,0.71,46.51,23.9,73.2,56.63,Moderada,Jun,2,Inverno,False,33.795,9.7725,2.735,5.68,4.651,PM2.5,22-25 °C,70-85%
2019,6,2019-06-01,Norte,PA,Belém,38.75,38.64,23.11,1.6,42.97,22.0,73.2,67.42,Moderada,Jun,2,Inverno,False,34.875,9.66,5.7775,12.8,4.297,PM2.5,até 22 °C,70-85%
2019,6,2019-06-01,Norte,PA,Santarém,43.37,84.0,32.51,0.57,47.43,28.1,60.6,77.47,Moderada,Jun,2,Inverno,False,39.033,21.0,8.1275,4.56,4.743,PM2.5,acima de 28 °C,55-70%
2019,6,2019-06-01,Norte,RO,Porto Velho,25.09,82.19,26.56,1.72,50.71,24.7,83.6,68.59,Moderada,Jun,2,Inverno,False,22.581,20.5475,6.64,13.76,5.071000000000001,PM2.5,22-25 °C,70-85%
2019,6,2019-06-01,Norte,TO,Palmas,41.05,93.16,24.28,0.97,44.92,25.0,93.3,78.53,Moderada,Jun,2,Inverno,False,36.945,23.29,6.07,7.76,4.492,PM2.5,22-25 °C,acima de 85%
2019,6,2019-06-01,Nordeste,BA,Salvador,37.81,48.27,41.01,0.53,44.58,20.2,71.6,65.07,Moderada,Jun,2,Inverno,False,34.029,12.0675,10.2525,4.24,4.458,PM2.5,até 22 °C,70-85%
2019,6,2019-06-01,Nordeste,BA,Feira de Santana,32.55,69.03,22.38,0.42,41.96,29.1,50.5,59.66,Moderada,Jun,2,Inverno,False,29.294999999999998,17.2575,5.595,3.36,4.196000000000001,PM2.5,acima de 28 °C,até 55%
2019,6,2019-06-01,Nordeste,PE,Recife,41.55,70.83,29.79,1.67,54.59,19.3,89.0,81.38,Ruim,Jun,2,Inverno,True,37.394999999999996,17.7075,7.4475,13.36,5.4590000000000005,PM2.5,até 22 °C,acima de 85%
2019,6,2019-06-01,Nordeste,PE,Jaboatão dos Guararapes,17.36,45.69,23.94,1.21,27.82,24.1,72.5,45.53,Boa,Jun,2,Inverno,False,15.624,11.4225,5.985,9.68,2.782,PM2.5,22-25 °C,70-85%
2019,6,2019-06-01,Nordeste,CE,Fortaleza,33.75,99.74,25.65,1.68,31.92,25.2,79.4,78.39,Moderada,Jun,2,Inverno,False,30.375,24.935,6.4125,13.44,3.192,PM2.5,25-28 °C,70-85%
2019,6,2019-06-01,Nordeste,CE,Juazeiro do Norte,41.87,59.41,15.14,1.61,49.24,28.8,50.5,74.14,Moderada,Jun,2,Inverno,False,37.683,14.8525,3.785,12.88,4.924,PM2.5,acima de 28 °C,até 55%
2019,6,2019-06-01,Nordeste,MA,São Luís,35.68,44.71,35.31,1.11,30.27,23.8,54.1,64.02,Moderada,Jun,2,Inverno,False,32.112,11.1775,8.8275,8.88,3.027,PM2.5,22-25 °C,até 55%
2019,6,2019-06-01,Nordeste,PB,João Pessoa,35.83,83.37,24.96,0.86,33.81,22.3,70.7,69.6,Moderada,Jun,2,Inverno,False,32.247,20.8425,6.24,6.88,3.3810000000000002,PM2.5,22-25 °C,70-85%
2019,6,2019-06-01,Centro-Oeste,DF,Brasília,43.13,61.32,23.2,0.39,24.41,21.4,73.9,65.54,Moderada,Jun,2,Inverno,False,38.817,15.33,5.8,3.12,2.4410000000000003,PM2.5,até 22 °C,70-85%
2019,6,2019-06-01,Centro-Oeste,GO,Goiânia,44.67,95.38,12.68,1.36,38.36,25.0,56.4,81.92,Ruim,Jun,2,Inverno,True,40.203,23.845,3.17,10.88,3.8360000000000003,PM2.5,22-25 °C,55-70%
2019,6,2019-06-01,Centro-Oeste,GO,Aparecida de Goiânia,29.0,92.07,28.16,0.77,36.87,21.8,88.4,66.0,Moderada,Jun,2,Inverno,False,26.1,23.0175,7.04,6.16,3.687,PM2.5,até 22 °C,acima de 85%
2019,6,2019-06-01,Centro-Oeste,MT,Cuiabá,33.03,73.37,40.63,1.08,42.8,25.8,64.5,71.15,Moderada,Jun,2,Inverno,False,29.727,18.3425,10.1575,8.64,4.28,PM2.5,25-28 °C,55-70%
2019,6,2019-06-01,Centro-Oeste,MS,Campo Grande,27.61,56.23,20.5,0.8,30.85,25.8,57.6,53.48,Moderada,Jun,2,Inverno,False,24.849,14.0575,5.125,6.4,3.0850000000000004,PM2.5,25-28 °C,55-70%
2019,6,2019-06-01,Sudeste,SP,São Paulo,33.49,77.86,24.89,1.6,39.67,20.0,68.7,72.58,Moderada,Jun,2,Inverno,False,30.141000000000002,19.465,6.2225,12.8,3.9670000000000005,PM2.5,até 22 °C,55-70%
2019,6,2019-06-01,Sudeste,SP,Campinas,57.83,82.22,13.99,1.04,46.04,24.1,81.1,89.02,Ruim,Jun,2,Inverno,True,52.047,20.555,3.4975,8.32,4.604,PM2.5,22-25 °C,70-85%
2019,6,2019-06-01,Sudeste,SP,Ribeirão Preto,39.21,53.67,33.77,0.34,45.76,26.2,94.8,64.48,Moderada,Jun,2,Inverno,False,35.289,13.4175,8.4425,2.72,4.576,PM2.5,25-28 °C,acima de 85%
2019,6,2019-06-01,Sudeste,RJ,Rio de Janeiro,48.5,92.61,37.53,0.91,36.86,21.9,78.3,87.16,Ruim,Jun,2,Inverno,True,43.65,23.1525,9.3825,7.28,3.686,PM2.5,até 22 °C,70-85%
2019,6,2019-06-01,Sudeste,RJ,Niterói,34.83,85.89,17.02,0.94,46.72,25.7,57.1,69.23,Moderada,Jun,2,Inverno,False,31.346999999999998,21.4725,4.255,7.52,4.672,PM2.5,25-28 °C,55-70%
2019,6,2019-06-01,Sudeste,RJ,Nova Iguaçu,26.83,49.69,24.9,1.09,28.2,22.4,65.1,54.3,Moderada,Jun,2,Inverno,False,24.147,12.4225,6.225,8.72,2.8200000000000003,PM2.5,22-25 °C,55-70%
2019,6,2019-06-01,Sudeste,RJ,Petrópolis,50.98,70.04,24.66,1.59,47.52,27.1,69.3,87.02,Ruim,Jun,2,Inverno,True,45.882,17.51,6.165,12.72,4.752000000000001,PM2.5,25-28 °C,55-70%
2019,6,2019-06-01,Sudeste,MG,Belo Horizonte,36.79,60.53,22.52,1.4,40.85,21.2,53.5,69.18,Moderada,Jun,2,Inverno,False,33.111,15.1325,5.63,11.2,4.085,PM2.5,até 22 °C,até 55%
2019,6,2019-06-01,Sudeste,MG,Uberlândia,37.3,59.76,17.3,1.53,36.62,26.6,40.6,68.71,Moderada,Jun,2,Inverno,False,33.57,14.94,4.325,12.24,3.662,PM2.5,25-28 °C,até 55%
2019,6,2019-06-01,Sudeste,MG,Juiz de Fora,38.01,67.18,11.43,0.63,48.66,27.6,62.3,63.77,Moderada,Jun,2,Inverno,False,34.208999999999996,16.795,2.8575,5.04,4.866,PM2.5,25-28 °C,55-70%
2019,6,2019-06-01,Sudeste,ES,Vitória,48.06,51.33,33.67,1.37,40.92,22.7,40.7,79.54,Moderada,Jun,2,Inverno,False,43.254000000000005,12.8325,8.4175,10.96,4.0920000000000005,PM2.5,22-25 °C,até 55%
2019,6,2019-06-01,Sudeste,ES,Vila Velha,54.42,67.89,34.96,0.45,26.64,26.3,51.1,80.99,Ruim,Jun,2,Inverno,True,48.978,16.9725,8.74,3.6,2.664,PM2.5,25-28 °C,até 55%
2019,6,2019-06-01,Sudeste,ES,Serra,46.02,43.89,22.78,0.96,37.47,29.4,47.9,69.48,Moderada,Jun,2,Inverno,False,41.418000000000006,10.9725,5.695,7.68,3.747,PM2.5,acima de 28 °C,até 55%
2019,6,2019-06-01,Sul,PR,Curitiba,53.76,83.01,39.65,1.13,32.93,22.9,54.0,91.39,Ruim,Jun,2,Inverno,True,48.384,20.7525,9.9125,9.04,3.293,PM2.5,22-25 °C,até 55%
2019,6,2019-06-01,Sul,PR,Londrina,35.8,63.85,23.71,1.47,60.66,25.9,62.2,71.96,Moderada,Jun,2,Inverno,False,32.22,15.9625,5.9275,11.76,6.066,PM2.5,25-28 °C,55-70%
2019,6,2019-06-01,Sul,SC,Florianópolis,46.75,97.35,34.89,1.26,51.31,23.8,85.8,90.35,Ruim,Jun,2,Inverno,True,42.075,24.3375,8.7225,10.08,5.131,PM2.5,22-25 °C,acima de 85%
2019,6,2019-06-01,Sul,SC,Joinville,44.57,85.69,32.13,1.16,30.47,27.0,62.8,81.86,Ruim,Jun,2,Inverno,True,40.113,21.4225,8.0325,9.28,3.047,PM2.5,25-28 °C,55-70%
2019,6,2019-06-01,Sul,RS,Porto Alegre,31.14,65.79,33.32,0.51,40.12,21.1,83.5,60.92,Moderada,Jun,2,Inverno,False,28.026,16.4475,8.33,4.08,4.012,PM2.5,até 22 °C,70-85%
2019,6,2019-06-01,Sul,RS,Caxias do Sul,46.44,56.01,18.65,1.01,37.42,23.5,63.8,72.31,Moderada,Jun,2,Inverno,False,41.796,14.0025,4.6625,8.08,3.7420000000000004,PM2.5,22-25 °C,55-70%
2019,7,2019-07-01,Norte,AM,Manaus,33.32,53.0,10.23,1.2,28.38,24.2,89.1,58.22,Moderada,Jul,3,Inverno,False,29.988,13.25,2.5575,9.6,2.838,PM2.5,22-25 °C,acima de 85%
2019,7,2019-07-01,Norte,PA,Belém,30.71,39.56,38.32,0.71,40.3,25.8,66.8,56.83,Moderada,Jul,3,Inverno,False,27.639000000000003,9.89,9.58,5.68,4.03,PM2.5,25-28 °C,55-70%
2019,7,2019-07-01,Norte,PA,Santarém,24.54,78.02,31.81,1.12,37.29,28.5,93.3,62.22,Moderada,Jul,3,Inverno,False,22.086,19.505,7.9525,8.96,3.729,PM2.5,acima de 28 °C,acima de 85%
2019,7,2019-07-01,Norte,RO,Porto Velho,40.41,91.25,26.52,1.72,36.9,25.4,47.5,83.23,Ruim,Jul,3,Inverno,True,36.369,22.8125,6.63,13.76,3.69,PM2.5,25-28 °C,até 55%
2019,7,2019-07-01,Norte,TO,Palmas,50.76,67.68,18.95,0.8,49.36,33.0,47.1,78.64,Moderada,Jul,3,Inverno,False,45.684,16.92,4.7375,6.4,4.936,PM2.5,acima de 28 °C,até 55%
2019,7,2019-07-01,Nordeste,BA,Salvador,40.87,107.43,24.49,0.58,48.85,25.8,59.7,79.28,Moderada,Jul,3,Inverno,False,36.783,26.8575,6.1225,4.64,4.885000000000001,PM2.5,25-28 °C,55-70%
2019,7,2019-07-01,Nordeste,BA,Feira de Santana,34.72,71.45,29.91,1.19,25.62,30.8,75.6,68.69,Moderada,Jul,3,Inverno,False,31.248,17.8625,7.4775,9.52,2.5620000000000003,PM2.5,acima de 28 °C,70-85%
2019,7,2019-07-01,Nordeste,PE,Recife,42.88,86.34,24.36,1.33,22.48,23.3,51.3,79.17,Moderada,Jul,3,Inverno,False,38.592000000000006,21.585,6.09,10.64,2.248,PM2.5,22-25 °C,até 55%
2019,7,2019-07-01,Nordeste,PE,Jaboatão dos Guararapes,30.17,51.69,14.7,1.62,50.87,25.8,90.4,61.79,Moderada,Jul,3,Inverno,False,27.153000000000002,12.9225,3.675,12.96,5.087,PM2.5,25-28 °C,acima de 85%
2019,7,2019-07-01,Nordeste,CE,Fortaleza,54.58,36.47,29.09,1.01,12.16,24.5,43.0,74.78,Moderada,Jul,3,Inverno,False,49.122,9.1175,7.2725,8.08,1.2160000000000002,PM2.5,22-25 °C,até 55%
2019,7,2019-07-01,Nordeste,CE,Juazeiro do Norte,20.9,52.42,32.12,1.33,41.79,25.0,86.5,54.73,Moderada,Jul,3,Inverno,False,18.81,13.105,8.03,10.64,4.179,PM2.5,22-25 °C,acima de 85%
2019,7,2019-07-01,Nordeste,MA,São Luís,36.17,82.7,7.71,0.98,38.31,22.9,51.5,66.84,Moderada,Jul,3,Inverno,False,32.553000000000004,20.675,1.9275,7.84,3.8310000000000004,PM2.5,22-25 °C,até 55%
2019,7,2019-07-01,Nordeste,PB,João Pessoa,33.08,80.35,14.42,0.83,58.46,27.1,92.6,65.96,Moderada,Jul,3,Inverno,False,29.772,20.0875,3.605,6.64,5.846,PM2.5,25-28 °C,acima de 85%
2019,7,2019-07-01,Centro-Oeste,DF,Brasília,32.05,77.86,18.39,0.88,44.35,27.0,82.1,64.37,Moderada,Jul,3,Inverno,False,28.845,19.465,4.5975,7.04,4.4350000000000005,PM2.5,25-28 °C,70-85%
2019,7,2019-07-01,Centro-Oeste,GO,Goiânia,25.18,55.3,24.71,1.63,55.12,28.5,75.4,61.22,Moderada,Jul,3,Inverno,False,22.662,13.825,6.1775,13.04,5.5120000000000005,PM2.5,acima de 28 °C,70-85%
2019,7,2019-07-01,Centro-Oeste,GO,Aparecida de Goiânia,39.48,78.14,13.85,0.55,49.51,23.0,43.7,67.86,Moderada,Jul,3,Inverno,False,35.532,19.535,3.4625,4.4,4.9510000000000005,PM2.5,22-25 °C,até 55%
2019,7,2019-07-01,Centro-Oeste,MT,Cuiabá,51.93,70.5,18.54,1.13,30.85,24.4,52.0,81.12,Ruim,Jul,3,Inverno,True,46.737,17.625,4.635,9.04,3.0850000000000004,PM2.5,22-25 °C,até 55%
2019,7,2019-07-01,Centro-Oeste,MS,Campo Grande,31.5,58.57,19.4,1.76,44.6,25.7,57.4,66.42,Moderada,Jul,3,Inverno,False,28.35,14.6425,4.85,14.08,4.46,PM2.5,25-28 °C,55-70%
2019,7,2019-07-01,Sudeste,SP,São Paulo,28.24,89.35,16.24,1.34,28.78,26.3,57.4,65.44,Moderada,Jul,3,Inverno,False,25.416,22.3375,4.06,10.72,2.878,PM2.5,25-28 °C,55-70%
2019,7,2019-07-01,Sudeste,SP,Campinas,33.05,71.07,33.56,0.75,29.16,26.2,62.1,64.82,Moderada,Jul,3,Inverno,False,29.744999999999997,17.7675,8.39,6.0,2.9160000000000004,PM2.5,25-28 °C,55-70%
2019,7,2019-07-01,Sudeste,SP,Ribeirão Preto,27.86,46.43,25.53,1.06,46.42,20.7,55.1,56.21,Moderada,Jul,3,Inverno,False,25.074,11.6075,6.3825,8.48,4.642,PM2.5,até 22 °C,55-70%
2019,7,2019-07-01,Sudeste,RJ,Rio de Janeiro,47.13,66.31,13.47,0.38,41.46,28.6,67.1,69.51,Moderada,Jul,3,Inverno,False,42.417,16.5775,3.3675,3.04,4.146,PM2.5,acima de 28 °C,55-70%
2019,7,2019-07-01,Sudeste,RJ,Niterói,40.35,58.86,22.46,1.43,36.93,21.9,91.5,71.77,Moderada,Jul,3,Inverno,False,36.315000000000005,14.715,5.615,11.44,3.693,PM2.5,até 22 °C,acima de 85%
2019,7,2019-07-01,Sudeste,RJ,Nova Iguaçu,25.77,59.61,40.81,0.55,33.35,29.1,80.2,56.07,Moderada,Jul,3,Inverno,False,23.193,14.9025,10.2025,4.4,3.3350000000000004,PM2.5,acima de 28 °C,70-85%
2019,7,2019-07-01,Sudeste,RJ,Petrópolis,30.12,86.91,34.99,1.44,56.72,26.8,71.3,74.78,Moderada,Jul,3,Inverno,False,27.108,21.7275,8.7475,11.52,5.672000000000001,PM2.5,25-28 °C,70-85%
2019,7,2019-07-01,Sudeste,MG,Belo Horizonte,31.89,95.45,18.1,1.54,53.56,23.4,51.2,74.78,Moderada,Jul,3,Inverno,False,28.701,23.8625,4.525,12.32,5.356000000000001,PM2.5,22-25 °C,até 55%
2019,7,2019-07-01,Sudeste,MG,Uberlândia,26.08,71.84,23.5,0.78,51.78,23.4,51.5,58.7,Moderada,Jul,3,Inverno,False,23.471999999999998,17.96,5.875,6.24,5.178000000000001,PM2.5,22-25 °C,até 55%
2019,7,2019-07-01,Sudeste,MG,Juiz de Fora,25.64,82.17,31.48,0.6,44.56,22.5,66.8,60.77,Moderada,Jul,3,Inverno,False,23.076,20.5425,7.87,4.8,4.456,PM2.5,22-25 °C,55-70%
2019,7,2019-07-01,Sudeste,ES,Vitória,36.07,47.86,21.37,0.97,26.27,23.0,84.4,60.12,Moderada,Jul,3,Inverno,False,32.463,11.965,5.3425,7.76,2.6270000000000002,PM2.5,22-25 °C,70-85%
2019,7,2019-07-01,Sudeste,ES,Vila Velha,41.79,87.59,24.76,1.6,48.6,31.1,43.7,83.33,Ruim,Jul,3,Inverno,True,37.611,21.8975,6.19,12.8,4.86,PM2.5,acima de 28 °C,até 55%
2019,7,2019-07-01,Sudeste,ES,Serra,29.66,99.35,32.56,1.28,27.84,23.9,48.9,72.68,Moderada,Jul,3,Inverno,False,26.694,24.8375,8.14,10.24,2.7840000000000003,PM2.5,22-25 °C,até 55%
2019,7,2019-07-01,Sul,PR,Curitiba,34.11,79.7,26.79,0.86,33.39,28.0,78.3,67.57,Moderada,Jul,3,Inverno,False,30.699,19.925,6.6975,6.88,3.3390000000000004,PM2.5,25-28 °C,70-85%
2019,7,2019-07-01,Sul,PR,Londrina,42.26,34.99,34.69,0.49,33.03,22.5,54.1,62.66,Moderada,Jul,3,Inverno,False,38.034,8.7475,8.6725,3.92,3.3030000000000004,PM2.5,22-25 °C,até 55%
2019,7,2019-07-01,Sul,SC,Florianópolis,36.63,84.43,30.21,0.34,29.78,20.7,84.9,67.29,Moderada,Jul,3,Inverno,False,32.967000000000006,21.1075,7.5525,2.72,2.978,PM2.5,até 22 °C,70-85%
2019,7,2019-07-01,Sul,SC,Joinville,37.18,80.06,29.6,0.46,45.93,28.3,70.4,69.13,Moderada,Jul,3,Inverno,False,33.462,20.015,7.4,3.68,4.593,PM2.5,acima de 28 °C,70-85%
2019,7,2019-07-01,Sul,RS,Porto Alegre,33.7,86.3,33.39,1.28,39.21,23.3,85.2,74.45,Moderada,Jul,3,Inverno,False,30.330000000000002,21.575,8.3475,10.24,3.9210000000000003,PM2.5,22-25 °C,acima de 85%
2019,7,2019-07-01,Sul,RS,Caxias do Sul,45.87,80.47,33.32,1.64,53.39,28.4,81.1,88.23,Ruim,Jul,3,Inverno,True,41.283,20.1175,8.33,13.12,5.339,PM2.5,acima de 28 °C,70-85%
2019,8,2019-08-01,Norte,AM,Manaus,47.55,58.28,38.64,1.68,33.7,26.2,77.8,83.82,Ruim,Ago,3,Inverno,True,42.795,14.57,9.66,13.44,3.3700000000000006,PM2.5,25-28 °C,70-85%
2019,8,2019-08-01,Norte,PA,Belém,62.67,67.84,16.92,1.27,53.32,16.7,90.8,93.09,Ruim,Ago,3,Inverno,True,56.403000000000006,16.96,4.23,10.16,5.332000000000001,PM2.5,até 22 °C,acima de 85%
2019,8,2019-08-01,Norte,PA,Santarém,43.04,51.35,13.67,0.62,54.85,27.1,45.1,65.45,Moderada,Ago,3,Inverno,False,38.736,12.8375,3.4175,4.96,5.485,PM2.5,25-28 °C,até 55%
2019,8,2019-08-01,Norte,RO,Porto Velho,28.23,79.27,43.91,1.4,36.99,26.1,40.2,71.09,Moderada,Ago,3,Inverno,False,25.407,19.8175,10.9775,11.2,3.6990000000000003,PM2.5,25-28 °C,até 55%
2019,8,2019-08-01,Norte,TO,Palmas,33.4,53.41,34.89,1.2,37.03,28.7,72.3,65.42,Moderada,Ago,3,Inverno,False,30.06,13.3525,8.7225,9.6,3.7030000000000003,PM2.5,acima de 28 °C,70-85%
2019,8,2019-08-01,Nordeste,BA,Salvador,53.84,60.52,17.76,0.51,42.01,28.9,57.2,76.28,Moderada,Ago,3,Inverno,False,48.456,15.13,4.44,4.08,4.201,PM2.5,acima de 28 °C,55-70%
2019,8,2019-08-01,Nordeste,BA,Feira de Santana,27.21,66.51,31.09,0.48,33.99,24.0,50.4,56.13,Moderada,Ago,3,Inverno,False,24.489,16.6275,7.7725,3.84,3.3990000000000005,PM2.5,22-25 °C,até 55%
2019,8,2019-08-01,Nordeste,PE,Recife,32.75,29.4,21.47,0.68,49.7,25.6,53.6,52.62,Moderada,Ago,3,Inverno,False,29.475,7.35,5.3675,5.44,4.970000000000001,PM2.5,25-28 °C,até 55%
2019,8,2019-08-01,Nordeste,PE,Jaboatão dos Guararapes,38.01,48.16,31.82,0.35,45.0,23.0,66.5,61.47,Moderada,Ago,3,Inverno,False,34.208999999999996,12.04,7.955,2.8,4.5,PM2.5,22-25 °C,55-70%
2019,8,2019-08-01,Nordeste,CE,Fortaleza,42.3,77.52,12.1,1.59,28.88,22.8,48.6,76.12,Moderada,Ago,3,Inverno,False,38.07,19.38,3.025,12.72,2.888,PM2.5,22-25 °C,até 55%
2019,8,2019-08-01,Nordeste,CE,Juazeiro do Norte,62.82,43.06,24.97,1.09,46.6,25.2,59.3,86.95,Ruim,Ago,3,Inverno,True,56.538000000000004,10.765,6.2425,8.72,4.66,PM2.5,25-28 °C,55-70%
2019,8,2019-08-01,Nordeste,MA,São Luís,40.27,92.21,20.98,0.95,28.76,29.5,41.1,75.05,Moderada,Ago,3,Inverno,False,36.243,23.0525,5.245,7.6,2.8760000000000003,PM2.5,acima de 28 °C,até 55%
2019,8,2019-08-01,Nordeste,PB,João Pessoa,43.26,69.27,22.57,0.76,41.44,27.7,57.0,72.1,Moderada,Ago,3,Inverno,False,38.934,17.3175,5.6425,6.08,4.144,PM2.5,25-28 °C,55-70%
2019,8,2019-08-01,Centro-Oeste,DF,Brasília,26.69,71.4,31.1,0.49,43.63,24.3,67.1,57.93,Moderada,Ago,3,Inverno,False,24.021,17.85,7.775,3.92,4.363,PM2.5,22-25 °C,55-70%
2019,8,2019-08-01,Centro-Oeste,GO,Goiânia,38.5,24.95,28.3,1.76,51.01,29.0,40.3,67.17,Moderada,Ago,3,Inverno,False,34.65,6.2375,7.075,14.08,5.101,PM2.5,acima de 28 °C,até 55%
2019,8,2019-08-01,Centro-Oeste,GO,Aparecida de Goiânia,38.41,68.14,28.33,1.59,39.04,22.5,91.3,75.3,Moderada,Ago,3,Inverno,False,34.568999999999996,17.035,7.0825,12.72,3.904,PM2.5,22-25 °C,acima de 85%
2019,8,2019-08-01,Centro-Oeste,MT,Cuiabá,53.61,80.25,24.44,1.35,62.17,21.8,43.0,91.44,Ruim,Ago,3,Inverno,True,48.249,20.0625,6.11,10.8,6.2170000000000005,PM2.5,até 22 °C,até 55%
2019,8,2019-08-01,Centro-Oeste,MS,Campo Grande,38.22,73.48,27.4,0.56,37.67,25.8,72.6,67.83,Moderada,Ago,3,Inverno,False,34.398,18.37,6.85,4.48,3.7670000000000003,PM2.5,25-28 °C,70-85%
2019,8,2019-08-01,Sudeste,SP,São Paulo,38.98,75.02,31.45,0.55,27.72,21.1,58.2,68.83,Moderada,Ago,3,Inverno,False,35.082,18.755,7.8625,4.4,2.7720000000000002,PM2.5,até 22 °C,55-70%
2019,8,2019-08-01,Sudeste,SP,Campinas,24.2,56.34,6.77,1.03,36.12,22.8,63.2,49.41,Boa,Ago,3,Inverno,False,21.78,14.085,1.6925,8.24,3.612,PM2.5,22-25 °C,55-70%
2019,8,2019-08-01,Sudeste,SP,Ribeirão Preto,24.01,78.06,21.92,1.02,26.92,33.6,70.8,57.5,Moderada,Ago,3,Inverno,False,21.609,19.515,5.48,8.16,2.692,PM2.5,acima de 28 °C,70-85%
2019,8,2019-08-01,Sudeste,RJ,Rio de Janeiro,54.73,71.08,22.51,0.45,43.65,27.5,72.2,80.64,Ruim,Ago,3,Inverno,True,49.257,17.77,5.6275,3.6,4.365,PM2.5,25-28 °C,70-85%
2019,8,2019-08-01,Sudeste,RJ,Niterói,38.89,65.39,29.09,1.16,21.71,22.1,41.1,70.06,Moderada,Ago,3,Inverno,False,35.001000000000005,16.3475,7.2725,9.28,2.1710000000000003,PM2.5,22-25 °C,até 55%
2019,8,2019-08-01,Sudeste,RJ,Nova Iguaçu,50.51,97.24,28.17,1.44,53.04,24.4,88.2,93.63,Ruim,Ago,3,Inverno,True,45.458999999999996,24.31,7.0425,11.52,5.304,PM2.5,22-25 °C,acima de 85%
2019,8,2019-08-01,Sudeste,RJ,Petrópolis,29.52,45.67,30.77,0.67,37.97,27.4,40.3,54.86,Moderada,Ago,3,Inverno,False,26.568,11.4175,7.6925,5.36,3.797,PM2.5,25-28 °C,até 55%
2019,8,2019-08-01,Sudeste,MG,Belo Horizonte,46.48,52.87,21.43,0.62,60.35,28.1,54.6,71.38,Moderada,Ago,3,Inverno,False,41.832,13.2175,5.3575,4.96,6.035,PM2.5,acima de 28 °C,até 55%
2019,8,2019-08-01,Sudeste,MG,Uberlândia,33.59,77.75,42.54,1.04,41.71,23.0,43.3,72.81,Moderada,Ago,3,Inverno,False,30.231000000000005,19.4375,10.635,8.32,4.171,PM2.5,22-25 °C,até 55%
2019,8,2019-08-01,Sudeste,MG,Juiz de Fora,35.4,62.13,24.08,1.19,41.61,29.5,51.0,67.06,Moderada,Ago,3,Inverno,False,31.86,15.5325,6.02,9.52,4.1610000000000005,PM2.5,acima de 28 °C,até 55%
2019,8,2019-08-01,Sudeste,ES,Vitória,36.82,86.95,20.71,1.74,49.01,25.5,49.7,78.86,Moderada,Ago,3,Inverno,False,33.138,21.7375,5.1775,13.92,4.901,PM2.5,25-28 °C,até 55%
2019,8,2019-08-01,Sudeste,ES,Vila Velha,28.66,75.94,15.35,1.37,23.6,25.9,85.1,61.97,Moderada,Ago,3,Inverno,False,25.794,18.985,3.8375,10.96,2.3600000000000003,PM2.5,25-28 °C,acima de 85%
2019,8,2019-08-01,Sudeste,ES,Serra,40.82,71.66,18.32,1.61,21.99,26.8,68.5,74.28,Moderada,Ago,3,Inverno,False,36.738,17.915,4.58,12.88,2.199,PM2.5,25-28 °C,55-70%
2019,8,2019-08-01,Sul,PR,Curitiba,28.59,99.59,22.33,0.84,56.63,23.1,87.2,68.64,Moderada,Ago,3,Inverno,False,25.731,24.8975,5.5825,6.72,5.663,PM2.5,22-25 °C,acima de 85%
2019,8,2019-08-01,Sul,PR,Londrina,31.79,47.57,20.42,1.08,44.61,23.0,75.9,58.7,Moderada,Ago,3,Inverno,False,28.611,11.8925,5.105,8.64,4.461,PM2.5,22-25 °C,70-85%
2019,8,2019-08-01,Sul,SC,Florianópolis,42.16,77.43,10.02,1.4,48.71,30.2,72.2,75.86,Moderada,Ago,3,Inverno,False,37.943999999999996,19.3575,2.505,11.2,4.871,PM2.5,acima de 28 °C,70-85%
2019,8,2019-08-01,Sul,SC,Joinville,30.44,73.89,25.57,1.72,28.19,26.1,62.5,68.84,Moderada,Ago,3,Inverno,False,27.396,18.4725,6.3925,13.76,2.8190000000000004,PM2.5,25-28 °C,55-70%
2019,8,2019-08-01,Sul,RS,Porto Alegre,18.56,57.77,27.53,1.31,32.99,26.8,79.6,51.79,Moderada,Ago,3,Inverno,False,16.704,14.4425,6.8825,10.48,3.2990000000000004,PM2.5,25-28 °C,70-85%
2019,8,2019-08-01,Sul,RS,Caxias do Sul,35.32,34.96,10.9,0.55,52.26,26.5,89.8,52.84,Moderada,Ago,3,Inverno,False,31.788,8.74,2.725,4.4,5.226,PM2.5,25-28 °C,acima de 85%
2019,9,2019-09-01,Norte,AM,Manaus,40.48,76.23,29.18,1.01,40.47,23.1,74.1,74.91,Moderada,Set,3,Primavera,False,36.431999999999995,19.0575,7.295,8.08,4.047,PM2.5,22-25 °C,70-85%
2019,9,2019-09-01,Norte,PA,Belém,34.34,39.91,10.59,0.59,45.45,28.4,48.6,52.79,Moderada,Set,3,Primavera,False,30.906000000000002,9.9775,2.6475,4.72,4.545000000000001,PM2.5,acima de 28 °C,até 55%
2019,9,2019-09-01,Norte,PA,Santarém,13.05,84.08,32.63,1.03,42.31,27.0,55.7,53.42,Moderada,Set,3,Primavera,False,11.745000000000001,21.02,8.1575,8.24,4.231000000000001,PM10,25-28 °C,55-70%
2019,9,2019-09-01,Norte,RO,Porto Velho,28.51,90.85,16.49,0.49,41.95,29.0,68.7,60.57,Moderada,Set,3,Primavera,False,25.659000000000002,22.7125,4.1225,3.92,4.195,PM2.5,acima de 28 °C,55-70%
2019,9,2019-09-01,Norte,TO,Palmas,19.15,65.98,34.99,0.38,37.91,21.5,75.4,49.32,Boa,Set,3,Primavera,False,17.235,16.495,8.7475,3.04,3.791,PM2.5,até 22 °C,70-85%
2019,9,2019-09-01,Nordeste,BA,Salvador,31.8,55.49,22.64,0.99,52.0,22.2,63.3,61.24,Moderada,Set,3,Primavera,False,28.62,13.8725,5.66,7.92,5.2,PM2.5,22-25 °C,55-70%
2019,9,2019-09-01,Nordeste,BA,Feira de Santana,55.14,35.52,26.18,1.65,55.08,25.6,74.8,83.78,Ruim,Set,3,Primavera,True,49.626000000000005,8.88,6.545,13.2,5.508,PM2.5,25-28 °C,70-85%
2019,9,2019-09-01,Nordeste,PE,Recife,32.28,43.88,19.69,0.75,43.09,26.6,62.7,55.28,Moderada,Set,3,Primavera,False,29.052000000000003,10.97,4.9225,6.0,4.309,PM2.5,25-28 °C,55-70%
2019,9,2019-09-01,Nordeste,PE,Jaboatão dos Guararapes,31.61,57.2,38.87,1.49,57.63,21.4,72.2,70.16,Moderada,Set,3,Primavera,False,28.449,14.3,9.7175,11.92,5.763000000000001,PM2.5,até 22 °C,70-85%
2019,9,2019-09-01,Nordeste,CE,Fortaleza,35.44,55.35,26.69,1.25,24.65,27.7,58.0,64.88,Moderada,Set,3,Primavera,False,31.895999999999997,13.8375,6.6725,10.0,2.465,PM2.5,25-28 °C,55-70%
2019,9,2019-09-01,Nordeste,CE,Juazeiro do Norte,55.02,60.32,37.57,0.92,36.88,18.8,64.0,85.02,Ruim,Set,3,Primavera,True,49.518,15.08,9.3925,7.36,3.6880000000000006,PM2.5,até 22 °C,55-70%
2019,9,2019-09-01,Nordeste,MA,São Luís,44.5,72.25,18.85,1.02,31.66,23.6,67.5,74.16,Moderada,Set,3,Primavera,False,40.050000000000004,18.0625,4.7125,8.16,3.1660000000000004,PM2.5,22-25 °C,55-70%
2019,9,2019-09-01,Nordeste,PB,João Pessoa,45.28,84.64,16.26,1.39,28.55,24.9,77.8,79.96,Moderada,Set,3,Primavera,False,40.752,21.16,4.065,11.12,2.8550000000000004,PM2.5,22-25 °C,70-85%
2019,9,2019-09-01,Centro-Oeste,DF,Brasília,26.8,48.58,31.84,0.33,37.33,26.7,79.5,50.61,Moderada,Set,3,Primavera,False,24.12,12.145,7.96,2.64,3.733,PM2.5,25-28 °C,70-85%
2019,9,2019-09-01,Centro-Oeste,GO,Goiânia,32.92,55.47,19.72,1.04,21.32,26.0,53.7,58.86,Moderada,Set,3,Primavera,False,29.628000000000004,13.8675,4.93,8.32,2.132,PM2.5,25-28 °C,até 55%
2019,9,2019-09-01,Centro-Oeste,GO,Aparecida de Goiânia,31.64,101.43,23.62,0.56,36.64,23.0,92.7,67.87,Moderada,Set,3,Primavera,False,28.476000000000003,25.3575,5.905,4.48,3.664,PM2.5,22-25 °C,acima de 85%
2019,9,2019-09-01,Centro-Oeste,MT,Cuiabá,33.41,53.28,17.19,0.67,30.71,27.0,84.7,56.15,Moderada,Set,3,Primavera,False,30.069,13.32,4.2975,5.36,3.071,PM2.5,25-28 °C,70-85%
2019,9,2019-09-01,Centro-Oeste,MS,Campo Grande,50.35,68.88,22.96,1.29,38.87,22.8,47.9,82.44,Ruim,Set,3,Primavera,True,45.315000000000005,17.22,5.74,10.32,3.887,PM2.5,22-25 °C,até 55%
2019,9,2019-09-01,Sudeste,SP,São Paulo,59.66,23.39,32.5,1.77,34.7,24.6,40.8,85.29,Ruim,Set,3,Primavera,True,53.693999999999996,5.8475,8.125,14.16,3.4700000000000006,PM2.5,22-25 °C,até 55%
2019,9,2019-09-01,Sudeste,SP,Campinas,31.65,53.15,18.1,0.53,43.37,19.6,83.9,54.86,Moderada,Set,3,Primavera,False,28.485,13.2875,4.525,4.24,4.337,PM2.5,até 22 °C,70-85%
2019,9,2019-09-01,Sudeste,SP,Ribeirão Preto,33.91,77.69,32.55,1.49,66.12,27.0,82.3,76.58,Moderada,Set,3,Primavera,False,30.519,19.4225,8.1375,11.92,6.612000000000001,PM2.5,25-28 °C,70-85%
2019,9,2019-09-01,Sudeste,RJ,Rio de Janeiro,42.52,105.56,29.84,1.08,29.19,26.2,56.5,83.65,Ruim,Set,3,Primavera,True,38.268,26.39,7.46,8.64,2.9190000000000005,PM2.5,25-28 °C,55-70%
2019,9,2019-09-01,Sudeste,RJ,Niterói,46.71,58.25,24.8,1.44,41.91,25.3,86.2,78.47,Moderada,Set,3,Primavera,False,42.039,14.5625,6.2,11.52,4.191,PM2.5,25-28 °C,acima de 85%
2019,9,2019-09-01,Sudeste,RJ,Nova Iguaçu,22.52,114.08,30.69,0.97,35.76,27.3,62.8,67.78,Moderada,Set,3,Primavera,False,20.268,28.52,7.6725,7.76,3.576,PM10,25-28 °C,55-70%
2019,9,2019-09-01,Sudeste,RJ,Petrópolis,40.15,69.3,44.16,1.2,51.4,29.8,48.7,79.24,Moderada,Set,3,Primavera,False,36.135,17.325,11.04,9.6,5.140000000000001,PM2.5,acima de 28 °C,até 55%
2019,9,2019-09-01,Sudeste,MG,Belo Horizonte,55.29,86.17,15.34,1.55,37.2,24.1,93.5,91.23,Ruim,Set,3,Primavera,True,49.761,21.5425,3.835,12.4,3.7200000000000006,PM2.5,22-25 °C,acima de 85%
2019,9,2019-09-01,Sudeste,MG,Uberlândia,24.97,92.18,14.42,1.6,29.3,17.0,88.2,64.85,Moderada,Set,3,Primavera,False,22.473,23.045,3.605,12.8,2.93,PM10,até 22 °C,acima de 85%
2019,9,2019-09-01,Sudeste,MG,Juiz de Fora,26.51,110.84,24.57,0.7,31.65,27.9,40.6,66.51,Moderada,Set,3,Primavera,False,23.859,27.71,6.1425,5.6,3.165,PM10,25-28 °C,até 55%
2019,9,2019-09-01,Sudeste,ES,Vitória,37.56,72.89,27.62,1.6,35.27,25.2,88.9,75.23,Moderada,Set,3,Primavera,False,33.804,18.2225,6.905,12.8,3.5270000000000006,PM2.5,25-28 °C,acima de 85%
2019,9,2019-09-01,Sudeste,ES,Vila Velha,36.02,63.75,29.24,0.68,49.98,22.0,92.7,66.07,Moderada,Set,3,Primavera,False,32.418000000000006,15.9375,7.31,5.44,4.998,PM2.5,até 22 °C,acima de 85%
2019,9,2019-09-01,Sudeste,ES,Serra,44.69,80.73,25.32,1.15,11.11,24.4,90.3,77.04,Moderada,Set,3,Primavera,False,40.221,20.1825,6.33,9.2,1.111,PM2.5,22-25 °C,acima de 85%
2019,9,2019-09-01,Sul,PR,Curitiba,42.8,69.27,28.09,1.11,35.43,26.9,62.7,75.32,Moderada,Set,3,Primavera,False,38.519999999999996,17.3175,7.0225,8.88,3.543,PM2.5,25-28 °C,55-70%
2019,9,2019-09-01,Sul,PR,Londrina,22.05,51.17,20.63,1.33,37.1,19.0,80.1,52.14,Moderada,Set,3,Primavera,False,19.845000000000002,12.7925,5.1575,10.64,3.7100000000000004,PM2.5,até 22 °C,70-85%
2019,9,2019-09-01,Sul,SC,Florianópolis,39.67,50.29,31.88,1.51,35.97,30.0,43.8,71.94,Moderada,Set,3,Primavera,False,35.703,12.5725,7.97,12.08,3.597,PM2.5,acima de 28 °C,até 55%
2019,9,2019-09-01,Sul,SC,Joinville,39.49,89.69,40.18,1.23,35.94,21.8,93.5,81.4,Ruim,Set,3,Primavera,True,35.541000000000004,22.4225,10.045,9.84,3.594,PM2.5,até 22 °C,acima de 85%
2019,9,2019-09-01,Sul,RS,Porto Alegre,46.08,79.01,31.03,0.6,14.12,23.3,68.7,75.16,Moderada,Set,3,Primavera,False,41.472,19.7525,7.7575,4.8,1.412,PM2.5,22-25 °C,55-70%
2019,9,2019-09-01,Sul,RS,Caxias do Sul,43.97,49.49,18.57,0.4,21.16,22.9,50.2,61.9,Moderada,Set,3,Primavera,False,39.573,12.3725,4.6425,3.2,2.116,PM2.5,22-25 °C,até 55%
2019,10,2019-10-01,Norte,AM,Manaus,53.06,79.31,18.1,0.4,28.39,25.0,49.6,78.12,Moderada,Out,4,Primavera,False,47.754000000000005,19.8275,4.525,3.2,2.8390000000000004,PM2.5,22-25 °C,até 55%
2019,10,2019-10-01,Norte,PA,Belém,24.01,38.76,18.67,1.34,54.97,21.3,82.2,52.19,Moderada,Out,4,Primavera,False,21.609,9.69,4.6675,10.72,5.497,PM2.5,até 22 °C,70-85%
2019,10,2019-10-01,Norte,PA,Santarém,23.85,70.45,28.37,1.6,58.31,21.7,78.7,64.77,Moderada,Out,4,Primavera,False,21.465000000000003,17.6125,7.0925,12.8,5.831,PM2.5,até 22 °C,70-85%
2019,10,2019-10-01,Norte,RO,Porto Velho,49.69,77.64,10.8,1.41,35.13,14.9,83.5,81.6,Ruim,Out,4,Primavera,True,44.721,19.41,2.7,11.28,3.5130000000000003,PM2.5,até 22 °C,70-85%
2019,10,2019-10-01,Norte,TO,Palmas,35.81,62.18,17.67,1.71,45.58,21.8,75.8,70.46,Moderada,Out,4,Primavera,False,32.229000000000006,15.545,4.4175,13.68,4.558,PM2.5,até 22 °C,70-85%
2019,10,2019-10-01,Nordeste,BA,Salvador,31.82,58.3,27.27,0.99,54.38,30.3,83.2,63.37,Moderada,Out,4,Primavera,False,28.638,14.575,6.8175,7.92,5.438000000000001,PM2.5,acima de 28 °C,70-85%
2019,10,2019-10-01,Nordeste,BA,Feira de Santana,37.52,60.63,27.44,1.05,38.51,22.2,90.1,68.07,Moderada,Out,4,Primavera,False,33.768,15.1575,6.86,8.4,3.851,PM2.5,22-25 °C,acima de 85%
2019,10,2019-10-01,Nordeste,PE,Recife,39.81,74.14,32.39,1.68,46.49,26.7,62.5,80.59,Ruim,Out,4,Primavera,True,35.829,18.535,8.0975,13.44,4.649,PM2.5,25-28 °C,55-70%
2019,10,2019-10-01,Nordeste,PE,Jaboatão dos Guararapes,31.87,82.89,34.1,0.58,48.82,28.5,55.8,67.45,Moderada,Out,4,Primavera,False,28.683,20.7225,8.525,4.64,4.882000000000001,PM2.5,acima de 28 °C,55-70%
2019,10,2019-10-01,Nordeste,CE,Fortaleza,37.04,52.93,25.26,1.08,46.44,23.4,54.2,66.13,Moderada,Out,4,Primavera,False,33.336,13.2325,6.315,8.64,4.644,PM2.5,22-25 °C,até 55%
2019,10,2019-10-01,Nordeste,CE,Juazeiro do Norte,48.12,99.63,34.93,1.2,42.11,25.4,52.3,90.79,Ruim,Out,4,Primavera,True,43.308,24.9075,8.7325,9.6,4.211,PM2.5,25-28 °C,até 55%
2019,10,2019-10-01,Nordeste,MA,São Luís,30.61,39.15,26.81,0.43,8.25,23.1,72.5,48.27,Boa,Out,4,Primavera,False,27.549,9.7875,6.7025,3.44,0.8250000000000001,PM2.5,22-25 °C,70-85%
2019,10,2019-10-01,Nordeste,PB,João Pessoa,30.35,76.38,28.47,0.68,29.24,31.0,59.9,61.9,Moderada,Out,4,Primavera,False,27.315,19.095,7.1175,5.44,2.924,PM2.5,acima de 28 °C,55-70%
2019,10,2019-10-01,Centro-Oeste,DF,Brasília,18.49,83.8,18.89,1.07,37.05,28.4,87.7,54.56,Moderada,Out,4,Primavera,False,16.641,20.95,4.7225,8.56,3.705,PM10,acima de 28 °C,acima de 85%
2019,10,2019-10-01,Centro-Oeste,GO,Goiânia,19.55,85.11,28.71,0.58,22.05,24.0,86.4,52.9,Moderada,Out,4,Primavera,False,17.595000000000002,21.2775,7.1775,4.64,2.205,PM10,22-25 °C,acima de 85%
2019,10,2019-10-01,Centro-Oeste,GO,Aparecida de Goiânia,37.97,65.58,10.53,0.65,29.8,25.0,57.3,61.42,Moderada,Out,4,Primavera,False,34.173,16.395,2.6325,5.2,2.9800000000000004,PM2.5,22-25 °C,55-70%
2019,10,2019-10-01,Centro-Oeste,MT,Cuiabá,40.71,64.23,26.12,1.33,49.46,26.8,69.2,74.8,Moderada,Out,4,Primavera,False,36.639,16.0575,6.53,10.64,4.946000000000001,PM2.5,25-28 °C,55-70%
2019,10,2019-10-01,Centro-Oeste,MS,Campo Grande,55.4,72.63,24.11,0.84,52.13,25.3,93.8,85.95,Ruim,Out,4,Primavera,True,49.86,18.1575,6.0275,6.72,5.213000000000001,PM2.5,25-28 °C,acima de 85%
2019,10,2019-10-01,Sudeste,SP,São Paulo,40.16,52.18,21.14,0.47,29.28,28.3,49.1,61.19,Moderada,Out,4,Primavera,False,36.144,13.045,5.285,3.76,2.9280000000000004,PM2.5,acima de 28 °C,até 55%
2019,10,2019-10-01,Sudeste,SP,Campinas,29.8,75.81,36.19,1.08,28.0,22.9,49.9,66.23,Moderada,Out,4,Primavera,False,26.82,18.9525,9.0475,8.64,2.8000000000000003,PM2.5,22-25 °C,até 55%
2019,10,2019-10-01,Sudeste,SP,Ribeirão Preto,34.75,50.74,16.51,1.44,40.09,25.7,54.1,63.64,Moderada,Out,4,Primavera,False,31.275000000000002,12.685,4.1275,11.52,4.009,PM2.5,25-28 °C,até 55%
2019,10,2019-10-01,Sudeste,RJ,Rio de Janeiro,28.48,63.43,25.74,0.39,58.49,26.8,79.7,56.91,Moderada,Out,4,Primavera,False,25.632,15.8575,6.435,3.12,5.849,PM2.5,25-28 °C,70-85%
2019,10,2019-10-01,Sudeste,RJ,Niterói,39.29,64.64,38.98,1.01,41.99,29.7,71.1,73.57,Moderada,Out,4,Primavera,False,35.361,16.16,9.745,8.08,4.199000000000001,PM2.5,acima de 28 °C,70-85%
2019,10,2019-10-01,Sudeste,RJ,Nova Iguaçu,29.58,81.52,24.94,1.35,30.81,26.4,68.6,67.13,Moderada,Out,4,Primavera,False,26.622,20.38,6.235,10.8,3.081,PM2.5,25-28 °C,55-70%
2019,10,2019-10-01,Sudeste,RJ,Petrópolis,27.22,61.48,24.67,1.24,39.7,21.2,40.7,59.9,Moderada,Out,4,Primavera,False,24.498,15.37,6.1675,9.92,3.9700000000000006,PM2.5,até 22 °C,até 55%
2019,10,2019-10-01,Sudeste,MG,Belo Horizonte,36.03,66.41,31.9,0.86,33.46,28.5,59.4,67.24,Moderada,Out,4,Primavera,False,32.427,16.6025,7.975,6.88,3.346,PM2.5,acima de 28 °C,55-70%
2019,10,2019-10-01,Sudeste,MG,Uberlândia,50.49,98.12,22.2,1.24,51.97,22.7,84.0,90.64,Ruim,Out,4,Primavera,True,45.441,24.53,5.55,9.92,5.197,PM2.5,22-25 °C,70-85%
2019,10,2019-10-01,Sudeste,MG,Juiz de Fora,29.66,39.76,18.52,1.01,47.69,23.8,61.6,54.15,Moderada,Out,4,Primavera,False,26.694,9.94,4.63,8.08,4.769,PM2.5,22-25 °C,55-70%
2019,10,2019-10-01,Sudeste,ES,Vitória,34.4,64.04,39.31,1.71,21.37,19.5,65.2,72.63,Moderada,Out,4,Primavera,False,30.96,16.01,9.8275,13.68,2.137,PM2.5,até 22 °C,55-70%
2019,10,2019-10-01,Sudeste,ES,Vila Velha,33.01,87.2,27.08,1.8,23.69,24.0,50.9,75.03,Moderada,Out,4,Primavera,False,29.709,21.8,6.77,14.4,2.369,PM2.5,22-25 °C,até 55%
2019,10,2019-10-01,Sudeste,ES,Serra,33.7,78.91,25.98,1.03,44.5,18.9,53.6,69.22,Moderada,Out,4,Primavera,False,30.330000000000002,19.7275,6.495,8.24,4.45,PM2.5,até 22 °C,até 55%
2019,10,2019-10-01,Sul,PR,Curitiba,50.43,52.97,34.79,1.42,36.43,25.4,45.5,82.3,Ruim,Out,4,Primavera,True,45.387,13.2425,8.6975,11.36,3.6430000000000002,PM2.5,25-28 °C,até 55%
2019,10,2019-10-01,Sul,PR,Londrina,51.22,51.84,22.36,0.63,40.55,25.8,61.4,73.75,Moderada,Out,4,Primavera,False,46.098,12.96,5.59,5.04,4.055,PM2.5,25-28 °C,55-70%
2019,10,2019-10-01,Sul,SC,Florianópolis,55.47,71.03,34.88,1.43,36.43,26.2,63.6,91.44,Ruim,Out,4,Primavera,True,49.923,17.7575,8.72,11.44,3.6430000000000002,PM2.5,25-28 °C,55-70%
2019,10,2019-10-01,Sul,SC,Joinville,50.21,74.64,22.83,0.5,51.12,27.7,48.2,78.65,Moderada,Out,4,Primavera,False,45.189,18.66,5.7075,4.0,5.112,PM2.5,25-28 °C,até 55%
2019,10,2019-10-01,Sul,RS,Porto Alegre,28.05,50.0,3.79,0.45,33.31,28.1,85.4,45.59,Boa,Out,4,Primavera,False,25.245,12.5,0.9475,3.6,3.3310000000000004,PM2.5,acima de 28 °C,acima de 85%
2019,10,2019-10-01,Sul,RS,Caxias do Sul,26.96,55.8,22.2,1.42,36.03,24.4,46.6,58.71,Moderada,Out,4,Primavera,False,24.264000000000003,13.95,5.55,11.36,3.603,PM2.5,22-25 °C,até 55%
2019,11,2019-11-01,Norte,AM,Manaus,31.77,83.86,32.94,1.5,47.28,27.5,85.9,74.52,Moderada,Nov,4,Primavera,False,28.593,20.965,8.235,12.0,4.728000000000001,PM2.5,25-28 °C,acima de 85%
2019,11,2019-11-01,Norte,PA,Belém,57.3,66.06,20.72,0.45,35.29,30.9,49.1,80.41,Ruim,Nov,4,Primavera,True,51.57,16.515,5.18,3.6,3.529,PM2.5,acima de 28 °C,até 55%
2019,11,2019-11-01,Norte,PA,Santarém,34.31,30.75,25.73,1.31,45.81,27.1,47.6,60.05,Moderada,Nov,4,Primavera,False,30.879,7.6875,6.4325,10.48,4.581,PM2.5,25-28 °C,até 55%
2019,11,2019-11-01,Norte,RO,Porto Velho,37.45,58.08,30.89,1.06,54.7,23.8,45.7,69.88,Moderada,Nov,4,Primavera,False,33.705000000000005,14.52,7.7225,8.48,5.470000000000001,PM2.5,22-25 °C,até 55%
2019,11,2019-11-01,Norte,TO,Palmas,42.17,85.29,36.18,1.05,48.57,17.8,82.1,81.59,Ruim,Nov,4,Primavera,True,37.953,21.3225,9.045,8.4,4.857,PM2.5,até 22 °C,70-85%
2019,11,2019-11-01,Nordeste,BA,Salvador,35.22,41.81,29.99,1.18,37.37,31.1,58.8,62.85,Moderada,Nov,4,Primavera,False,31.698,10.4525,7.4975,9.44,3.737,PM2.5,acima de 28 °C,55-70%
2019,11,2019-11-01,Nordeste,BA,Feira de Santana,32.51,42.3,23.46,1.2,35.22,22.0,65.2,58.81,Moderada,Nov,4,Primavera,False,29.259,10.575,5.865,9.6,3.5220000000000002,PM2.5,até 22 °C,55-70%
2019,11,2019-11-01,Nordeste,PE,Recife,21.71,58.97,30.63,0.91,43.38,24.2,94.2,53.56,Moderada,Nov,4,Primavera,False,19.539,14.7425,7.6575,7.28,4.338,PM2.5,22-25 °C,acima de 85%
2019,11,2019-11-01,Nordeste,PE,Jaboatão dos Guararapes,29.93,57.58,25.18,0.86,52.07,24.1,87.6,59.72,Moderada,Nov,4,Primavera,False,26.937,14.395,6.295,6.88,5.207000000000001,PM2.5,22-25 °C,acima de 85%
2019,11,2019-11-01,Nordeste,CE,Fortaleza,27.84,66.18,21.51,1.37,21.62,25.9,59.2,60.09,Moderada,Nov,4,Primavera,False,25.056,16.545,5.3775,10.96,2.1620000000000004,PM2.5,25-28 °C,55-70%
2019,11,2019-11-01,Nordeste,CE,Juazeiro do Norte,40.96,80.85,17.74,0.87,30.28,22.8,66.5,71.52,Moderada,Nov,4,Primavera,False,36.864000000000004,20.2125,4.435,6.96,3.0280000000000005,PM2.5,22-25 °C,55-70%
2019,11,2019-11-01,Nordeste,MA,São Luís,23.88,84.48,21.87,0.56,51.08,26.2,80.8,57.69,Moderada,Nov,4,Primavera,False,21.492,21.12,5.4675,4.48,5.1080000000000005,PM2.5,25-28 °C,70-85%
2019,11,2019-11-01,Nordeste,PB,João Pessoa,22.65,53.59,14.68,0.62,37.01,30.8,59.3,46.11,Boa,Nov,4,Primavera,False,20.384999999999998,13.3975,3.67,4.96,3.701,PM2.5,acima de 28 °C,55-70%
2019,11,2019-11-01,Centro-Oeste,DF,Brasília,39.42,91.69,19.85,0.31,33.79,25.2,84.8,69.26,Moderada,Nov,4,Primavera,False,35.478,22.9225,4.9625,2.48,3.379,PM2.5,25-28 °C,70-85%
2019,11,2019-11-01,Centro-Oeste,GO,Goiânia,30.27,29.25,4.44,1.69,47.39,20.9,83.5,53.93,Moderada,Nov,4,Primavera,False,27.243,7.3125,1.11,13.52,4.739,PM2.5,até 22 °C,70-85%
2019,11,2019-11-01,Centro-Oeste,GO,Aparecida de Goiânia,53.78,75.68,33.14,1.07,41.1,29.7,59.9,88.26,Ruim,Nov,4,Primavera,True,48.402,18.92,8.285,8.56,4.11,PM2.5,acima de 28 °C,55-70%
2019,11,2019-11-01,Centro-Oeste,MT,Cuiabá,42.52,62.41,31.58,1.51,45.67,23.8,83.9,78.45,Moderada,Nov,4,Primavera,False,38.268,15.6025,7.895,12.08,4.567,PM2.5,22-25 °C,70-85%
2019,11,2019-11-01,Centro-Oeste,MS,Campo Grande,42.3,50.5,20.22,1.45,39.08,22.4,50.4,71.3,Moderada,Nov,4,Primavera,False,38.07,12.625,5.055,11.6,3.908,PM2.5,22-25 °C,até 55%
2019,11,2019-11-01,Sudeste,SP,São Paulo,29.63,96.76,34.64,0.68,37.2,29.1,62.4,68.66,Moderada,Nov,4,Primavera,False,26.666999999999998,24.19,8.66,5.44,3.7200000000000006,PM2.5,acima de 28 °C,55-70%
2019,11,2019-11-01,Sudeste,SP,Campinas,28.81,79.24,28.74,1.19,45.52,25.2,52.0,66.97,Moderada,Nov,4,Primavera,False,25.929,19.81,7.185,9.52,4.5520000000000005,PM2.5,25-28 °C,até 55%
2019,11,2019-11-01,Sudeste,SP,Ribeirão Preto,33.99,72.47,31.75,1.72,50.08,21.1,44.4,75.44,Moderada,Nov,4,Primavera,False,30.591,18.1175,7.9375,13.76,5.008,PM2.5,até 22 °C,até 55%
2019,11,2019-11-01,Sudeste,RJ,Rio de Janeiro,32.95,43.23,21.92,1.77,30.41,22.7,60.6,63.1,Moderada,Nov,4,Primavera,False,29.655000000000005,10.8075,5.48,14.16,3.0410000000000004,PM2.5,22-25 °C,55-70%
2019,11,2019-11-01,Sudeste,RJ,Niterói,27.38,71.82,39.26,0.85,42.66,18.9,70.0,63.45,Moderada,Nov,4,Primavera,False,24.642,17.955,9.815,6.8,4.266,PM2.5,até 22 °C,55-70%
2019,11,2019-11-01,Sudeste,RJ,Nova Iguaçu,37.07,39.27,27.32,1.15,33.94,23.7,88.2,62.63,Moderada,Nov,4,Primavera,False,33.363,9.8175,6.83,9.2,3.394,PM2.5,22-25 °C,acima de 85%
2019,11,2019-11-01,Sudeste,RJ,Petrópolis,31.62,119.49,32.6,1.74,55.73,25.4,61.7,85.98,Ruim,Nov,4,Primavera,True,28.458000000000002,29.8725,8.15,13.92,5.573,PM10,25-28 °C,55-70%
2019,11,2019-11-01,Sudeste,MG,Belo Horizonte,25.82,43.46,31.81,1.31,44.23,28.3,54.4,56.93,Moderada,Nov,4,Primavera,False,23.238,10.865,7.9525,10.48,4.423,PM2.5,acima de 28 °C,até 55%
2019,11,2019-11-01,Sudeste,MG,Uberlândia,43.64,86.81,17.24,0.35,45.9,28.5,64.9,72.7,Moderada,Nov,4,Primavera,False,39.276,21.7025,4.31,2.8,4.59,PM2.5,acima de 28 °C,55-70%
2019,11,2019-11-01,Sudeste,MG,Juiz de Fora,46.7,76.1,23.87,0.94,46.55,28.2,42.0,79.21,Moderada,Nov,4,Primavera,False,42.03,19.025,5.9675,7.52,4.655,PM2.5,acima de 28 °C,até 55%
2019,11,2019-11-01,Sudeste,ES,Vitória,27.97,78.03,11.73,1.27,46.0,25.5,42.3,62.35,Moderada,Nov,4,Primavera,False,25.173,19.5075,2.9325,10.16,4.6000000000000005,PM2.5,25-28 °C,até 55%
2019,11,2019-11-01,Sudeste,ES,Vila Velha,35.02,76.03,20.68,1.04,48.52,29.3,66.3,68.83,Moderada,Nov,4,Primavera,False,31.518000000000004,19.0075,5.17,8.32,4.852,PM2.5,acima de 28 °C,55-70%
2019,11,2019-11-01,Sudeste,ES,Serra,30.41,46.81,24.01,1.09,52.7,26.9,56.2,59.06,Moderada,Nov,4,Primavera,False,27.369,11.7025,6.0025,8.72,5.2700000000000005,PM2.5,25-28 °C,55-70%
2019,11,2019-11-01,Sul,PR,Curitiba,31.08,46.6,20.87,1.75,51.24,22.5,65.4,63.93,Moderada,Nov,4,Primavera,False,27.971999999999998,11.65,5.2175,14.0,5.1240000000000006,PM2.5,22-25 °C,55-70%
2019,11,2019-11-01,Sul,PR,Londrina,34.5,85.62,22.91,0.7,37.37,28.8,79.7,67.5,Moderada,Nov,4,Primavera,False,31.05,21.405,5.7275,5.6,3.737,PM2.5,acima de 28 °C,70-85%
2019,11,2019-11-01,Sul,SC,Florianópolis,28.68,69.46,13.01,0.51,55.54,24.9,81.2,56.06,Moderada,Nov,4,Primavera,False,25.812,17.365,3.2525,4.08,5.554,PM2.5,22-25 °C,70-85%
2019,11,2019-11-01,Sul,SC,Joinville,31.22,91.94,26.52,0.49,35.55,27.2,58.7,65.18,Moderada,Nov,4,Primavera,False,28.098,22.985,6.63,3.92,3.5549999999999997,PM2.5,25-28 °C,55-70%
2019,11,2019-11-01,Sul,RS,Porto Alegre,25.15,54.65,25.05,1.53,50.14,22.6,41.4,59.8,Moderada,Nov,4,Primavera,False,22.634999999999998,13.6625,6.2625,12.24,5.014,PM2.5,22-25 °C,até 55%
2019,11,2019-11-01,Sul,RS,Caxias do Sul,47.69,53.2,24.95,1.63,30.9,26.0,60.6,78.62,Moderada,Nov,4,Primavera,False,42.921,13.3,6.2375,13.04,3.09,PM2.5,25-28 °C,55-70%
2019,12,2019-12-01,Norte,AM,Manaus,29.55,52.89,16.31,0.85,26.98,26.4,44.6,53.38,Moderada,Dez,4,Verão,False,26.595000000000002,13.2225,4.0775,6.8,2.6980000000000004,PM2.5,25-28 °C,até 55%
2019,12,2019-12-01,Norte,PA,Belém,44.84,65.65,30.74,0.88,43.41,22.1,46.3,75.83,Moderada,Dez,4,Verão,False,40.356,16.4125,7.685,7.04,4.341,PM2.5,22-25 °C,até 55%
2019,12,2019-12-01,Norte,PA,Santarém,38.81,51.7,14.05,0.47,50.73,25.2,64.4,60.23,Moderada,Dez,4,Verão,False,34.929,12.925,3.5125,3.76,5.073,PM2.5,25-28 °C,55-70%
2019,12,2019-12-01,Norte,RO,Porto Velho,30.77,84.0,18.78,1.25,43.52,27.4,61.4,67.71,Moderada,Dez,4,Verão,False,27.693,21.0,4.695,10.0,4.352,PM2.5,25-28 °C,55-70%
2019,12,2019-12-01,Norte,TO,Palmas,31.05,78.8,25.26,0.63,39.8,24.9,68.0,63.01,Moderada,Dez,4,Verão,False,27.945,19.7,6.315,5.04,3.98,PM2.5,22-25 °C,55-70%
2019,12,2019-12-01,Nordeste,BA,Salvador,23.57,76.81,30.96,0.61,57.97,27.8,41.6,58.8,Moderada,Dez,4,Verão,False,21.213,19.2025,7.74,4.88,5.797000000000001,PM2.5,25-28 °C,até 55%
2019,12,2019-12-01,Nordeste,BA,Feira de Santana,36.79,104.62,32.87,1.52,51.03,25.2,93.0,84.73,Ruim,Dez,4,Verão,True,33.111,26.155,8.2175,12.16,5.103000000000001,PM2.5,25-28 °C,acima de 85%
2019,12,2019-12-01,Nordeste,PE,Recife,34.36,79.16,36.42,0.91,29.86,30.5,41.3,70.11,Moderada,Dez,4,Verão,False,30.924,19.79,9.105,7.28,2.986,PM2.5,acima de 28 °C,até 55%
2019,12,2019-12-01,Nordeste,PE,Jaboatão dos Guararapes,14.92,78.34,34.22,1.64,29.77,22.9,56.4,57.63,Moderada,Dez,4,Verão,False,13.428,19.585,8.555,13.12,2.9770000000000003,PM10,22-25 °C,55-70%
2019,12,2019-12-01,Nordeste,CE,Fortaleza,20.08,58.8,47.14,0.69,33.27,23.0,75.5,53.37,Moderada,Dez,4,Verão,False,18.072,14.7,11.785,5.52,3.3270000000000004,PM2.5,22-25 °C,70-85%
2019,12,2019-12-01,Nordeste,CE,Juazeiro do Norte,34.84,46.48,31.02,1.5,32.68,22.7,69.9,66.0,Moderada,Dez,4,Verão,False,31.356000000000005,11.62,7.755,12.0,3.2680000000000002,PM2.5,22-25 °C,55-70%
2019,12,2019-12-01,Nordeste,MA,São Luís,32.41,87.98,21.68,1.66,42.89,27.1,79.5,74.11,Moderada,Dez,4,Verão,False,29.168999999999997,21.995,5.42,13.28,4.289000000000001,PM2.5,25-28 °C,70-85%
2019,12,2019-12-01,Nordeste,PB,João Pessoa,36.27,87.33,15.22,0.43,40.09,25.7,49.8,65.7,Moderada,Dez,4,Verão,False,32.643,21.8325,3.805,3.44,4.009,PM2.5,25-28 °C,até 55%
2019,12,2019-12-01,Centro-Oeste,DF,Brasília,46.02,65.41,13.13,1.4,43.26,22.5,86.8,76.57,Moderada,Dez,4,Verão,False,41.418000000000006,16.3525,3.2825,11.2,4.326,PM2.5,22-25 °C,acima de 85%
2019,12,2019-12-01,Centro-Oeste,GO,Goiânia,32.96,90.43,32.65,1.5,46.24,23.3,49.6,77.06,Moderada,Dez,4,Verão,False,29.664,22.6075,8.1625,12.0,4.6240000000000006,PM2.5,22-25 °C,até 55%
2019,12,2019-12-01,Centro-Oeste,GO,Aparecida de Goiânia,29.78,77.37,23.16,1.27,54.88,23.7,57.7,67.58,Moderada,Dez,4,Verão,False,26.802000000000003,19.3425,5.79,10.16,5.488,PM2.5,22-25 °C,55-70%
2019,12,2019-12-01,Centro-Oeste,MT,Cuiabá,24.21,76.38,14.59,0.39,39.18,23.6,46.9,51.6,Moderada,Dez,4,Verão,False,21.789,19.095,3.6475,3.12,3.918,PM2.5,22-25 °C,até 55%
2019,12,2019-12-01,Centro-Oeste,MS,Campo Grande,52.94,69.74,21.16,0.96,23.13,25.4,86.6,80.37,Ruim,Dez,4,Verão,True,47.646,17.435,5.29,7.68,2.313,PM2.5,25-28 °C,acima de 85%
2019,12,2019-12-01,Sudeste,SP,São Paulo,53.83,37.09,18.49,1.06,33.26,26.1,42.0,74.13,Moderada,Dez,4,Verão,False,48.447,9.2725,4.6225,8.48,3.326,PM2.5,25-28 °C,até 55%
2019,12,2019-12-01,Sudeste,SP,Campinas,26.95,63.75,31.71,0.41,27.94,23.4,62.9,54.22,Moderada,Dez,4,Verão,False,24.255,15.9375,7.9275,3.28,2.7940000000000005,PM2.5,22-25 °C,55-70%
2019,12,2019-12-01,Sudeste,SP,Ribeirão Preto,45.01,76.21,21.49,1.19,50.72,26.9,47.9,79.51,Moderada,Dez,4,Verão,False,40.509,19.0525,5.3725,9.52,5.072,PM2.5,25-28 °C,até 55%
2019,12,2019-12-01,Sudeste,RJ,Rio de Janeiro,30.61,53.59,31.23,1.22,39.06,20.1,75.7,62.42,Moderada,Dez,4,Verão,False,27.549,13.3975,7.8075,9.76,3.9060000000000006,PM2.5,até 22 °C,70-85%
2019,12,2019-12-01,Sudeste,RJ,Niterói,31.79,69.95,31.93,0.86,36.98,27.9,82.1,64.69,Moderada,Dez,4,Verão,False,28.611,17.4875,7.9825,6.88,3.698,PM2.5,25-28 °C,70-85%
2019,12,2019-12-01,Sudeste,RJ,Nova Iguaçu,38.36,80.69,13.74,0.62,21.93,24.7,88.1,65.25,Moderada,Dez,4,Verão,False,34.524,20.1725,3.435,4.96,2.193,PM2.5,22-25 °C,acima de 85%
2019,12,2019-12-01,Sudeste,RJ,Petrópolis,23.91,86.35,25.02,1.7,27.73,24.3,76.3,65.7,Moderada,Dez,4,Verão,False,21.519000000000002,21.5875,6.255,13.6,2.773,PM10,22-25 °C,70-85%
2019,12,2019-12-01,Sudeste,MG,Belo Horizonte,50.68,32.66,35.45,1.65,54.91,23.2,70.2,81.34,Ruim,Dez,4,Verão,True,45.612,8.165,8.8625,13.2,5.491,PM2.5,22-25 °C,70-85%
2019,12,2019-12-01,Sudeste,MG,Uberlândia,39.25,70.64,19.81,1.58,38.18,26.1,75.0,74.4,Moderada,Dez,4,Verão,False,35.325,17.66,4.9525,12.64,3.818,PM2.5,25-28 °C,70-85%
2019,12,2019-12-01,Sudeste,MG,Juiz de Fora,26.87,79.58,21.3,0.88,34.55,25.6,42.6,59.88,Moderada,Dez,4,Verão,False,24.183,19.895,5.325,7.04,3.455,PM2.5,25-28 °C,até 55%
2019,12,2019-12-01,Sudeste,ES,Vitória,31.75,72.13,22.1,1.48,41.59,26.1,83.2,68.14,Moderada,Dez,4,Verão,False,28.575,18.0325,5.525,11.84,4.159000000000001,PM2.5,25-28 °C,70-85%
2019,12,2019-12-01,Sudeste,ES,Vila Velha,35.93,47.49,31.26,1.65,34.8,25.9,64.8,68.7,Moderada,Dez,4,Verão,False,32.337,11.8725,7.815,13.2,3.48,PM2.5,25-28 °C,55-70%
2019,12,2019-12-01,Sudeste,ES,Serra,37.33,45.84,20.86,0.94,52.57,25.0,48.3,63.06,Moderada,Dez,4,Verão,False,33.597,11.46,5.215,7.52,5.257000000000001,PM2.5,22-25 °C,até 55%
2019,12,2019-12-01,Sul,PR,Curitiba,29.69,70.46,8.65,0.88,34.33,18.8,79.2,56.94,Moderada,Dez,4,Verão,False,26.721,17.615,2.1625,7.04,3.433,PM2.5,até 22 °C,70-85%
2019,12,2019-12-01,Sul,PR,Londrina,42.04,57.37,9.42,1.11,21.45,20.0,64.5,65.54,Moderada,Dez,4,Verão,False,37.836,14.3425,2.355,8.88,2.145,PM2.5,até 22 °C,55-70%
2019,12,2019-12-01,Sul,SC,Florianópolis,28.77,60.77,33.18,0.44,33.54,24.4,84.8,56.26,Moderada,Dez,4,Verão,False,25.893,15.1925,8.295,3.52,3.354,PM2.5,22-25 °C,70-85%
2019,12,2019-12-01,Sul,SC,Joinville,41.41,83.7,31.67,0.57,36.51,29.4,92.5,74.34,Moderada,Dez,4,Verão,False,37.269,20.925,7.9175,4.56,3.651,PM2.5,acima de 28 °C,acima de 85%
2019,12,2019-12-01,Sul,RS,Porto Alegre,30.07,92.79,26.87,0.46,31.0,25.6,72.2,63.78,Moderada,Dez,4,Verão,False,27.063000000000002,23.1975,6.7175,3.68,3.1,PM2.5,25-28 °C,70-85%
2019,12,2019-12-01,Sul,RS,Caxias do Sul,42.34,53.3,28.75,0.67,29.98,27.2,87.8,66.94,Moderada,Dez,4,Verão,False,38.106,13.325,7.1875,5.36,2.998,PM2.5,25-28 °C,acima de 85%
2020,1,2020-01-01,Norte,AM,Manaus,20.09,54.97,29.56,0.99,25.78,25.1,52.8,49.73,Boa,Jan,1,Verão,False,18.081,13.7425,7.39,7.92,2.5780000000000003,PM2.5,25-28 °C,até 55%
2020,1,2020-01-01,Norte,PA,Belém,27.31,60.52,17.24,1.69,38.98,22.7,53.4,61.46,Moderada,Jan,1,Verão,False,24.579,15.13,4.31,13.52,3.8979999999999997,PM2.5,22-25 °C,até 55%
2020,1,2020-01-01,Norte,PA,Santarém,20.23,39.72,33.38,0.55,30.93,27.3,83.9,43.99,Boa,Jan,1,Verão,False,18.207,9.93,8.345,4.4,3.093,PM2.5,25-28 °C,70-85%
2020,1,2020-01-01,Norte,RO,Porto Velho,27.49,83.41,15.07,1.08,34.55,23.2,76.5,61.42,Moderada,Jan,1,Verão,False,24.741,20.8525,3.7675,8.64,3.455,PM2.5,22-25 °C,70-85%
2020,1,2020-01-01,Norte,TO,Palmas,40.89,48.7,37.4,0.71,22.77,27.5,41.2,66.24,Moderada,Jan,1,Verão,False,36.801,12.175,9.35,5.68,2.277,PM2.5,25-28 °C,até 55%
2020,1,2020-01-01,Nordeste,BA,Salvador,32.35,98.08,19.9,0.98,15.27,26.4,83.2,67.94,Moderada,Jan,1,Verão,False,29.115000000000002,24.52,4.975,7.84,1.5270000000000001,PM2.5,25-28 °C,70-85%
2020,1,2020-01-01,Nordeste,BA,Feira de Santana,44.98,108.02,25.08,0.41,47.79,28.9,44.1,81.8,Ruim,Jan,1,Verão,True,40.482,27.005,6.27,3.28,4.779,PM2.5,acima de 28 °C,até 55%
2020,1,2020-01-01,Nordeste,PE,Recife,38.44,111.92,20.4,1.4,30.09,30.6,69.9,81.86,Ruim,Jan,1,Verão,True,34.596,27.98,5.1,11.2,3.0090000000000003,PM2.5,acima de 28 °C,55-70%
2020,1,2020-01-01,Nordeste,PE,Jaboatão dos Guararapes,32.09,101.87,18.24,0.79,45.03,21.1,74.6,69.7,Moderada,Jan,1,Verão,False,28.881000000000004,25.4675,4.56,6.32,4.503,PM2.5,até 22 °C,70-85%
2020,1,2020-01-01,Nordeste,CE,Fortaleza,32.49,71.45,19.39,0.92,41.5,19.9,82.3,63.47,Moderada,Jan,1,Verão,False,29.241000000000003,17.8625,4.8475,7.36,4.15,PM2.5,até 22 °C,70-85%
2020,1,2020-01-01,Nordeste,CE,Juazeiro do Norte,38.81,67.04,37.01,1.52,30.32,23.6,47.1,76.15,Moderada,Jan,1,Verão,False,34.929,16.76,9.2525,12.16,3.032,PM2.5,22-25 °C,até 55%
2020,1,2020-01-01,Nordeste,MA,São Luís,34.1,78.5,17.64,1.04,46.36,26.1,74.8,67.68,Moderada,Jan,1,Verão,False,30.69,19.625,4.41,8.32,4.636,PM2.5,25-28 °C,70-85%
2020,1,2020-01-01,Nordeste,PB,João Pessoa,35.78,69.25,27.02,1.45,46.63,26.4,68.7,72.54,Moderada,Jan,1,Verão,False,32.202000000000005,17.3125,6.755,11.6,4.663,PM2.5,25-28 °C,55-70%
2020,1,2020-01-01,Centro-Oeste,DF,Brasília,44.17,68.49,33.13,1.27,40.18,23.0,84.3,79.3,Moderada,Jan,1,Verão,False,39.753,17.1225,8.2825,10.16,4.018,PM2.5,22-25 °C,70-85%
2020,1,2020-01-01,Centro-Oeste,GO,Goiânia,19.05,70.52,23.88,0.55,40.85,26.1,65.1,49.26,Boa,Jan,1,Verão,False,17.145,17.63,5.97,4.4,4.085,PM10,25-28 °C,55-70%
2020,1,2020-01-01,Centro-Oeste,GO,Aparecida de Goiânia,24.06,46.57,12.79,1.2,53.96,28.9,90.3,51.52,Moderada,Jan,1,Verão,False,21.654,11.6425,3.1975,9.6,5.396000000000001,PM2.5,acima de 28 °C,acima de 85%
2020,1,2020-01-01,Centro-Oeste,MT,Cuiabá,26.83,52.02,27.11,0.97,26.67,24.6,69.8,54.38,Moderada,Jan,1,Verão,False,24.147,13.005,6.7775,7.76,2.6670000000000003,PM2.5,22-25 °C,55-70%
2020,1,2020-01-01,Centro-Oeste,MS,Campo Grande,39.17,59.27,24.05,1.63,36.24,25.7,53.6,72.73,Moderada,Jan,1,Verão,False,35.253,14.8175,6.0125,13.04,3.6240000000000006,PM2.5,25-28 °C,até 55%
2020,1,2020-01-01,Sudeste,SP,São Paulo,36.04,59.73,35.52,1.75,28.5,22.0,73.9,73.1,Moderada,Jan,1,Verão,False,32.436,14.9325,8.88,14.0,2.85,PM2.5,até 22 °C,70-85%
2020,1,2020-01-01,Sudeste,SP,Campinas,39.9,68.75,36.17,1.37,35.98,23.0,86.8,76.7,Moderada,Jan,1,Verão,False,35.91,17.1875,9.0425,10.96,3.598,PM2.5,22-25 °C,acima de 85%
2020,1,2020-01-01,Sudeste,SP,Ribeirão Preto,46.42,23.86,23.84,0.32,62.67,23.0,47.0,62.53,Moderada,Jan,1,Verão,False,41.778000000000006,5.965,5.96,2.56,6.267,PM2.5,22-25 °C,até 55%
2020,1,2020-01-01,Sudeste,RJ,Rio de Janeiro,37.54,65.86,14.4,1.0,20.46,24.8,81.1,63.92,Moderada,Jan,1,Verão,False,33.786,16.465,3.6,8.0,2.0460000000000003,PM2.5,22-25 °C,70-85%
2020,1,2020-01-01,Sudeste,RJ,Niterói,33.68,88.42,28.14,0.75,37.35,21.4,41.7,69.21,Moderada,Jan,1,Verão,False,30.312,22.105,7.035,6.0,3.7350000000000003,PM2.5,até 22 °C,até 55%
2020,1,2020-01-01,Sudeste,RJ,Nova Iguaçu,25.23,58.39,31.7,1.21,41.34,20.5,47.0,59.03,Moderada,Jan,1,Verão,False,22.707,14.5975,7.925,9.68,4.134,PM2.5,até 22 °C,até 55%
2020,1,2020-01-01,Sudeste,RJ,Petrópolis,35.96,70.73,14.49,0.5,47.84,27.9,81.6,62.47,Moderada,Jan,1,Verão,False,32.364000000000004,17.6825,3.6225,4.0,4.784000000000001,PM2.5,25-28 °C,70-85%
2020,1,2020-01-01,Sudeste,MG,Belo Horizonte,24.33,71.22,13.47,0.99,28.18,27.2,76.2,53.79,Moderada,Jan,1,Verão,False,21.897,17.805,3.3675,7.92,2.818,PM2.5,25-28 °C,70-85%
2020,1,2020-01-01,Sudeste,MG,Uberlândia,37.77,63.63,20.15,0.76,47.86,29.3,51.8,65.77,Moderada,Jan,1,Verão,False,33.993,15.9075,5.0375,6.08,4.7860000000000005,PM2.5,acima de 28 °C,até 55%
2020,1,2020-01-01,Sudeste,MG,Juiz de Fora,27.85,82.46,28.68,0.66,57.59,21.1,58.8,63.89,Moderada,Jan,1,Verão,False,25.065,20.615,7.17,5.28,5.759,PM2.5,até 22 °C,55-70%
2020,1,2020-01-01,Sudeste,ES,Vitória,22.42,68.82,24.59,1.13,50.35,21.7,62.2,57.58,Moderada,Jan,1,Verão,False,20.178,17.205,6.1475,9.04,5.035,PM2.5,até 22 °C,55-70%
2020,1,2020-01-01,Sudeste,ES,Vila Velha,29.14,86.15,39.56,0.65,41.86,25.9,91.7,67.05,Moderada,Jan,1,Verão,False,26.226000000000003,21.5375,9.89,5.2,4.186,PM2.5,25-28 °C,acima de 85%
2020,1,2020-01-01,Sudeste,ES,Serra,36.32,43.59,31.31,1.72,42.46,22.4,53.6,69.43,Moderada,Jan,1,Verão,False,32.688,10.8975,7.8275,13.76,4.246,PM2.5,22-25 °C,até 55%
2020,1,2020-01-01,Sul,PR,Curitiba,27.7,84.74,11.78,1.15,44.37,20.4,88.9,62.69,Moderada,Jan,1,Verão,False,24.93,21.185,2.945,9.2,4.437,PM2.5,até 22 °C,acima de 85%
2020,1,2020-01-01,Sul,PR,Londrina,34.98,75.23,26.0,1.13,61.27,24.7,87.3,71.93,Moderada,Jan,1,Verão,False,31.482,18.8075,6.5,9.04,6.127000000000001,PM2.5,22-25 °C,acima de 85%
2020,1,2020-01-01,Sul,SC,Florianópolis,34.11,84.88,24.99,0.92,20.93,25.8,88.7,67.6,Moderada,Jan,1,Verão,False,30.699,21.22,6.2475,7.36,2.093,PM2.5,25-28 °C,acima de 85%
2020,1,2020-01-01,Sul,SC,Joinville,39.27,71.67,27.59,0.33,38.89,25.0,89.0,66.68,Moderada,Jan,1,Verão,False,35.343,17.9175,6.8975,2.64,3.8890000000000002,PM2.5,22-25 °C,acima de 85%
2020,1,2020-01-01,Sul,RS,Porto Alegre,29.95,84.2,20.31,0.46,58.64,25.9,42.8,62.61,Moderada,Jan,1,Verão,False,26.955,21.05,5.0775,3.68,5.864000000000001,PM2.5,25-28 °C,até 55%
2020,1,2020-01-01,Sul,RS,Caxias do Sul,34.73,79.52,29.92,1.47,38.23,26.9,58.3,74.17,Moderada,Jan,1,Verão,False,31.256999999999998,19.88,7.48,11.76,3.823,PM2.5,25-28 °C,55-70%
2020,2,2020-02-01,Norte,AM,Manaus,41.06,77.45,14.0,0.51,38.37,22.1,69.7,67.75,Moderada,Fev,1,Verão,False,36.954,19.3625,3.5,4.08,3.8369999999999997,PM2.5,22-25 °C,55-70%
2020,2,2020-02-01,Norte,PA,Belém,46.26,59.97,19.27,0.53,40.93,21.9,91.4,69.77,Moderada,Fev,1,Verão,False,41.634,14.9925,4.8175,4.24,4.093,PM2.5,até 22 °C,acima de 85%
2020,2,2020-02-01,Norte,PA,Santarém,30.27,49.33,24.27,0.99,40.9,26.4,72.5,57.64,Moderada,Fev,1,Verão,False,27.243,12.3325,6.0675,7.92,4.09,PM2.5,25-28 °C,70-85%
2020,2,2020-02-01,Norte,RO,Porto Velho,27.9,65.15,30.26,0.84,54.53,20.7,86.3,61.1,Moderada,Fev,1,Verão,False,25.11,16.2875,7.565,6.72,5.453,PM2.5,até 22 °C,acima de 85%
2020,2,2020-02-01,Norte,TO,Palmas,28.09,97.78,25.77,0.56,27.44,23.4,54.8,63.36,Moderada,Fev,1,Verão,False,25.281,24.445,6.4425,4.48,2.744,PM2.5,22-25 °C,até 55%
2020,2,2020-02-01,Nordeste,BA,Salvador,26.29,116.39,28.52,0.77,49.69,26.7,90.7,71.04,Moderada,Fev,1,Verão,False,23.661,29.0975,7.13,6.16,4.969,PM10,25-28 °C,acima de 85%
2020,2,2020-02-01,Nordeste,BA,Feira de Santana,31.72,53.83,30.08,1.5,49.95,23.6,64.8,66.51,Moderada,Fev,1,Verão,False,28.548,13.4575,7.52,12.0,4.995000000000001,PM2.5,22-25 °C,55-70%
2020,2,2020-02-01,Nordeste,PE,Recife,29.15,61.33,32.27,0.32,32.67,28.8,65.4,55.5,Moderada,Fev,1,Verão,False,26.235,15.3325,8.0675,2.56,3.2670000000000003,PM2.5,acima de 28 °C,55-70%
2020,2,2020-02-01,Nordeste,PE,Jaboatão dos Guararapes,25.59,85.17,18.66,1.64,46.55,28.6,92.4,66.75,Moderada,Fev,1,Verão,False,23.031,21.2925,4.665,13.12,4.655,PM2.5,acima de 28 °C,acima de 85%
2020,2,2020-02-01,Nordeste,CE,Fortaleza,14.35,94.27,20.63,1.57,44.21,24.9,73.2,58.61,Moderada,Fev,1,Verão,False,12.915,23.5675,5.1575,12.56,4.421,PM10,22-25 °C,70-85%
2020,2,2020-02-01,Nordeste,CE,Juazeiro do Norte,38.44,80.71,33.38,0.86,36.81,23.6,82.0,73.68,Moderada,Fev,1,Verão,False,34.596,20.1775,8.345,6.88,3.6810000000000005,PM2.5,22-25 °C,70-85%
2020,2,2020-02-01,Nordeste,MA,São Luís,25.2,49.3,27.72,0.5,34.74,29.8,54.5,49.39,Boa,Fev,1,Verão,False,22.68,12.325,6.93,4.0,3.474,PM2.5,acima de 28 °C,até 55%
2020,2,2020-02-01,Nordeste,PB,João Pessoa,38.36,63.96,33.06,0.81,55.63,20.6,45.7,70.83,Moderada,Fev,1,Verão,False,34.524,15.99,8.265,6.48,5.563000000000001,PM2.5,até 22 °C,até 55%
2020,2,2020-02-01,Centro-Oeste,DF,Brasília,38.57,76.75,15.89,0.89,55.23,28.7,68.2,70.54,Moderada,Fev,1,Verão,False,34.713,19.1875,3.9725,7.12,5.523,PM2.5,acima de 28 °C,55-70%
2020,2,2020-02-01,Centro-Oeste,GO,Goiânia,43.66,73.04,32.02,1.1,43.5,27.1,81.6,78.75,Moderada,Fev,1,Verão,False,39.294,18.26,8.005,8.8,4.3500000000000005,PM2.5,25-28 °C,70-85%
2020,2,2020-02-01,Centro-Oeste,GO,Aparecida de Goiânia,38.96,83.96,13.94,1.57,38.82,22.3,94.5,76.01,Moderada,Fev,1,Verão,False,35.064,20.99,3.485,12.56,3.882,PM2.5,22-25 °C,acima de 85%
2020,2,2020-02-01,Centro-Oeste,MT,Cuiabá,49.82,56.3,26.36,1.79,32.29,27.7,45.8,83.06,Ruim,Fev,1,Verão,True,44.838,14.075,6.59,14.32,3.229,PM2.5,25-28 °C,até 55%
2020,2,2020-02-01,Centro-Oeste,MS,Campo Grande,40.43,57.08,23.27,0.73,37.6,20.4,69.9,66.08,Moderada,Fev,1,Verão,False,36.387,14.27,5.8175,5.84,3.7600000000000002,PM2.5,até 22 °C,55-70%
2020,2,2020-02-01,Sudeste,SP,São Paulo,32.72,3.0,12.74,1.12,13.92,26.9,64.8,43.74,Boa,Fev,1,Verão,False,29.448,0.75,3.185,8.96,1.3920000000000001,PM2.5,25-28 °C,55-70%
2020,2,2020-02-01,Sudeste,SP,Campinas,31.24,80.91,8.94,0.59,39.79,22.2,77.6,59.32,Moderada,Fev,1,Verão,False,28.116,20.2275,2.235,4.72,3.979,PM2.5,22-25 °C,70-85%
2020,2,2020-02-01,Sudeste,SP,Ribeirão Preto,28.31,27.9,42.35,0.91,40.76,25.3,48.8,54.4,Moderada,Fev,1,Verão,False,25.479,6.975,10.5875,7.28,4.076,PM2.5,25-28 °C,até 55%
2020,2,2020-02-01,Sudeste,RJ,Rio de Janeiro,43.27,80.39,27.13,1.16,42.67,25.0,65.2,79.36,Moderada,Fev,1,Verão,False,38.943000000000005,20.0975,6.7825,9.28,4.267,PM2.5,22-25 °C,55-70%
2020,2,2020-02-01,Sudeste,RJ,Niterói,32.42,59.9,31.63,0.68,41.4,24.3,68.9,61.67,Moderada,Fev,1,Verão,False,29.178,14.975,7.9075,5.44,4.14,PM2.5,22-25 °C,55-70%
2020,2,2020-02-01,Sudeste,RJ,Nova Iguaçu,41.06,101.41,23.47,1.63,24.95,23.3,46.2,83.71,Ruim,Fev,1,Verão,True,36.954,25.3525,5.8675,13.04,2.495,PM2.5,22-25 °C,até 55%
2020,2,2020-02-01,Sudeste,RJ,Petrópolis,43.79,81.2,24.68,1.41,33.35,21.4,83.6,80.47,Ruim,Fev,1,Verão,True,39.411,20.3,6.17,11.28,3.3350000000000004,PM2.5,até 22 °C,70-85%
2020,2,2020-02-01,Sudeste,MG,Belo Horizonte,37.88,63.01,23.49,0.79,41.46,29.6,55.8,66.16,Moderada,Fev,1,Verão,False,34.092000000000006,15.7525,5.8725,6.32,4.146,PM2.5,acima de 28 °C,55-70%
2020,2,2020-02-01,Sudeste,MG,Uberlândia,28.13,72.87,16.65,0.66,31.11,18.4,85.0,56.07,Moderada,Fev,1,Verão,False,25.317,18.2175,4.1625,5.28,3.111,PM2.5,até 22 °C,70-85%
2020,2,2020-02-01,Sudeste,MG,Juiz de Fora,34.55,58.19,31.15,1.35,44.64,21.5,55.9,68.72,Moderada,Fev,1,Verão,False,31.095,14.5475,7.7875,10.8,4.464,PM2.5,até 22 °C,55-70%
2020,2,2020-02-01,Sudeste,ES,Vitória,23.21,73.42,23.04,1.69,56.26,24.8,80.9,64.11,Moderada,Fev,1,Verão,False,20.889000000000003,18.355,5.76,13.52,5.626,PM2.5,22-25 °C,70-85%
2020,2,2020-02-01,Sudeste,ES,Vila Velha,42.32,75.83,38.77,0.55,42.92,29.3,81.2,75.47,Moderada,Fev,1,Verão,False,38.088,18.9575,9.6925,4.4,4.292000000000001,PM2.5,acima de 28 °C,70-85%
2020,2,2020-02-01,Sudeste,ES,Serra,46.33,79.93,18.47,1.4,53.18,26.4,54.4,82.8,Ruim,Fev,1,Verão,True,41.697,19.9825,4.6175,11.2,5.3180000000000005,PM2.5,25-28 °C,até 55%
2020,2,2020-02-01,Sul,PR,Curitiba,21.41,71.61,14.58,1.61,41.99,29.9,77.9,57.86,Moderada,Fev,1,Verão,False,19.269000000000002,17.9025,3.645,12.88,4.199000000000001,PM2.5,acima de 28 °C,70-85%
2020,2,2020-02-01,Sul,PR,Londrina,36.21,65.38,26.93,1.51,33.38,23.5,86.9,71.12,Moderada,Fev,1,Verão,False,32.589,16.345,6.7325,12.08,3.3380000000000005,PM2.5,22-25 °C,acima de 85%
2020,2,2020-02-01,Sul,SC,Florianópolis,32.26,54.89,39.64,1.77,32.68,26.7,42.6,70.1,Moderada,Fev,1,Verão,False,29.034,13.7225,9.91,14.16,3.2680000000000002,PM2.5,25-28 °C,até 55%
2020,2,2020-02-01,Sul,SC,Joinville,31.75,76.67,25.81,0.49,54.48,26.8,80.6,63.55,Moderada,Fev,1,Verão,False,28.575,19.1675,6.4525,3.92,5.448,PM2.5,25-28 °C,70-85%
2020,2,2020-02-01,Sul,RS,Porto Alegre,46.45,72.12,17.86,1.12,31.85,27.1,70.3,76.44,Moderada,Fev,1,Verão,False,41.80500000000001,18.03,4.465,8.96,3.1850000000000005,PM2.5,25-28 °C,70-85%
2020,2,2020-02-01,Sul,RS,Caxias do Sul,35.09,49.41,32.67,0.69,45.33,33.9,70.5,62.19,Moderada,Fev,1,Verão,False,31.581000000000003,12.3525,8.1675,5.52,4.533,PM2.5,acima de 28 °C,70-85%
2020,3,2020-03-01,Norte,AM,Manaus,37.52,46.76,27.01,1.29,21.32,24.6,68.9,64.64,Moderada,Mar,1,Outono,False,33.768,11.69,6.7525,10.32,2.132,PM2.5,22-25 °C,55-70%
2020,3,2020-03-01,Norte,PA,Belém,40.15,122.5,19.18,1.73,33.68,25.6,72.6,88.79,Ruim,Mar,1,Outono,True,36.135,30.625,4.795,13.84,3.3680000000000003,PM2.5,25-28 °C,70-85%
2020,3,2020-03-01,Norte,PA,Santarém,15.53,119.53,21.87,1.26,37.77,21.5,58.8,63.19,Moderada,Mar,1,Outono,False,13.977,29.8825,5.4675,10.08,3.7770000000000006,PM10,até 22 °C,55-70%
2020,3,2020-03-01,Norte,RO,Porto Velho,40.03,111.34,24.9,0.73,39.12,28.0,49.9,79.84,Moderada,Mar,1,Outono,False,36.027,27.835,6.225,5.84,3.912,PM2.5,25-28 °C,até 55%
2020,3,2020-03-01,Norte,TO,Palmas,35.68,74.87,26.12,0.66,43.43,24.5,91.8,66.99,Moderada,Mar,1,Outono,False,32.112,18.7175,6.53,5.28,4.343,PM2.5,22-25 °C,acima de 85%
2020,3,2020-03-01,Nordeste,BA,Salvador,40.56,69.73,25.03,1.56,36.69,23.0,61.2,76.37,Moderada,Mar,1,Outono,False,36.504000000000005,17.4325,6.2575,12.48,3.669,PM2.5,22-25 °C,55-70%
2020,3,2020-03-01,Nordeste,BA,Feira de Santana,31.12,58.07,31.8,0.85,39.41,27.4,88.0,61.2,Moderada,Mar,1,Outono,False,28.008000000000003,14.5175,7.95,6.8,3.941,PM2.5,25-28 °C,acima de 85%
2020,3,2020-03-01,Nordeste,PE,Recife,33.98,51.76,20.0,1.5,54.82,25.4,41.6,66.01,Moderada,Mar,1,Outono,False,30.581999999999997,12.94,5.0,12.0,5.482,PM2.5,25-28 °C,até 55%
2020,3,2020-03-01,Nordeste,PE,Jaboatão dos Guararapes,39.06,91.12,20.6,1.65,48.06,21.7,89.4,81.06,Ruim,Mar,1,Outono,True,35.154,22.78,5.15,13.2,4.806000000000001,PM2.5,até 22 °C,acima de 85%
2020,3,2020-03-01,Nordeste,CE,Fortaleza,31.32,78.82,23.1,0.43,66.8,21.8,73.8,63.82,Moderada,Mar,1,Outono,False,28.188000000000002,19.705,5.775,3.44,6.68,PM2.5,até 22 °C,70-85%
2020,3,2020-03-01,Nordeste,CE,Juazeiro do Norte,27.32,55.07,33.73,1.78,41.26,27.3,50.5,65.17,Moderada,Mar,1,Outono,False,24.588,13.7675,8.4325,14.24,4.126,PM2.5,25-28 °C,até 55%
2020,3,2020-03-01,Nordeste,MA,São Luís,31.26,58.0,10.35,1.12,36.4,26.1,82.4,57.84,Moderada,Mar,1,Outono,False,28.134,14.5,2.5875,8.96,3.64,PM2.5,25-28 °C,70-85%
2020,3,2020-03-01,Nordeste,PB,João Pessoa,43.54,65.17,28.26,0.34,33.7,23.7,74.0,68.66,Moderada,Mar,1,Outono,False,39.186,16.2925,7.065,2.72,3.3700000000000006,PM2.5,22-25 °C,70-85%
2020,3,2020-03-01,Centro-Oeste,DF,Brasília,39.8,64.75,27.08,0.95,43.83,23.8,82.3,70.73,Moderada,Mar,1,Outono,False,35.82,16.1875,6.77,7.6,4.383,PM2.5,22-25 °C,70-85%
2020,3,2020-03-01,Centro-Oeste,GO,Goiânia,49.05,79.19,23.4,1.57,36.26,28.5,48.7,85.94,Ruim,Mar,1,Outono,True,44.144999999999996,19.7975,5.85,12.56,3.626,PM2.5,acima de 28 °C,até 55%
2020,3,2020-03-01,Centro-Oeste,GO,Aparecida de Goiânia,22.7,79.03,23.2,1.57,45.73,28.1,50.4,63.16,Moderada,Mar,1,Outono,False,20.43,19.7575,5.8,12.56,4.5729999999999995,PM2.5,acima de 28 °C,até 55%
2020,3,2020-03-01,Centro-Oeste,MT,Cuiabá,27.47,49.94,29.67,1.47,44.09,25.5,87.3,60.81,Moderada,Mar,1,Outono,False,24.723,12.485,7.4175,11.76,4.409000000000001,PM2.5,25-28 °C,acima de 85%
2020,3,2020-03-01,Centro-Oeste,MS,Campo Grande,31.27,88.61,23.15,0.59,67.83,17.8,71.1,67.58,Moderada,Mar,1,Outono,False,28.143,22.1525,5.7875,4.72,6.783,PM2.5,até 22 °C,70-85%
2020,3,2020-03-01,Sudeste,SP,São Paulo,43.4,120.13,21.78,0.75,32.44,22.1,55.8,83.81,Ruim,Mar,1,Outono,True,39.06,30.0325,5.445,6.0,3.2439999999999998,PM2.5,22-25 °C,55-70%
2020,3,2020-03-01,Sudeste,SP,Campinas,32.53,90.51,18.06,0.32,41.32,29.0,51.2,63.1,Moderada,Mar,1,Outono,False,29.277,22.6275,4.515,2.56,4.132000000000001,PM2.5,acima de 28 °C,até 55%
2020,3,2020-03-01,Sudeste,SP,Ribeirão Preto,36.61,83.85,22.29,0.5,35.93,24.6,83.5,67.09,Moderada,Mar,1,Outono,False,32.949,20.9625,5.5725,4.0,3.593,PM2.5,22-25 °C,70-85%
2020,3,2020-03-01,Sudeste,RJ,Rio de Janeiro,39.95,56.55,29.09,1.34,49.73,26.2,78.0,73.09,Moderada,Mar,1,Outono,False,35.955000000000005,14.1375,7.2725,10.72,4.973,PM2.5,25-28 °C,70-85%
2020,3,2020-03-01,Sudeste,RJ,Niterói,29.85,47.12,32.71,1.22,56.72,27.2,59.9,62.28,Moderada,Mar,1,Outono,False,26.865000000000002,11.78,8.1775,9.76,5.672000000000001,PM2.5,25-28 °C,55-70%
2020,3,2020-03-01,Sudeste,RJ,Nova Iguaçu,33.58,76.29,30.85,1.73,44.82,26.8,69.7,75.37,Moderada,Mar,1,Outono,False,30.221999999999998,19.0725,7.7125,13.84,4.482,PM2.5,25-28 °C,55-70%
2020,3,2020-03-01,Sudeste,RJ,Petrópolis,26.3,87.41,18.06,1.28,10.35,21.7,49.6,61.34,Moderada,Mar,1,Outono,False,23.67,21.8525,4.515,10.24,1.035,PM2.5,até 22 °C,até 55%
2020,3,2020-03-01,Sudeste,MG,Belo Horizonte,53.82,42.11,22.7,1.69,39.55,23.0,84.1,82.14,Ruim,Mar,1,Outono,True,48.438,10.5275,5.675,13.52,3.955,PM2.5,22-25 °C,70-85%
2020,3,2020-03-01,Sudeste,MG,Uberlândia,53.52,41.8,28.23,0.63,40.03,24.2,71.7,74.73,Moderada,Mar,1,Outono,False,48.168000000000006,10.45,7.0575,5.04,4.003,PM2.5,22-25 °C,70-85%
2020,3,2020-03-01,Sudeste,MG,Juiz de Fora,45.88,38.58,29.23,1.24,39.72,21.0,85.9,72.15,Moderada,Mar,1,Outono,False,41.292,9.645,7.3075,9.92,3.972,PM2.5,até 22 °C,acima de 85%
2020,3,2020-03-01,Sudeste,ES,Vitória,43.01,56.81,7.71,0.52,26.92,24.5,47.8,61.66,Moderada,Mar,1,Outono,False,38.708999999999996,14.2025,1.9275,4.16,2.692,PM2.5,22-25 °C,até 55%
2020,3,2020-03-01,Sudeste,ES,Vila Velha,46.16,72.14,39.74,0.72,60.55,24.8,41.8,81.33,Ruim,Mar,1,Outono,True,41.544,18.035,9.935,5.76,6.055,PM2.5,22-25 °C,até 55%
2020,3,2020-03-01,Sudeste,ES,Serra,26.83,44.11,10.3,1.16,55.33,29.2,85.6,52.56,Moderada,Mar,1,Outono,False,24.147,11.0275,2.575,9.28,5.533,PM2.5,acima de 28 °C,acima de 85%
2020,3,2020-03-01,Sul,PR,Curitiba,55.76,44.93,20.02,0.81,28.88,27.3,81.7,75.8,Moderada,Mar,1,Outono,False,50.184,11.2325,5.005,6.48,2.888,PM2.5,25-28 °C,70-85%
2020,3,2020-03-01,Sul,PR,Londrina,44.4,49.74,19.38,1.14,23.86,26.9,62.2,68.74,Moderada,Mar,1,Outono,False,39.96,12.435,4.845,9.12,2.386,PM2.5,25-28 °C,55-70%
2020,3,2020-03-01,Sul,SC,Florianópolis,34.06,43.95,33.23,1.11,36.75,23.0,49.4,62.51,Moderada,Mar,1,Outono,False,30.654000000000003,10.9875,8.3075,8.88,3.6750000000000003,PM2.5,22-25 °C,até 55%
2020,3,2020-03-01,Sul,SC,Joinville,37.97,44.17,28.97,1.49,22.03,21.8,90.2,66.58,Moderada,Mar,1,Outono,False,34.173,11.0425,7.2425,11.92,2.2030000000000003,PM2.5,até 22 °C,acima de 85%
2020,3,2020-03-01,Sul,RS,Porto Alegre,19.75,76.33,23.66,1.72,44.15,23.8,84.8,60.98,Moderada,Mar,1,Outono,False,17.775000000000002,19.0825,5.915,13.76,4.415,PM10,22-25 °C,70-85%
2020,3,2020-03-01,Sul,RS,Caxias do Sul,44.51,22.57,30.86,1.43,32.83,24.1,66.1,68.13,Moderada,Mar,1,Outono,False,40.059,5.6425,7.715,11.44,3.283,PM2.5,22-25 °C,55-70%
2020,4,2020-04-01,Norte,AM,Manaus,40.02,79.69,23.45,0.63,29.83,26.4,87.8,69.78,Moderada,Abr,2,Outono,False,36.018,19.9225,5.8625,5.04,2.983,PM2.5,25-28 °C,acima de 85%
2020,4,2020-04-01,Norte,PA,Belém,21.23,50.52,20.21,1.42,48.3,25.8,84.5,52.94,Moderada,Abr,2,Outono,False,19.107,12.63,5.0525,11.36,4.83,PM2.5,25-28 °C,70-85%
2020,4,2020-04-01,Norte,PA,Santarém,42.76,63.86,7.78,0.59,45.22,29.1,51.2,65.62,Moderada,Abr,2,Outono,False,38.484,15.965,1.945,4.72,4.522,PM2.5,acima de 28 °C,até 55%
2020,4,2020-04-01,Norte,RO,Porto Velho,21.69,96.34,22.25,0.87,31.71,25.5,54.9,59.3,Moderada,Abr,2,Outono,False,19.521,24.085,5.5625,6.96,3.1710000000000003,PM10,25-28 °C,até 55%
2020,4,2020-04-01,Norte,TO,Palmas,32.92,89.7,28.92,0.91,42.94,25.1,52.3,70.83,Moderada,Abr,2,Outono,False,29.628000000000004,22.425,7.23,7.28,4.294,PM2.5,25-28 °C,até 55%
2020,4,2020-04-01,Nordeste,BA,Salvador,48.88,72.32,32.62,0.8,45.41,27.6,85.2,81.14,Ruim,Abr,2,Outono,True,43.992000000000004,18.08,8.155,6.4,4.5409999999999995,PM2.5,25-28 °C,acima de 85%
2020,4,2020-04-01,Nordeste,BA,Feira de Santana,23.94,65.89,9.72,1.41,36.98,25.6,90.2,55.4,Moderada,Abr,2,Outono,False,21.546000000000003,16.4725,2.43,11.28,3.698,PM2.5,25-28 °C,acima de 85%
2020,4,2020-04-01,Nordeste,PE,Recife,27.53,55.53,15.42,1.79,39.25,26.2,51.3,60.76,Moderada,Abr,2,Outono,False,24.777,13.8825,3.855,14.32,3.9250000000000003,PM2.5,25-28 °C,até 55%
2020,4,2020-04-01,Nordeste,PE,Jaboatão dos Guararapes,32.15,5.04,35.46,0.88,46.82,25.6,86.3,50.79,Moderada,Abr,2,Outono,False,28.935,1.26,8.865,7.04,4.682,PM2.5,25-28 °C,acima de 85%
2020,4,2020-04-01,Nordeste,CE,Fortaleza,40.9,66.4,16.91,0.58,41.14,18.9,58.7,66.35,Moderada,Abr,2,Outono,False,36.81,16.6,4.2275,4.64,4.114,PM2.5,até 22 °C,55-70%
2020,4,2020-04-01,Nordeste,CE,Juazeiro do Norte,52.57,78.19,24.47,1.15,40.18,25.3,74.7,86.18,Ruim,Abr,2,Outono,True,47.313,19.5475,6.1175,9.2,4.018,PM2.5,25-28 °C,70-85%
2020,4,2020-04-01,Nordeste,MA,São Luís,35.8,65.55,40.99,1.34,51.83,20.7,85.4,74.75,Moderada,Abr,2,Outono,False,32.22,16.3875,10.2475,10.72,5.183,PM2.5,até 22 °C,acima de 85%
2020,4,2020-04-01,Nordeste,PB,João Pessoa,26.77,85.39,28.41,0.94,59.51,26.8,60.8,66.05,Moderada,Abr,2,Outono,False,24.093,21.3475,7.1025,7.52,5.9510000000000005,PM2.5,25-28 °C,55-70%
2020,4,2020-04-01,Centro-Oeste,DF,Brasília,41.17,57.34,14.69,0.43,42.32,19.9,46.4,62.74,Moderada,Abr,2,Outono,False,37.053000000000004,14.335,3.6725,3.44,4.232,PM2.5,até 22 °C,até 55%
2020,4,2020-04-01,Centro-Oeste,GO,Goiânia,27.21,31.61,21.0,1.48,44.57,26.3,75.2,53.92,Moderada,Abr,2,Outono,False,24.489,7.9025,5.25,11.84,4.457,PM2.5,25-28 °C,70-85%
2020,4,2020-04-01,Centro-Oeste,GO,Aparecida de Goiânia,21.17,64.08,25.96,0.62,19.03,25.5,92.7,48.44,Boa,Abr,2,Outono,False,19.053,16.02,6.49,4.96,1.9030000000000002,PM2.5,25-28 °C,acima de 85%
2020,4,2020-04-01,Centro-Oeste,MT,Cuiabá,23.86,49.72,23.91,1.19,49.77,28.5,48.5,54.39,Moderada,Abr,2,Outono,False,21.474,12.43,5.9775,9.52,4.977,PM2.5,acima de 28 °C,até 55%
2020,4,2020-04-01,Centro-Oeste,MS,Campo Grande,33.5,45.2,23.33,0.3,44.34,22.0,63.1,54.12,Moderada,Abr,2,Outono,False,30.150000000000002,11.3,5.8325,2.4,4.434,PM2.5,até 22 °C,55-70%
2020,4,2020-04-01,Sudeste,SP,São Paulo,33.62,68.9,23.91,1.06,36.35,24.4,83.9,65.56,Moderada,Abr,2,Outono,False,30.258,17.225,5.9775,8.48,3.6350000000000002,PM2.5,22-25 °C,70-85%
2020,4,2020-04-01,Sudeste,SP,Campinas,28.37,78.72,14.84,0.9,49.47,23.4,92.7,61.06,Moderada,Abr,2,Outono,False,25.533,19.68,3.71,7.2,4.947,PM2.5,22-25 °C,acima de 85%
2020,4,2020-04-01,Sudeste,SP,Ribeirão Preto,29.73,79.1,18.42,1.51,43.43,27.5,81.1,67.55,Moderada,Abr,2,Outono,False,26.757,19.775,4.605,12.08,4.343,PM2.5,25-28 °C,70-85%
2020,4,2020-04-01,Sudeste,RJ,Rio de Janeiro,75.13,61.05,35.59,1.46,37.72,32.2,59.5,107.23,Ruim,Abr,2,Outono,True,67.617,15.2625,8.8975,11.68,3.7720000000000002,PM2.5,acima de 28 °C,55-70%
2020,4,2020-04-01,Sudeste,RJ,Niterói,25.7,60.37,22.41,0.38,48.11,25.3,76.9,51.66,Moderada,Abr,2,Outono,False,23.13,15.0925,5.6025,3.04,4.811,PM2.5,25-28 °C,70-85%
2020,4,2020-04-01,Sudeste,RJ,Nova Iguaçu,35.94,79.03,30.64,1.11,29.3,22.1,89.9,71.57,Moderada,Abr,2,Outono,False,32.346,19.7575,7.66,8.88,2.93,PM2.5,22-25 °C,acima de 85%
2020,4,2020-04-01,Sudeste,RJ,Petrópolis,35.69,76.03,23.37,0.98,45.45,27.0,52.2,69.33,Moderada,Abr,2,Outono,False,32.121,19.0075,5.8425,7.84,4.545000000000001,PM2.5,25-28 °C,até 55%
2020,4,2020-04-01,Sudeste,MG,Belo Horizonte,41.57,60.08,12.67,1.79,46.29,25.6,85.7,74.55,Moderada,Abr,2,Outono,False,37.413000000000004,15.02,3.1675,14.32,4.6290000000000004,PM2.5,25-28 °C,acima de 85%
2020,4,2020-04-01,Sudeste,MG,Uberlândia,33.33,74.75,26.46,1.28,46.9,26.2,57.3,70.21,Moderada,Abr,2,Outono,False,29.997,18.6875,6.615,10.24,4.69,PM2.5,25-28 °C,55-70%
2020,4,2020-04-01,Sudeste,MG,Juiz de Fora,47.88,85.36,18.14,1.51,25.82,19.5,80.8,83.64,Ruim,Abr,2,Outono,True,43.092000000000006,21.34,4.535,12.08,2.5820000000000003,PM2.5,até 22 °C,70-85%
2020,4,2020-04-01,Sudeste,ES,Vitória,24.85,82.15,34.86,0.45,29.58,28.7,45.5,58.14,Moderada,Abr,2,Outono,False,22.365000000000002,20.5375,8.715,3.6,2.958,PM2.5,acima de 28 °C,até 55%
2020,4,2020-04-01,Sudeste,ES,Vila Velha,46.16,96.81,25.47,1.06,41.2,30.6,50.4,84.69,Ruim,Abr,2,Outono,True,41.544,24.2025,6.3675,8.48,4.12,PM2.5,acima de 28 °C,até 55%
2020,4,2020-04-01,Sudeste,ES,Serra,37.78,68.28,15.47,0.71,57.13,28.0,66.5,66.35,Moderada,Abr,2,Outono,False,34.002,17.07,3.8675,5.68,5.713000000000001,PM2.5,25-28 °C,55-70%
2020,4,2020-04-01,Sul,PR,Curitiba,38.76,62.24,10.58,1.47,50.99,18.1,49.3,69.97,Moderada,Abr,2,Outono,False,34.884,15.56,2.645,11.76,5.099,PM2.5,até 22 °C,até 55%
2020,4,2020-04-01,Sul,PR,Londrina,41.31,58.68,10.79,0.99,49.19,23.1,89.7,67.36,Moderada,Abr,2,Outono,False,37.179,14.67,2.6975,7.92,4.9190000000000005,PM2.5,22-25 °C,acima de 85%
2020,4,2020-04-01,Sul,SC,Florianópolis,44.27,63.81,4.94,1.74,30.33,24.3,92.4,73.97,Moderada,Abr,2,Outono,False,39.843,15.9525,1.235,13.92,3.033,PM2.5,22-25 °C,acima de 85%
2020,4,2020-04-01,Sul,SC,Joinville,26.21,62.58,31.6,0.71,32.68,24.3,59.3,56.08,Moderada,Abr,2,Outono,False,23.589000000000002,15.645,7.9,5.68,3.2680000000000002,PM2.5,22-25 °C,55-70%
2020,4,2020-04-01,Sul,RS,Porto Alegre,34.65,47.21,35.26,0.62,33.77,28.2,81.8,60.13,Moderada,Abr,2,Outono,False,31.185,11.8025,8.815,4.96,3.3770000000000007,PM2.5,acima de 28 °C,70-85%
2020,4,2020-04-01,Sul,RS,Caxias do Sul,45.15,100.63,20.35,1.47,46.62,27.8,55.8,87.32,Ruim,Abr,2,Outono,True,40.635,25.1575,5.0875,11.76,4.662,PM2.5,25-28 °C,55-70%
2020,5,2020-05-01,Norte,AM,Manaus,6.4,90.95,38.46,0.68,38.38,21.6,92.1,47.39,Boa,Mai,2,Outono,False,5.760000000000001,22.7375,9.615,5.44,3.8380000000000005,PM10,até 22 °C,acima de 85%
2020,5,2020-05-01,Norte,PA,Belém,44.0,53.87,27.72,0.35,50.65,25.5,93.8,67.88,Moderada,Mai,2,Outono,False,39.6,13.4675,6.93,2.8,5.065,PM2.5,25-28 °C,acima de 85%
2020,5,2020-05-01,Norte,PA,Santarém,26.91,63.4,15.77,0.67,35.4,20.1,60.2,52.95,Moderada,Mai,2,Outono,False,24.219,15.85,3.9425,5.36,3.54,PM2.5,até 22 °C,55-70%
2020,5,2020-05-01,Norte,RO,Porto Velho,42.99,62.81,22.19,0.59,46.58,22.8,84.9,69.3,Moderada,Mai,2,Outono,False,38.691,15.7025,5.5475,4.72,4.658,PM2.5,22-25 °C,70-85%
2020,5,2020-05-01,Norte,TO,Palmas,30.07,50.69,29.18,1.47,54.8,27.5,88.7,64.3,Moderada,Mai,2,Outono,False,27.063000000000002,12.6725,7.295,11.76,5.48,PM2.5,25-28 °C,acima de 85%
2020,5,2020-05-01,Nordeste,BA,Salvador,35.52,62.86,19.82,1.68,31.23,28.2,90.0,69.17,Moderada,Mai,2,Outono,False,31.968000000000004,15.715,4.955,13.44,3.123,PM2.5,acima de 28 °C,acima de 85%
2020,5,2020-05-01,Nordeste,BA,Feira de Santana,44.47,56.23,21.53,0.55,49.87,26.6,94.3,68.87,Moderada,Mai,2,Outono,False,40.023,14.0575,5.3825,4.4,4.987,PM2.5,25-28 °C,acima de 85%
2020,5,2020-05-01,Nordeste,PE,Recife,37.29,72.53,25.83,0.78,28.06,23.0,54.8,67.21,Moderada,Mai,2,Outono,False,33.561,18.1325,6.4575,6.24,2.806,PM2.5,22-25 °C,até 55%
2020,5,2020-05-01,Nordeste,PE,Jaboatão dos Guararapes,33.14,51.58,30.13,1.46,38.4,22.3,56.3,65.79,Moderada,Mai,2,Outono,False,29.826,12.895,7.5325,11.68,3.84,PM2.5,22-25 °C,55-70%
2020,5,2020-05-01,Nordeste,CE,Fortaleza,32.57,83.56,16.6,0.61,43.28,24.4,61.2,63.57,Moderada,Mai,2,Outono,False,29.313000000000002,20.89,4.15,4.88,4.328,PM2.5,22-25 °C,55-70%
2020,5,2020-05-01,Nordeste,CE,Juazeiro do Norte,45.7,82.21,32.26,1.52,45.91,31.7,54.8,86.53,Ruim,Mai,2,Outono,True,41.13,20.5525,8.065,12.16,4.591,PM2.5,acima de 28 °C,até 55%
2020,5,2020-05-01,Nordeste,MA,São Luís,32.26,68.47,18.17,1.74,34.47,28.2,40.7,68.06,Moderada,Mai,2,Outono,False,29.034,17.1175,4.5425,13.92,3.447,PM2.5,acima de 28 °C,até 55%
2020,5,2020-05-01,Nordeste,PB,João Pessoa,42.11,53.27,34.38,1.39,55.21,18.7,51.2,76.46,Moderada,Mai,2,Outono,False,37.899,13.3175,8.595,11.12,5.521000000000001,PM2.5,até 22 °C,até 55%
2020,5,2020-05-01,Centro-Oeste,DF,Brasília,37.75,76.39,29.21,0.61,53.17,26.6,70.3,70.59,Moderada,Mai,2,Outono,False,33.975,19.0975,7.3025,4.88,5.317,PM2.5,25-28 °C,70-85%
2020,5,2020-05-01,Centro-Oeste,GO,Goiânia,47.25,91.92,31.63,0.87,38.71,20.5,89.3,84.23,Ruim,Mai,2,Outono,True,42.525,22.98,7.9075,6.96,3.8710000000000004,PM2.5,até 22 °C,acima de 85%
2020,5,2020-05-01,Centro-Oeste,GO,Aparecida de Goiânia,54.32,46.81,18.47,1.06,47.41,22.1,82.5,78.44,Moderada,Mai,2,Outono,False,48.888,11.7025,4.6175,8.48,4.741,PM2.5,22-25 °C,70-85%
2020,5,2020-05-01,Centro-Oeste,MT,Cuiabá,23.03,50.38,11.09,0.76,40.53,22.7,76.9,46.21,Boa,Mai,2,Outono,False,20.727,12.595,2.7725,6.08,4.053,PM2.5,22-25 °C,70-85%
2020,5,2020-05-01,Centro-Oeste,MS,Campo Grande,41.67,82.18,26.92,1.8,43.89,28.4,93.7,83.55,Ruim,Mai,2,Outono,True,37.503,20.545,6.73,14.4,4.389,PM2.5,acima de 28 °C,acima de 85%
2020,5,2020-05-01,Sudeste,SP,São Paulo,26.74,69.26,31.4,0.5,26.79,21.7,53.3,55.92,Moderada,Mai,2,Outono,False,24.066,17.315,7.85,4.0,2.6790000000000003,PM2.5,até 22 °C,até 55%
2020,5,2020-05-01,Sudeste,SP,Campinas,30.35,72.71,19.01,1.07,27.94,20.9,66.6,61.6,Moderada,Mai,2,Outono,False,27.315,18.1775,4.7525,8.56,2.7940000000000005,PM2.5,até 22 °C,55-70%
2020,5,2020-05-01,Sudeste,SP,Ribeirão Preto,23.73,48.1,35.04,0.31,40.19,29.4,47.6,48.62,Boa,Mai,2,Outono,False,21.357,12.025,8.76,2.48,4.019,PM2.5,acima de 28 °C,até 55%
2020,5,2020-05-01,Sudeste,RJ,Rio de Janeiro,30.08,50.96,14.93,0.58,47.43,29.3,85.1,52.89,Moderada,Mai,2,Outono,False,27.072,12.74,3.7325,4.64,4.743,PM2.5,acima de 28 °C,acima de 85%
2020,5,2020-05-01,Sudeste,RJ,Niterói,31.85,72.32,19.65,0.49,49.35,27.6,83.6,60.53,Moderada,Mai,2,Outono,False,28.665000000000003,18.08,4.9125,3.92,4.9350000000000005,PM2.5,25-28 °C,70-85%
2020,5,2020-05-01,Sudeste,RJ,Nova Iguaçu,35.52,76.25,10.62,1.65,33.89,26.4,71.0,70.29,Moderada,Mai,2,Outono,False,31.968000000000004,19.0625,2.655,13.2,3.3890000000000002,PM2.5,25-28 °C,70-85%
2020,5,2020-05-01,Sudeste,RJ,Petrópolis,31.98,55.55,20.89,1.41,45.16,25.1,47.7,63.69,Moderada,Mai,2,Outono,False,28.782,13.8875,5.2225,11.28,4.516,PM2.5,25-28 °C,até 55%
2020,5,2020-05-01,Sudeste,MG,Belo Horizonte,28.66,91.48,21.23,1.37,49.25,27.0,89.0,69.84,Moderada,Mai,2,Outono,False,25.794,22.87,5.3075,10.96,4.925000000000001,PM2.5,25-28 °C,acima de 85%
2020,5,2020-05-01,Sudeste,MG,Uberlândia,42.78,70.21,18.14,0.51,46.32,26.1,81.9,69.32,Moderada,Mai,2,Outono,False,38.502,17.5525,4.535,4.08,4.632000000000001,PM2.5,25-28 °C,70-85%
2020,5,2020-05-01,Sudeste,MG,Juiz de Fora,38.46,94.28,13.73,0.66,40.3,24.2,46.4,70.96,Moderada,Mai,2,Outono,False,34.614000000000004,23.57,3.4325,5.28,4.03,PM2.5,22-25 °C,até 55%
2020,5,2020-05-01,Sudeste,ES,Vitória,37.88,99.86,16.85,0.96,29.28,26.5,81.7,73.9,Moderada,Mai,2,Outono,False,34.092000000000006,24.965,4.2125,7.68,2.9280000000000004,PM2.5,25-28 °C,70-85%
2020,5,2020-05-01,Sudeste,ES,Vila Velha,40.01,45.89,10.74,1.55,30.38,25.3,73.3,65.63,Moderada,Mai,2,Outono,False,36.009,11.4725,2.685,12.4,3.0380000000000003,PM2.5,25-28 °C,70-85%
2020,5,2020-05-01,Sudeste,ES,Serra,48.83,40.63,28.46,0.35,49.83,25.8,75.4,69.0,Moderada,Mai,2,Outono,False,43.947,10.1575,7.115,2.8,4.9830000000000005,PM2.5,25-28 °C,70-85%
2020,5,2020-05-01,Sul,PR,Curitiba,52.1,81.55,24.81,0.8,35.84,26.3,77.8,83.42,Ruim,Mai,2,Outono,True,46.89,20.3875,6.2025,6.4,3.5840000000000005,PM2.5,25-28 °C,70-85%
2020,5,2020-05-01,Sul,PR,Londrina,34.77,40.92,23.93,0.71,40.85,23.7,57.5,57.3,Moderada,Mai,2,Outono,False,31.293000000000003,10.23,5.9825,5.68,4.085,PM2.5,22-25 °C,55-70%
2020,5,2020-05-01,Sul,SC,Florianópolis,50.02,76.17,38.37,0.46,35.45,22.6,54.8,80.86,Ruim,Mai,2,Outono,True,45.018,19.0425,9.5925,3.68,3.5450000000000004,PM2.5,22-25 °C,até 55%
2020,5,2020-05-01,Sul,SC,Joinville,39.22,77.8,21.19,0.76,44.55,29.6,52.1,70.55,Moderada,Mai,2,Outono,False,35.298,19.45,5.2975,6.08,4.455,PM2.5,acima de 28 °C,até 55%
2020,5,2020-05-01,Sul,RS,Porto Alegre,29.21,54.6,31.41,1.79,34.55,17.6,53.8,65.55,Moderada,Mai,2,Outono,False,26.289,13.65,7.8525,14.32,3.455,PM2.5,até 22 °C,até 55%
2020,5,2020-05-01,Sul,RS,Caxias do Sul,41.05,25.7,24.34,1.33,45.87,25.6,40.1,64.72,Moderada,Mai,2,Outono,False,36.945,6.425,6.085,10.64,4.587,PM2.5,25-28 °C,até 55%
2020,6,2020-06-01,Norte,AM,Manaus,37.69,81.79,25.07,1.75,58.35,23.9,72.3,80.5,Ruim,Jun,2,Inverno,True,33.921,20.4475,6.2675,14.0,5.835000000000001,PM2.5,22-25 °C,70-85%
2020,6,2020-06-01,Norte,PA,Belém,46.98,40.7,22.9,0.52,43.74,26.4,57.2,66.71,Moderada,Jun,2,Inverno,False,42.282,10.175,5.725,4.16,4.3740000000000006,PM2.5,25-28 °C,55-70%
2020,6,2020-06-01,Norte,PA,Santarém,30.01,53.75,24.97,1.27,32.06,23.1,53.4,60.03,Moderada,Jun,2,Inverno,False,27.009,13.4375,6.2425,10.16,3.2060000000000004,PM2.5,22-25 °C,até 55%
2020,6,2020-06-01,Norte,RO,Porto Velho,33.85,77.59,15.43,1.26,66.2,25.7,47.5,70.44,Moderada,Jun,2,Inverno,False,30.465000000000003,19.3975,3.8575,10.08,6.620000000000001,PM2.5,25-28 °C,até 55%
2020,6,2020-06-01,Norte,TO,Palmas,61.27,70.99,28.93,1.24,54.57,28.1,40.6,95.53,Ruim,Jun,2,Inverno,True,55.143,17.7475,7.2325,9.92,5.457000000000001,PM2.5,acima de 28 °C,até 55%
2020,6,2020-06-01,Nordeste,BA,Salvador,42.39,50.6,20.65,0.51,17.68,31.1,70.2,61.81,Moderada,Jun,2,Inverno,False,38.151,12.65,5.1625,4.08,1.768,PM2.5,acima de 28 °C,70-85%
2020,6,2020-06-01,Nordeste,BA,Feira de Santana,51.92,95.28,25.98,0.64,33.04,30.1,85.3,85.47,Ruim,Jun,2,Inverno,True,46.728,23.82,6.495,5.12,3.3040000000000003,PM2.5,acima de 28 °C,acima de 85%
2020,6,2020-06-01,Nordeste,PE,Recife,47.07,58.65,19.89,1.49,41.48,27.7,40.9,78.07,Moderada,Jun,2,Inverno,False,42.363,14.6625,4.9725,11.92,4.148,PM2.5,25-28 °C,até 55%
2020,6,2020-06-01,Nordeste,PE,Jaboatão dos Guararapes,54.98,46.45,25.67,1.14,48.62,20.1,54.2,81.49,Ruim,Jun,2,Inverno,True,49.482,11.6125,6.4175,9.12,4.862,PM2.5,até 22 °C,até 55%
2020,6,2020-06-01,Nordeste,CE,Fortaleza,20.95,72.64,42.74,0.62,42.52,23.6,63.4,56.94,Moderada,Jun,2,Inverno,False,18.855,18.16,10.685,4.96,4.252000000000001,PM2.5,22-25 °C,55-70%
2020,6,2020-06-01,Nordeste,CE,Juazeiro do Norte,48.9,74.3,39.01,1.14,23.0,24.0,49.3,83.77,Ruim,Jun,2,Inverno,True,44.01,18.575,9.7525,9.12,2.3000000000000003,PM2.5,22-25 °C,até 55%
2020,6,2020-06-01,Nordeste,MA,São Luís,33.75,66.86,13.45,1.44,54.53,28.8,82.8,67.39,Moderada,Jun,2,Inverno,False,30.375,16.715,3.3625,11.52,5.453,PM2.5,acima de 28 °C,70-85%
2020,6,2020-06-01,Nordeste,PB,João Pessoa,32.25,104.13,31.66,0.97,43.1,26.2,44.4,75.06,Moderada,Jun,2,Inverno,False,29.025000000000002,26.0325,7.915,7.76,4.3100000000000005,PM2.5,25-28 °C,até 55%
2020,6,2020-06-01,Centro-Oeste,DF,Brasília,23.81,67.98,24.44,1.52,32.4,26.8,54.8,59.9,Moderada,Jun,2,Inverno,False,21.429,16.995,6.11,12.16,3.24,PM2.5,25-28 °C,até 55%
2020,6,2020-06-01,Centro-Oeste,GO,Goiânia,27.11,78.71,31.37,1.59,61.42,22.9,60.4,70.75,Moderada,Jun,2,Inverno,False,24.399,19.6775,7.8425,12.72,6.142,PM2.5,22-25 °C,55-70%
2020,6,2020-06-01,Centro-Oeste,GO,Aparecida de Goiânia,25.89,93.64,21.02,1.73,61.07,30.2,72.2,71.92,Moderada,Jun,2,Inverno,False,23.301000000000002,23.41,5.255,13.84,6.107,PM10,acima de 28 °C,70-85%
2020,6,2020-06-01,Centro-Oeste,MT,Cuiabá,28.76,64.18,32.12,1.23,56.92,26.3,88.1,65.48,Moderada,Jun,2,Inverno,False,25.884,16.045,8.03,9.84,5.692,PM2.5,25-28 °C,acima de 85%
2020,6,2020-06-01,Centro-Oeste,MS,Campo Grande,22.49,77.21,22.87,1.03,47.24,21.3,55.2,58.19,Moderada,Jun,2,Inverno,False,20.241,19.3025,5.7175,8.24,4.724,PM2.5,até 22 °C,55-70%
2020,6,2020-06-01,Sudeste,SP,São Paulo,45.82,82.82,22.33,0.58,40.82,24.5,42.7,76.26,Moderada,Jun,2,Inverno,False,41.238,20.705,5.5825,4.64,4.082,PM2.5,22-25 °C,até 55%
2020,6,2020-06-01,Sudeste,SP,Campinas,24.92,79.4,11.34,0.93,50.74,28.7,87.0,57.61,Moderada,Jun,2,Inverno,False,22.428,19.85,2.835,7.44,5.074000000000001,PM2.5,acima de 28 °C,acima de 85%
2020,6,2020-06-01,Sudeste,SP,Ribeirão Preto,45.26,81.81,31.7,0.68,33.82,23.5,57.1,77.92,Moderada,Jun,2,Inverno,False,40.734,20.4525,7.925,5.44,3.382,PM2.5,22-25 °C,55-70%
2020,6,2020-06-01,Sudeste,RJ,Rio de Janeiro,36.19,70.95,23.24,0.71,42.75,28.6,69.3,66.05,Moderada,Jun,2,Inverno,False,32.571,17.7375,5.81,5.68,4.275,PM2.5,acima de 28 °C,55-70%
2020,6,2020-06-01,Sudeste,RJ,Niterói,41.81,58.64,20.06,0.89,43.06,27.4,62.1,68.77,Moderada,Jun,2,Inverno,False,37.629000000000005,14.66,5.015,7.12,4.306,PM2.5,25-28 °C,55-70%
2020,6,2020-06-01,Sudeste,RJ,Nova Iguaçu,42.89,41.12,21.85,1.46,30.09,28.2,55.9,69.02,Moderada,Jun,2,Inverno,False,38.601,10.28,5.4625,11.68,3.0090000000000003,PM2.5,acima de 28 °C,55-70%
2020,6,2020-06-01,Sudeste,RJ,Petrópolis,37.87,72.39,21.01,1.05,42.69,25.3,55.0,70.09,Moderada,Jun,2,Inverno,False,34.083,18.0975,5.2525,8.4,4.269,PM2.5,25-28 °C,até 55%
2020,6,2020-06-01,Sudeste,MG,Belo Horizonte,39.1,78.17,28.29,1.63,40.17,23.5,44.8,78.87,Moderada,Jun,2,Inverno,False,35.190000000000005,19.5425,7.0725,13.04,4.017,PM2.5,22-25 °C,até 55%
2020,6,2020-06-01,Sudeste,MG,Uberlândia,29.93,69.61,21.4,0.6,21.11,26.5,49.4,56.62,Moderada,Jun,2,Inverno,False,26.937,17.4025,5.35,4.8,2.111,PM2.5,25-28 °C,até 55%
2020,6,2020-06-01,Sudeste,MG,Juiz de Fora,16.39,89.19,26.4,1.17,33.79,23.7,46.4,56.42,Moderada,Jun,2,Inverno,False,14.751000000000001,22.2975,6.6,9.36,3.379,PM10,22-25 °C,até 55%
2020,6,2020-06-01,Sudeste,ES,Vitória,37.56,71.73,17.78,1.17,65.96,25.7,74.1,72.13,Moderada,Jun,2,Inverno,False,33.804,17.9325,4.445,9.36,6.596,PM2.5,25-28 °C,70-85%
2020,6,2020-06-01,Sudeste,ES,Vila Velha,4.75,89.65,20.4,1.28,28.6,23.9,78.6,44.91,Boa,Jun,2,Inverno,False,4.275,22.4125,5.1,10.24,2.8600000000000003,PM10,22-25 °C,70-85%
2020,6,2020-06-01,Sudeste,ES,Serra,28.93,55.23,41.03,0.35,40.26,24.3,43.8,56.92,Moderada,Jun,2,Inverno,False,26.037,13.8075,10.2575,2.8,4.026,PM2.5,22-25 °C,até 55%
2020,6,2020-06-01,Sul,PR,Curitiba,52.56,65.68,15.13,0.98,26.9,22.4,79.5,78.0,Moderada,Jun,2,Inverno,False,47.304,16.42,3.7825,7.84,2.69,PM2.5,22-25 °C,70-85%
2020,6,2020-06-01,Sul,PR,Londrina,33.33,68.59,22.27,0.57,39.7,22.6,83.1,61.23,Moderada,Jun,2,Inverno,False,29.997,17.1475,5.5675,4.56,3.9700000000000006,PM2.5,22-25 °C,70-85%
2020,6,2020-06-01,Sul,SC,Florianópolis,37.92,85.2,18.58,0.84,36.45,27.5,41.1,70.42,Moderada,Jun,2,Inverno,False,34.128,21.3,4.645,6.72,3.6450000000000005,PM2.5,25-28 °C,até 55%
2020,6,2020-06-01,Sul,SC,Joinville,33.75,55.72,24.05,1.38,42.88,25.9,41.4,65.62,Moderada,Jun,2,Inverno,False,30.375,13.93,6.0125,11.04,4.288,PM2.5,25-28 °C,até 55%
2020,6,2020-06-01,Sul,RS,Porto Alegre,47.26,38.63,37.46,1.37,41.42,21.7,70.9,76.62,Moderada,Jun,2,Inverno,False,42.534,9.6575,9.365,10.96,4.142,PM2.5,até 22 °C,70-85%
2020,6,2020-06-01,Sul,RS,Caxias do Sul,22.0,68.97,26.66,1.3,49.9,27.4,82.7,59.06,Moderada,Jun,2,Inverno,False,19.8,17.2425,6.665,10.4,4.99,PM2.5,25-28 °C,70-85%
2020,7,2020-07-01,Norte,AM,Manaus,33.14,88.8,1.4,1.64,38.27,24.5,80.7,69.36,Moderada,Jul,3,Inverno,False,29.826,22.2,0.35,13.12,3.8270000000000004,PM2.5,22-25 °C,70-85%
2020,7,2020-07-01,Norte,PA,Belém,48.06,78.53,46.31,0.89,40.96,27.3,57.6,85.65,Ruim,Jul,3,Inverno,True,43.254000000000005,19.6325,11.5775,7.12,4.096,PM2.5,25-28 °C,55-70%
2020,7,2020-07-01,Norte,PA,Santarém,36.39,59.61,29.61,0.78,26.19,21.6,93.4,63.87,Moderada,Jul,3,Inverno,False,32.751000000000005,14.9025,7.4025,6.24,2.619,PM2.5,até 22 °C,acima de 85%
2020,7,2020-07-01,Norte,RO,Porto Velho,19.5,46.36,23.36,1.12,16.81,25.0,90.9,45.61,Boa,Jul,3,Inverno,False,17.55,11.59,5.84,8.96,1.681,PM2.5,22-25 °C,acima de 85%
2020,7,2020-07-01,Norte,TO,Palmas,38.9,59.28,13.77,0.73,46.28,21.4,80.8,63.77,Moderada,Jul,3,Inverno,False,35.01,14.82,3.4425,5.84,4.628,PM2.5,até 22 °C,70-85%
2020,7,2020-07-01,Nordeste,BA,Salvador,43.66,34.88,32.07,0.61,36.86,28.3,82.0,64.58,Moderada,Jul,3,Inverno,False,39.294,8.72,8.0175,4.88,3.686,PM2.5,acima de 28 °C,70-85%
2020,7,2020-07-01,Nordeste,BA,Feira de Santana,44.85,42.36,29.64,1.69,63.3,29.3,91.9,78.2,Moderada,Jul,3,Inverno,False,40.365,10.59,7.41,13.52,6.33,PM2.5,acima de 28 °C,acima de 85%
2020,7,2020-07-01,Nordeste,PE,Recife,36.85,65.27,28.23,1.01,47.25,22.6,46.3,69.36,Moderada,Jul,3,Inverno,False,33.165,16.3175,7.0575,8.08,4.7250000000000005,PM2.5,22-25 °C,até 55%
2020,7,2020-07-01,Nordeste,PE,Jaboatão dos Guararapes,26.35,106.51,26.74,0.36,36.25,26.6,42.0,63.56,Moderada,Jul,3,Inverno,False,23.715000000000003,26.6275,6.685,2.88,3.625,PM10,25-28 °C,até 55%
2020,7,2020-07-01,Nordeste,CE,Fortaleza,25.22,30.34,23.67,0.91,36.17,28.9,68.9,47.11,Boa,Jul,3,Inverno,False,22.698,7.585,5.9175,7.28,3.6170000000000004,PM2.5,acima de 28 °C,55-70%
2020,7,2020-07-01,Nordeste,CE,Juazeiro do Norte,43.45,78.64,14.92,1.22,39.71,22.2,85.8,76.26,Moderada,Jul,3,Inverno,False,39.105000000000004,19.66,3.73,9.76,3.971,PM2.5,22-25 °C,acima de 85%
2020,7,2020-07-01,Nordeste,MA,São Luís,36.27,89.9,30.73,0.77,47.39,23.1,77.0,73.71,Moderada,Jul,3,Inverno,False,32.643,22.475,7.6825,6.16,4.739,PM2.5,22-25 °C,70-85%
2020,7,2020-07-01,Nordeste,PB,João Pessoa,52.79,66.15,14.31,0.46,49.74,21.9,79.0,76.29,Moderada,Jul,3,Inverno,False,47.511,16.5375,3.5775,3.68,4.974,PM2.5,até 22 °C,70-85%
2020,7,2020-07-01,Centro-Oeste,DF,Brasília,25.07,41.92,21.85,1.02,52.32,24.3,60.6,51.93,Moderada,Jul,3,Inverno,False,22.563000000000002,10.48,5.4625,8.16,5.232,PM2.5,22-25 °C,55-70%
2020,7,2020-07-01,Centro-Oeste,GO,Goiânia,45.38,78.08,21.77,0.97,34.08,26.7,62.5,77.0,Moderada,Jul,3,Inverno,False,40.842000000000006,19.52,5.4425,7.76,3.408,PM2.5,25-28 °C,55-70%
2020,7,2020-07-01,Centro-Oeste,GO,Aparecida de Goiânia,41.15,86.44,26.53,0.48,41.16,23.6,79.5,73.24,Moderada,Jul,3,Inverno,False,37.035,21.61,6.6325,3.84,4.116,PM2.5,22-25 °C,70-85%
2020,7,2020-07-01,Centro-Oeste,MT,Cuiabá,32.14,82.97,29.97,1.55,49.85,21.7,73.1,74.52,Moderada,Jul,3,Inverno,False,28.926000000000002,20.7425,7.4925,12.4,4.985,PM2.5,até 22 °C,70-85%
2020,7,2020-07-01,Centro-Oeste,MS,Campo Grande,52.31,93.94,28.32,1.38,42.89,27.0,82.5,92.98,Ruim,Jul,3,Inverno,True,47.079,23.485,7.08,11.04,4.289000000000001,PM2.5,25-28 °C,70-85%
2020,7,2020-07-01,Sudeste,SP,São Paulo,29.1,38.28,29.15,1.33,36.78,27.0,70.6,57.34,Moderada,Jul,3,Inverno,False,26.19,9.57,7.2875,10.64,3.6780000000000004,PM2.5,25-28 °C,70-85%
2020,7,2020-07-01,Sudeste,SP,Campinas,42.28,54.72,23.52,1.52,48.52,29.1,48.1,74.61,Moderada,Jul,3,Inverno,False,38.052,13.68,5.88,12.16,4.852,PM2.5,acima de 28 °C,até 55%
2020,7,2020-07-01,Sudeste,SP,Ribeirão Preto,36.15,57.27,44.28,1.72,42.35,20.6,94.9,75.88,Moderada,Jul,3,Inverno,False,32.535,14.3175,11.07,13.76,4.235,PM2.5,até 22 °C,acima de 85%
2020,7,2020-07-01,Sudeste,RJ,Rio de Janeiro,30.93,75.69,18.03,1.58,44.82,23.1,84.6,68.37,Moderada,Jul,3,Inverno,False,27.837,18.9225,4.5075,12.64,4.482,PM2.5,22-25 °C,70-85%
2020,7,2020-07-01,Sudeste,RJ,Niterói,31.35,41.82,27.26,1.39,45.67,23.9,50.7,61.14,Moderada,Jul,3,Inverno,False,28.215000000000003,10.455,6.815,11.12,4.567,PM2.5,22-25 °C,até 55%
2020,7,2020-07-01,Sudeste,RJ,Nova Iguaçu,19.53,48.02,21.14,1.11,27.32,23.9,68.3,46.51,Boa,Jul,3,Inverno,False,17.577,12.005,5.285,8.88,2.732,PM2.5,22-25 °C,55-70%
2020,7,2020-07-01,Sudeste,RJ,Petrópolis,30.74,85.38,21.78,1.77,40.44,24.9,42.6,72.66,Moderada,Jul,3,Inverno,False,27.666,21.345,5.445,14.16,4.044,PM2.5,22-25 °C,até 55%
2020,7,2020-07-01,Sudeste,MG,Belo Horizonte,29.02,110.87,33.06,1.66,33.59,24.3,86.5,78.77,Moderada,Jul,3,Inverno,False,26.118,27.7175,8.265,13.28,3.3590000000000004,PM10,22-25 °C,acima de 85%
2020,7,2020-07-01,Sudeste,MG,Uberlândia,57.6,69.88,23.85,0.95,30.34,25.3,48.0,85.94,Ruim,Jul,3,Inverno,True,51.84,17.47,5.9625,7.6,3.0340000000000003,PM2.5,25-28 °C,até 55%
2020,7,2020-07-01,Sudeste,MG,Juiz de Fora,30.24,65.02,24.95,0.81,55.31,25.7,41.7,61.72,Moderada,Jul,3,Inverno,False,27.215999999999998,16.255,6.2375,6.48,5.531000000000001,PM2.5,25-28 °C,até 55%
2020,7,2020-07-01,Sudeste,ES,Vitória,42.61,39.52,31.55,0.34,47.35,26.0,93.6,63.61,Moderada,Jul,3,Inverno,False,38.349000000000004,9.88,7.8875,2.72,4.735,PM2.5,25-28 °C,acima de 85%
2020,7,2020-07-01,Sudeste,ES,Vila Velha,29.7,67.35,31.2,0.69,30.44,24.9,62.8,59.95,Moderada,Jul,3,Inverno,False,26.73,16.8375,7.8,5.52,3.0440000000000005,PM2.5,22-25 °C,55-70%
2020,7,2020-07-01,Sudeste,ES,Serra,54.26,86.53,33.54,0.66,44.36,24.5,77.9,88.58,Ruim,Jul,3,Inverno,True,48.833999999999996,21.6325,8.385,5.28,4.436,PM2.5,22-25 °C,70-85%
2020,7,2020-07-01,Sul,PR,Curitiba,24.85,26.55,19.15,0.95,33.9,21.8,72.8,44.76,Boa,Jul,3,Inverno,False,22.365000000000002,6.6375,4.7875,7.6,3.39,PM2.5,até 22 °C,70-85%
2020,7,2020-07-01,Sul,PR,Londrina,49.87,124.97,26.06,1.69,44.81,26.4,45.8,100.62,Ruim,Jul,3,Inverno,True,44.882999999999996,31.2425,6.515,13.52,4.481000000000001,PM2.5,25-28 °C,até 55%
2020,7,2020-07-01,Sul,SC,Florianópolis,43.86,90.36,18.4,1.61,34.18,22.3,62.4,82.94,Ruim,Jul,3,Inverno,True,39.474000000000004,22.59,4.6,12.88,3.418,PM2.5,22-25 °C,55-70%
2020,7,2020-07-01,Sul,SC,Joinville,21.41,29.57,22.04,1.56,44.17,24.8,81.2,49.05,Boa,Jul,3,Inverno,False,19.269000000000002,7.3925,5.51,12.48,4.417000000000001,PM2.5,22-25 °C,70-85%
2020,7,2020-07-01,Sul,RS,Porto Alegre,26.28,59.02,16.56,1.55,65.2,25.7,78.7,61.5,Moderada,Jul,3,Inverno,False,23.652,14.755,4.14,12.4,6.5200000000000005,PM2.5,25-28 °C,70-85%
2020,7,2020-07-01,Sul,RS,Caxias do Sul,18.9,64.15,31.86,1.36,31.66,17.8,62.1,55.05,Moderada,Jul,3,Inverno,False,17.009999999999998,16.0375,7.965,10.88,3.1660000000000004,PM2.5,até 22 °C,55-70%
2020,8,2020-08-01,Norte,AM,Manaus,25.45,102.04,17.23,0.88,54.44,28.3,54.5,65.23,Moderada,Ago,3,Inverno,False,22.905,25.51,4.3075,7.04,5.444,PM10,acima de 28 °C,até 55%
2020,8,2020-08-01,Norte,PA,Belém,44.27,79.64,35.16,1.53,36.45,25.2,40.5,84.46,Ruim,Ago,3,Inverno,True,39.843,19.91,8.79,12.24,3.6450000000000005,PM2.5,25-28 °C,até 55%
2020,8,2020-08-01,Norte,PA,Santarém,35.81,54.03,25.71,0.4,31.57,24.7,52.2,58.55,Moderada,Ago,3,Inverno,False,32.229000000000006,13.5075,6.4275,3.2,3.157,PM2.5,22-25 °C,até 55%
2020,8,2020-08-01,Norte,RO,Porto Velho,36.84,70.43,22.6,1.51,54.58,27.9,81.5,73.95,Moderada,Ago,3,Inverno,False,33.156000000000006,17.6075,5.65,12.08,5.458,PM2.5,25-28 °C,70-85%
2020,8,2020-08-01,Norte,TO,Palmas,38.08,63.13,20.32,0.4,36.71,25.0,49.5,62.03,Moderada,Ago,3,Inverno,False,34.272,15.7825,5.08,3.2,3.6710000000000003,PM2.5,22-25 °C,até 55%
2020,8,2020-08-01,Nordeste,BA,Salvador,19.27,80.38,35.38,0.52,27.24,22.8,74.9,53.17,Moderada,Ago,3,Inverno,False,17.343,20.095,8.845,4.16,2.724,PM10,22-25 °C,70-85%
2020,8,2020-08-01,Nordeste,BA,Feira de Santana,23.31,68.95,28.32,1.33,34.49,21.5,72.5,59.41,Moderada,Ago,3,Inverno,False,20.979,17.2375,7.08,10.64,3.4490000000000003,PM2.5,até 22 °C,70-85%
2020,8,2020-08-01,Nordeste,PE,Recife,37.88,69.32,26.04,0.8,44.06,23.9,57.2,68.71,Moderada,Ago,3,Inverno,False,34.092000000000006,17.33,6.51,6.4,4.406000000000001,PM2.5,22-25 °C,55-70%
2020,8,2020-08-01,Nordeste,PE,Jaboatão dos Guararapes,29.13,65.54,33.61,1.25,40.18,25.1,54.5,65.06,Moderada,Ago,3,Inverno,False,26.217,16.385,8.4025,10.0,4.018,PM2.5,25-28 °C,até 55%
2020,8,2020-08-01,Nordeste,CE,Fortaleza,44.28,76.9,36.35,1.31,37.85,25.0,57.7,82.4,Ruim,Ago,3,Inverno,True,39.852000000000004,19.225,9.0875,10.48,3.785,PM2.5,22-25 °C,55-70%
2020,8,2020-08-01,Nordeste,CE,Juazeiro do Norte,30.31,55.93,16.92,1.61,33.09,20.0,61.1,61.7,Moderada,Ago,3,Inverno,False,27.279,13.9825,4.23,12.88,3.3090000000000006,PM2.5,até 22 °C,55-70%
2020,8,2020-08-01,Nordeste,MA,São Luís,37.15,129.5,9.13,0.37,46.0,22.6,93.3,75.67,Moderada,Ago,3,Inverno,False,33.435,32.375,2.2825,2.96,4.6000000000000005,PM2.5,22-25 °C,acima de 85%
2020,8,2020-08-01,Nordeste,PB,João Pessoa,37.76,77.48,30.49,1.18,42.45,25.2,63.7,74.7,Moderada,Ago,3,Inverno,False,33.984,19.37,7.6225,9.44,4.245,PM2.5,25-28 °C,55-70%
2020,8,2020-08-01,Centro-Oeste,DF,Brasília,24.4,47.49,19.87,1.5,33.17,26.9,82.6,54.14,Moderada,Ago,3,Inverno,False,21.96,11.8725,4.9675,12.0,3.317,PM2.5,25-28 °C,70-85%
2020,8,2020-08-01,Centro-Oeste,GO,Goiânia,25.44,57.78,26.01,0.95,30.39,20.4,63.6,54.45,Moderada,Ago,3,Inverno,False,22.896,14.445,6.5025,7.6,3.039,PM2.5,até 22 °C,55-70%
2020,8,2020-08-01,Centro-Oeste,GO,Aparecida de Goiânia,41.05,68.56,31.89,0.41,39.74,27.7,64.9,69.34,Moderada,Ago,3,Inverno,False,36.945,17.14,7.9725,3.28,3.974,PM2.5,25-28 °C,55-70%
2020,8,2020-08-01,Centro-Oeste,MT,Cuiabá,38.96,34.34,35.81,1.34,30.7,25.5,89.7,66.39,Moderada,Ago,3,Inverno,False,35.064,8.585,8.9525,10.72,3.0700000000000003,PM2.5,25-28 °C,acima de 85%
2020,8,2020-08-01,Centro-Oeste,MS,Campo Grande,32.37,69.38,12.2,1.1,31.06,24.3,86.7,61.45,Moderada,Ago,3,Inverno,False,29.133,17.345,3.05,8.8,3.106,PM2.5,22-25 °C,acima de 85%
2020,8,2020-08-01,Sudeste,SP,São Paulo,16.81,91.31,31.45,0.56,52.23,27.3,45.6,55.51,Moderada,Ago,3,Inverno,False,15.129,22.8275,7.8625,4.48,5.223,PM10,25-28 °C,até 55%
2020,8,2020-08-01,Sudeste,SP,Campinas,25.57,70.45,21.9,1.44,46.83,23.7,88.2,62.32,Moderada,Ago,3,Inverno,False,23.013,17.6125,5.475,11.52,4.683,PM2.5,22-25 °C,acima de 85%
2020,8,2020-08-01,Sudeste,SP,Ribeirão Preto,19.33,86.77,10.54,1.8,37.69,26.8,42.7,59.89,Moderada,Ago,3,Inverno,False,17.397,21.6925,2.635,14.4,3.769,PM10,25-28 °C,até 55%
2020,8,2020-08-01,Sudeste,RJ,Rio de Janeiro,50.07,62.72,16.71,1.79,34.54,24.1,74.7,82.73,Ruim,Ago,3,Inverno,True,45.063,15.68,4.1775,14.32,3.454,PM2.5,22-25 °C,70-85%
2020,8,2020-08-01,Sudeste,RJ,Niterói,41.14,63.62,22.01,0.59,38.27,23.5,68.6,66.95,Moderada,Ago,3,Inverno,False,37.026,15.905,5.5025,4.72,3.8270000000000004,PM2.5,22-25 °C,55-70%
2020,8,2020-08-01,Sudeste,RJ,Nova Iguaçu,37.77,91.18,17.12,1.46,24.0,26.3,73.2,75.16,Moderada,Ago,3,Inverno,False,33.993,22.795,4.28,11.68,2.4000000000000004,PM2.5,25-28 °C,70-85%
2020,8,2020-08-01,Sudeste,RJ,Petrópolis,30.72,49.66,20.31,0.67,62.04,27.1,75.8,56.72,Moderada,Ago,3,Inverno,False,27.648,12.415,5.0775,5.36,6.204000000000001,PM2.5,25-28 °C,70-85%
2020,8,2020-08-01,Sudeste,MG,Belo Horizonte,45.21,69.93,26.61,1.18,29.82,23.6,76.0,77.26,Moderada,Ago,3,Inverno,False,40.689,17.4825,6.6525,9.44,2.982,PM2.5,22-25 °C,70-85%
2020,8,2020-08-01,Sudeste,MG,Uberlândia,39.5,51.69,39.93,0.83,34.7,32.9,72.6,68.53,Moderada,Ago,3,Inverno,False,35.550000000000004,12.9225,9.9825,6.64,3.4700000000000006,PM2.5,acima de 28 °C,70-85%
2020,8,2020-08-01,Sudeste,MG,Juiz de Fora,41.47,81.58,29.63,0.32,37.36,26.0,60.1,71.38,Moderada,Ago,3,Inverno,False,37.323,20.395,7.4075,2.56,3.736,PM2.5,25-28 °C,55-70%
2020,8,2020-08-01,Sudeste,ES,Vitória,43.32,98.91,20.18,1.41,31.5,24.6,68.7,83.22,Ruim,Ago,3,Inverno,True,38.988,24.7275,5.045,11.28,3.1500000000000004,PM2.5,22-25 °C,55-70%
2020,8,2020-08-01,Sudeste,ES,Vila Velha,24.13,51.61,34.72,1.59,53.46,22.8,60.0,61.39,Moderada,Ago,3,Inverno,False,21.717,12.9025,8.68,12.72,5.346,PM2.5,22-25 °C,55-70%
2020,8,2020-08-01,Sudeste,ES,Serra,39.14,36.13,29.68,1.33,39.88,18.1,62.1,66.31,Moderada,Ago,3,Inverno,False,35.226,9.0325,7.42,10.64,3.9880000000000004,PM2.5,até 22 °C,55-70%
2020,8,2020-08-01,Sul,PR,Curitiba,53.42,35.45,26.39,0.95,24.84,26.7,65.3,73.63,Moderada,Ago,3,Inverno,False,48.078,8.8625,6.5975,7.6,2.484,PM2.5,25-28 °C,55-70%
2020,8,2020-08-01,Sul,PR,Londrina,34.52,95.64,11.94,1.38,46.92,20.4,93.4,73.73,Moderada,Ago,3,Inverno,False,31.068000000000005,23.91,2.985,11.04,4.692,PM2.5,até 22 °C,acima de 85%
2020,8,2020-08-01,Sul,SC,Florianópolis,42.21,58.44,25.9,1.44,46.69,22.2,54.3,75.28,Moderada,Ago,3,Inverno,False,37.989000000000004,14.61,6.475,11.52,4.669,PM2.5,22-25 °C,até 55%
2020,8,2020-08-01,Sul,SC,Joinville,40.8,90.92,14.63,0.3,48.08,24.6,81.6,70.33,Moderada,Ago,3,Inverno,False,36.72,22.73,3.6575,2.4,4.808,PM2.5,22-25 °C,70-85%
2020,8,2020-08-01,Sul,RS,Porto Alegre,27.44,107.54,21.64,1.62,35.09,27.4,78.1,73.43,Moderada,Ago,3,Inverno,False,24.696,26.885,5.41,12.96,3.5090000000000003,PM10,25-28 °C,70-85%
2020,8,2020-08-01,Sul,RS,Caxias do Sul,24.97,110.59,21.29,0.58,41.09,28.5,65.9,64.23,Moderada,Ago,3,Inverno,False,22.473,27.6475,5.3225,4.64,4.109000000000001,PM10,acima de 28 °C,55-70%
2020,9,2020-09-01,Norte,AM,Manaus,28.35,32.94,18.84,0.3,26.87,27.3,72.6,43.56,Boa,Set,3,Primavera,False,25.515,8.235,4.71,2.4,2.6870000000000003,PM2.5,25-28 °C,70-85%
2020,9,2020-09-01,Norte,PA,Belém,27.07,60.8,19.47,1.36,26.33,18.4,67.9,57.96,Moderada,Set,3,Primavera,False,24.363,15.2,4.8675,10.88,2.633,PM2.5,até 22 °C,55-70%
2020,9,2020-09-01,Norte,PA,Santarém,35.42,57.71,31.16,0.82,43.16,19.8,42.6,64.95,Moderada,Set,3,Primavera,False,31.878000000000004,14.4275,7.79,6.56,4.316,PM2.5,até 22 °C,até 55%
2020,9,2020-09-01,Norte,RO,Porto Velho,35.92,58.08,19.88,0.53,59.69,25.4,74.5,62.04,Moderada,Set,3,Primavera,False,32.328,14.52,4.97,4.24,5.969,PM2.5,25-28 °C,70-85%
2020,9,2020-09-01,Norte,TO,Palmas,37.66,61.26,31.1,1.56,37.92,25.5,81.2,73.26,Moderada,Set,3,Primavera,False,33.894,15.315,7.775,12.48,3.7920000000000003,PM2.5,25-28 °C,70-85%
2020,9,2020-09-01,Nordeste,BA,Salvador,47.21,63.81,19.15,1.66,61.12,26.5,75.1,82.65,Ruim,Set,3,Primavera,True,42.489000000000004,15.9525,4.7875,13.28,6.112,PM2.5,25-28 °C,70-85%
2020,9,2020-09-01,Nordeste,BA,Feira de Santana,24.11,71.11,35.68,0.61,52.02,23.1,73.8,58.45,Moderada,Set,3,Primavera,False,21.699,17.7775,8.92,4.88,5.202000000000001,PM2.5,22-25 °C,70-85%
2020,9,2020-09-01,Nordeste,PE,Recife,14.94,70.12,42.2,0.42,40.52,27.9,82.1,48.95,Boa,Set,3,Primavera,False,13.446,17.53,10.55,3.36,4.0520000000000005,PM10,25-28 °C,70-85%
2020,9,2020-09-01,Nordeste,PE,Jaboatão dos Guararapes,19.6,75.12,30.39,1.11,32.61,29.7,64.7,56.12,Moderada,Set,3,Primavera,False,17.64,18.78,7.5975,8.88,3.261,PM10,acima de 28 °C,55-70%
2020,9,2020-09-01,Nordeste,CE,Fortaleza,36.01,102.2,12.24,0.73,40.19,28.3,68.3,70.87,Moderada,Set,3,Primavera,False,32.409,25.55,3.06,5.84,4.019,PM2.5,acima de 28 °C,55-70%
2020,9,2020-09-01,Nordeste,CE,Juazeiro do Norte,33.17,76.12,36.89,1.0,14.05,21.9,72.2,67.54,Moderada,Set,3,Primavera,False,29.853,19.03,9.2225,8.0,1.4050000000000002,PM2.5,até 22 °C,70-85%
2020,9,2020-09-01,Nordeste,MA,São Luís,25.25,79.35,28.3,1.49,44.93,25.5,76.0,66.04,Moderada,Set,3,Primavera,False,22.725,19.8375,7.075,11.92,4.493,PM2.5,25-28 °C,70-85%
2020,9,2020-09-01,Nordeste,PB,João Pessoa,40.14,103.47,19.79,0.57,49.42,26.2,75.0,76.43,Moderada,Set,3,Primavera,False,36.126000000000005,25.8675,4.9475,4.56,4.942,PM2.5,25-28 °C,70-85%
2020,9,2020-09-01,Centro-Oeste,DF,Brasília,30.42,59.52,22.57,1.63,30.61,27.8,92.3,64.01,Moderada,Set,3,Primavera,False,27.378000000000004,14.88,5.6425,13.04,3.061,PM2.5,25-28 °C,acima de 85%
2020,9,2020-09-01,Centro-Oeste,GO,Goiânia,45.44,56.42,23.95,1.05,35.59,27.7,52.3,72.94,Moderada,Set,3,Primavera,False,40.896,14.105,5.9875,8.4,3.5590000000000006,PM2.5,25-28 °C,até 55%
2020,9,2020-09-01,Centro-Oeste,GO,Aparecida de Goiânia,40.63,61.36,18.71,1.4,36.64,22.2,83.0,71.42,Moderada,Set,3,Primavera,False,36.567,15.34,4.6775,11.2,3.664,PM2.5,22-25 °C,70-85%
2020,9,2020-09-01,Centro-Oeste,MT,Cuiabá,41.57,80.56,37.78,1.24,52.44,22.4,53.3,82.15,Ruim,Set,3,Primavera,True,37.413000000000004,20.14,9.445,9.92,5.244,PM2.5,22-25 °C,até 55%
2020,9,2020-09-01,Centro-Oeste,MS,Campo Grande,26.84,68.29,36.03,1.7,49.35,26.1,68.6,68.76,Moderada,Set,3,Primavera,False,24.156,17.0725,9.0075,13.6,4.9350000000000005,PM2.5,25-28 °C,55-70%
2020,9,2020-09-01,Sudeste,SP,São Paulo,31.42,38.12,33.07,1.5,46.66,22.7,84.6,62.76,Moderada,Set,3,Primavera,False,28.278000000000002,9.53,8.2675,12.0,4.6659999999999995,PM2.5,22-25 °C,70-85%
2020,9,2020-09-01,Sudeste,SP,Campinas,30.64,63.28,23.25,0.66,45.96,25.4,89.6,59.05,Moderada,Set,3,Primavera,False,27.576,15.82,5.8125,5.28,4.596,PM2.5,25-28 °C,acima de 85%
2020,9,2020-09-01,Sudeste,SP,Ribeirão Preto,22.49,66.71,29.08,0.49,44.81,23.3,46.3,52.59,Moderada,Set,3,Primavera,False,20.241,16.6775,7.27,3.92,4.481000000000001,PM2.5,22-25 °C,até 55%
2020,9,2020-09-01,Sudeste,RJ,Rio de Janeiro,34.52,65.3,17.82,0.67,50.57,26.6,74.8,62.28,Moderada,Set,3,Primavera,False,31.068000000000005,16.325,4.455,5.36,5.057,PM2.5,25-28 °C,70-85%
2020,9,2020-09-01,Sudeste,RJ,Niterói,33.62,54.66,23.29,1.2,26.49,25.6,40.5,61.99,Moderada,Set,3,Primavera,False,30.258,13.665,5.8225,9.6,2.649,PM2.5,25-28 °C,até 55%
2020,9,2020-09-01,Sudeste,RJ,Nova Iguaçu,26.43,84.03,44.78,0.62,41.53,24.1,87.3,65.11,Moderada,Set,3,Primavera,False,23.787,21.0075,11.195,4.96,4.1530000000000005,PM2.5,22-25 °C,acima de 85%
2020,9,2020-09-01,Sudeste,RJ,Petrópolis,30.7,77.47,24.2,1.26,52.61,30.7,61.9,68.39,Moderada,Set,3,Primavera,False,27.63,19.3675,6.05,10.08,5.261,PM2.5,acima de 28 °C,55-70%
2020,9,2020-09-01,Sudeste,MG,Belo Horizonte,21.38,90.68,15.12,0.58,28.61,20.7,49.0,53.18,Moderada,Set,3,Primavera,False,19.242,22.67,3.78,4.64,2.861,PM10,até 22 °C,até 55%
2020,9,2020-09-01,Sudeste,MG,Uberlândia,24.01,69.03,32.52,0.9,39.0,31.5,84.1,58.12,Moderada,Set,3,Primavera,False,21.609,17.2575,8.13,7.2,3.9000000000000004,PM2.5,acima de 28 °C,70-85%
2020,9,2020-09-01,Sudeste,MG,Juiz de Fora,34.1,71.98,21.7,0.64,46.45,25.0,72.8,63.9,Moderada,Set,3,Primavera,False,30.69,17.995,5.425,5.12,4.6450000000000005,PM2.5,22-25 °C,70-85%
2020,9,2020-09-01,Sudeste,ES,Vitória,27.76,76.55,40.96,1.72,30.96,22.3,62.8,71.22,Moderada,Set,3,Primavera,False,24.984,19.1375,10.24,13.76,3.096,PM2.5,22-25 °C,55-70%
2020,9,2020-09-01,Sudeste,ES,Vila Velha,38.66,79.55,28.4,0.42,40.16,22.6,53.3,69.17,Moderada,Set,3,Primavera,False,34.794,19.8875,7.1,3.36,4.016,PM2.5,22-25 °C,até 55%
2020,9,2020-09-01,Sudeste,ES,Serra,38.77,69.53,34.32,1.58,46.63,18.5,60.3,78.15,Moderada,Set,3,Primavera,False,34.893,17.3825,8.58,12.64,4.663,PM2.5,até 22 °C,55-70%
2020,9,2020-09-01,Sul,PR,Curitiba,39.72,79.73,8.51,1.6,45.59,27.8,71.1,75.17,Moderada,Set,3,Primavera,False,35.748,19.9325,2.1275,12.8,4.559,PM2.5,25-28 °C,70-85%
2020,9,2020-09-01,Sul,PR,Londrina,32.97,65.62,37.98,1.73,26.79,26.4,88.8,72.13,Moderada,Set,3,Primavera,False,29.673,16.405,9.495,13.84,2.6790000000000003,PM2.5,25-28 °C,acima de 85%
2020,9,2020-09-01,Sul,SC,Florianópolis,35.27,38.4,16.56,0.65,42.87,26.4,83.0,54.96,Moderada,Set,3,Primavera,False,31.743000000000002,9.6,4.14,5.2,4.287,PM2.5,25-28 °C,70-85%
2020,9,2020-09-01,Sul,SC,Joinville,31.57,19.04,26.42,0.81,44.58,27.4,49.5,50.72,Moderada,Set,3,Primavera,False,28.413,4.76,6.605,6.48,4.458,PM2.5,25-28 °C,até 55%
2020,9,2020-09-01,Sul,RS,Porto Alegre,41.36,132.26,15.53,1.32,47.48,20.6,82.4,89.44,Ruim,Set,3,Primavera,True,37.224000000000004,33.065,3.8825,10.56,4.748,PM2.5,até 22 °C,70-85%
2020,9,2020-09-01,Sul,RS,Caxias do Sul,37.73,58.18,31.69,0.39,39.04,27.8,88.0,63.46,Moderada,Set,3,Primavera,False,33.957,14.545,7.9225,3.12,3.904,PM2.5,25-28 °C,acima de 85%
2020,10,2020-10-01,Norte,AM,Manaus,36.0,66.89,26.59,0.74,21.57,30.7,63.8,63.87,Moderada,Out,4,Primavera,False,32.4,16.7225,6.6475,5.92,2.157,PM2.5,acima de 28 °C,55-70%
2020,10,2020-10-01,Norte,PA,Belém,31.08,76.95,17.12,1.3,16.62,24.8,75.0,63.56,Moderada,Out,4,Primavera,False,27.971999999999998,19.2375,4.28,10.4,1.6620000000000001,PM2.5,22-25 °C,70-85%
2020,10,2020-10-01,Norte,PA,Santarém,18.08,91.76,17.52,1.78,25.27,25.4,75.5,60.33,Moderada,Out,4,Primavera,False,16.272,22.94,4.38,14.24,2.527,PM10,25-28 °C,70-85%
2020,10,2020-10-01,Norte,RO,Porto Velho,29.03,82.5,30.56,1.56,40.03,26.9,74.8,70.91,Moderada,Out,4,Primavera,False,26.127000000000002,20.625,7.64,12.48,4.003,PM2.5,25-28 °C,70-85%
2020,10,2020-10-01,Norte,TO,Palmas,26.45,63.83,12.25,1.07,40.75,24.0,56.6,55.49,Moderada,Out,4,Primavera,False,23.805,15.9575,3.0625,8.56,4.075,PM2.5,22-25 °C,55-70%
2020,10,2020-10-01,Nordeste,BA,Salvador,30.32,90.27,33.18,0.58,25.15,25.5,63.4,65.29,Moderada,Out,4,Primavera,False,27.288,22.5675,8.295,4.64,2.515,PM2.5,25-28 °C,55-70%
2020,10,2020-10-01,Nordeste,BA,Feira de Santana,60.14,65.8,17.95,1.15,47.85,27.4,49.1,89.05,Ruim,Out,4,Primavera,True,54.126000000000005,16.45,4.4875,9.2,4.785,PM2.5,25-28 °C,até 55%
2020,10,2020-10-01,Nordeste,PE,Recife,38.21,64.85,38.22,1.5,41.37,28.2,68.2,76.26,Moderada,Out,4,Primavera,False,34.389,16.2125,9.555,12.0,4.137,PM2.5,acima de 28 °C,55-70%
2020,10,2020-10-01,Nordeste,PE,Jaboatão dos Guararapes,23.59,45.19,31.85,1.66,48.65,20.8,48.3,58.62,Moderada,Out,4,Primavera,False,21.231,11.2975,7.9625,13.28,4.865,PM2.5,até 22 °C,até 55%
2020,10,2020-10-01,Nordeste,CE,Fortaleza,27.72,53.72,32.29,0.51,45.64,28.3,93.4,55.09,Moderada,Out,4,Primavera,False,24.948,13.43,8.0725,4.08,4.564,PM2.5,acima de 28 °C,acima de 85%
2020,10,2020-10-01,Nordeste,CE,Juazeiro do Norte,13.53,77.78,33.17,0.68,48.84,24.9,65.8,50.22,Moderada,Out,4,Primavera,False,12.177,19.445,8.2925,5.44,4.884,PM10,22-25 °C,55-70%
2020,10,2020-10-01,Nordeste,MA,São Luís,30.66,61.02,31.84,0.41,50.43,27.9,43.1,59.14,Moderada,Out,4,Primavera,False,27.594,15.255,7.96,3.28,5.043,PM2.5,25-28 °C,até 55%
2020,10,2020-10-01,Nordeste,PB,João Pessoa,34.38,81.29,2.68,1.06,44.08,22.6,94.2,64.82,Moderada,Out,4,Primavera,False,30.942000000000004,20.3225,0.67,8.48,4.408,PM2.5,22-25 °C,acima de 85%
2020,10,2020-10-01,Centro-Oeste,DF,Brasília,12.29,84.56,32.75,0.83,22.31,22.6,42.4,49.26,Boa,Out,4,Primavera,False,11.061,21.14,8.1875,6.64,2.231,PM10,22-25 °C,até 55%
2020,10,2020-10-01,Centro-Oeste,GO,Goiânia,38.01,46.71,26.83,1.09,44.75,19.5,81.0,65.82,Moderada,Out,4,Primavera,False,34.208999999999996,11.6775,6.7075,8.72,4.4750000000000005,PM2.5,até 22 °C,70-85%
2020,10,2020-10-01,Centro-Oeste,GO,Aparecida de Goiânia,30.78,80.12,23.09,0.97,48.99,22.9,55.3,66.18,Moderada,Out,4,Primavera,False,27.702,20.03,5.7725,7.76,4.899000000000001,PM2.5,22-25 °C,55-70%
2020,10,2020-10-01,Centro-Oeste,MT,Cuiabá,44.4,57.49,35.31,0.44,48.01,23.3,68.0,71.5,Moderada,Out,4,Primavera,False,39.96,14.3725,8.8275,3.52,4.801,PM2.5,22-25 °C,55-70%
2020,10,2020-10-01,Centro-Oeste,MS,Campo Grande,40.96,50.32,7.44,0.45,33.83,23.1,40.6,58.27,Moderada,Out,4,Primavera,False,36.864000000000004,12.58,1.86,3.6,3.383,PM2.5,22-25 °C,até 55%
2020,10,2020-10-01,Sudeste,SP,São Paulo,54.56,78.11,26.78,1.71,39.56,26.1,74.4,92.94,Ruim,Out,4,Primavera,True,49.104000000000006,19.5275,6.695,13.68,3.9560000000000004,PM2.5,25-28 °C,70-85%
2020,10,2020-10-01,Sudeste,SP,Campinas,44.67,99.64,13.39,1.7,35.7,23.9,59.5,85.65,Ruim,Out,4,Primavera,True,40.203,24.91,3.3475,13.6,3.5700000000000003,PM2.5,22-25 °C,55-70%
2020,10,2020-10-01,Sudeste,SP,Ribeirão Preto,39.68,76.75,5.54,0.61,46.51,25.6,83.7,65.79,Moderada,Out,4,Primavera,False,35.712,19.1875,1.385,4.88,4.651,PM2.5,25-28 °C,70-85%
2020,10,2020-10-01,Sudeste,RJ,Rio de Janeiro,43.99,54.74,26.7,1.28,46.16,19.6,76.1,74.84,Moderada,Out,4,Primavera,False,39.591,13.685,6.675,10.24,4.616,PM2.5,até 22 °C,70-85%
2020,10,2020-10-01,Sudeste,RJ,Niterói,38.62,62.18,27.36,1.76,42.2,29.4,41.4,75.43,Moderada,Out,4,Primavera,False,34.757999999999996,15.545,6.84,14.08,4.220000000000001,PM2.5,acima de 28 °C,até 55%
2020,10,2020-10-01,Sudeste,RJ,Nova Iguaçu,26.7,96.92,22.47,1.59,28.51,33.5,50.0,69.42,Moderada,Out,4,Primavera,False,24.03,24.23,5.6175,12.72,2.8510000000000004,PM10,acima de 28 °C,até 55%
2020,10,2020-10-01,Sudeste,RJ,Petrópolis,30.06,57.18,16.08,1.43,54.16,25.6,67.0,62.25,Moderada,Out,4,Primavera,False,27.054,14.295,4.02,11.44,5.416,PM2.5,25-28 °C,55-70%
2020,10,2020-10-01,Sudeste,MG,Belo Horizonte,30.26,97.33,18.59,1.0,38.73,24.0,77.9,68.11,Moderada,Out,4,Primavera,False,27.234,24.3325,4.6475,8.0,3.8729999999999998,PM2.5,22-25 °C,70-85%
2020,10,2020-10-01,Sudeste,MG,Uberlândia,28.91,67.68,30.61,1.32,40.95,13.0,62.5,65.24,Moderada,Out,4,Primavera,False,26.019000000000002,16.92,7.6525,10.56,4.095000000000001,PM2.5,até 22 °C,55-70%
2020,10,2020-10-01,Sudeste,MG,Juiz de Fora,33.75,67.27,30.21,1.69,46.76,25.3,74.4,72.95,Moderada,Out,4,Primavera,False,30.375,16.8175,7.5525,13.52,4.676,PM2.5,25-28 °C,70-85%
2020,10,2020-10-01,Sudeste,ES,Vitória,44.94,74.27,25.6,0.86,34.14,25.5,87.7,75.72,Moderada,Out,4,Primavera,False,40.446,18.5675,6.4,6.88,3.414,PM2.5,25-28 °C,acima de 85%
2020,10,2020-10-01,Sudeste,ES,Vila Velha,28.29,87.59,21.66,1.2,26.69,20.8,54.0,65.04,Moderada,Out,4,Primavera,False,25.461,21.8975,5.415,9.6,2.6690000000000005,PM2.5,até 22 °C,até 55%
2020,10,2020-10-01,Sudeste,ES,Serra,35.91,48.6,16.75,1.02,40.92,26.1,50.7,60.94,Moderada,Out,4,Primavera,False,32.318999999999996,12.15,4.1875,8.16,4.0920000000000005,PM2.5,25-28 °C,até 55%
2020,10,2020-10-01,Sul,PR,Curitiba,35.54,80.94,19.86,1.57,33.68,23.0,84.1,73.15,Moderada,Out,4,Primavera,False,31.986,20.235,4.965,12.56,3.3680000000000003,PM2.5,22-25 °C,70-85%
2020,10,2020-10-01,Sul,PR,Londrina,30.12,51.49,18.89,0.63,29.98,23.5,70.2,52.78,Moderada,Out,4,Primavera,False,27.108,12.8725,4.7225,5.04,2.998,PM2.5,22-25 °C,70-85%
2020,10,2020-10-01,Sul,SC,Florianópolis,42.42,40.01,15.33,0.85,49.57,25.7,82.1,63.75,Moderada,Out,4,Primavera,False,38.178000000000004,10.0025,3.8325,6.8,4.957000000000001,PM2.5,25-28 °C,70-85%
2020,10,2020-10-01,Sul,SC,Joinville,21.83,61.76,27.85,0.89,18.94,22.7,40.8,51.06,Moderada,Out,4,Primavera,False,19.647,15.44,6.9625,7.12,1.8940000000000001,PM2.5,22-25 °C,até 55%
2020,10,2020-10-01,Sul,RS,Porto Alegre,32.6,71.02,32.49,1.31,53.56,29.6,55.5,71.08,Moderada,Out,4,Primavera,False,29.340000000000003,17.755,8.1225,10.48,5.356000000000001,PM2.5,acima de 28 °C,55-70%
2020,10,2020-10-01,Sul,RS,Caxias do Sul,31.59,65.48,32.57,1.71,21.78,25.6,41.3,68.79,Moderada,Out,4,Primavera,False,28.431,16.37,8.1425,13.68,2.1780000000000004,PM2.5,25-28 °C,até 55%
2020,11,2020-11-01,Norte,AM,Manaus,49.31,90.13,25.77,1.74,35.44,23.7,78.7,90.8,Ruim,Nov,4,Primavera,True,44.379000000000005,22.5325,6.4425,13.92,3.544,PM2.5,22-25 °C,70-85%
2020,11,2020-11-01,Norte,PA,Belém,22.66,78.96,23.95,1.33,37.86,25.4,79.6,60.53,Moderada,Nov,4,Primavera,False,20.394000000000002,19.74,5.9875,10.64,3.786,PM2.5,25-28 °C,70-85%
2020,11,2020-11-01,Norte,PA,Santarém,20.29,81.97,4.42,1.7,37.93,21.7,40.8,57.26,Moderada,Nov,4,Primavera,False,18.261,20.4925,1.105,13.6,3.793,PM10,até 22 °C,até 55%
2020,11,2020-11-01,Norte,RO,Porto Velho,36.44,69.45,22.1,0.81,35.02,22.0,88.7,65.66,Moderada,Nov,4,Primavera,False,32.796,17.3625,5.525,6.48,3.5020000000000007,PM2.5,até 22 °C,acima de 85%
2020,11,2020-11-01,Norte,TO,Palmas,36.9,92.72,13.42,1.78,33.6,23.8,74.8,77.37,Moderada,Nov,4,Primavera,False,33.21,23.18,3.355,14.24,3.3600000000000003,PM2.5,22-25 °C,70-85%
2020,11,2020-11-01,Nordeste,BA,Salvador,29.46,84.07,31.71,0.63,38.74,26.3,63.4,64.37,Moderada,Nov,4,Primavera,False,26.514000000000003,21.0175,7.9275,5.04,3.8740000000000006,PM2.5,25-28 °C,55-70%
2020,11,2020-11-01,Nordeste,BA,Feira de Santana,26.52,85.59,29.98,1.13,40.89,22.6,93.7,65.86,Moderada,Nov,4,Primavera,False,23.868,21.3975,7.495,9.04,4.089,PM2.5,22-25 °C,acima de 85%
2020,11,2020-11-01,Nordeste,PE,Recife,32.48,64.11,30.64,1.42,25.1,25.4,93.4,66.77,Moderada,Nov,4,Primavera,False,29.232,16.0275,7.66,11.36,2.5100000000000002,PM2.5,25-28 °C,acima de 85%
2020,11,2020-11-01,Nordeste,PE,Jaboatão dos Guararapes,19.04,56.16,26.84,1.25,58.91,22.3,65.4,53.75,Moderada,Nov,4,Primavera,False,17.136,14.04,6.71,10.0,5.891,PM2.5,22-25 °C,55-70%
2020,11,2020-11-01,Nordeste,CE,Fortaleza,24.85,76.07,31.31,0.77,50.89,23.9,52.5,60.44,Moderada,Nov,4,Primavera,False,22.365000000000002,19.0175,7.8275,6.16,5.089,PM2.5,22-25 °C,até 55%
2020,11,2020-11-01,Nordeste,CE,Juazeiro do Norte,29.38,54.29,20.87,0.45,31.68,25.6,86.7,52.0,Moderada,Nov,4,Primavera,False,26.442,13.5725,5.2175,3.6,3.168,PM2.5,25-28 °C,acima de 85%
2020,11,2020-11-01,Nordeste,MA,São Luís,31.7,29.41,24.57,1.49,12.76,24.6,88.0,55.25,Moderada,Nov,4,Primavera,False,28.53,7.3525,6.1425,11.92,1.276,PM2.5,22-25 °C,acima de 85%
2020,11,2020-11-01,Nordeste,PB,João Pessoa,45.55,57.85,22.78,0.7,41.61,23.5,40.8,70.89,Moderada,Nov,4,Primavera,False,40.995,14.4625,5.695,5.6,4.1610000000000005,PM2.5,22-25 °C,até 55%
2020,11,2020-11-01,Centro-Oeste,DF,Brasília,23.8,64.46,12.37,0.87,57.15,26.0,91.4,53.27,Moderada,Nov,4,Primavera,False,21.42,16.115,3.0925,6.96,5.715,PM2.5,25-28 °C,acima de 85%
2020,11,2020-11-01,Centro-Oeste,GO,Goiânia,36.91,76.8,21.12,0.4,45.57,23.0,48.6,65.42,Moderada,Nov,4,Primavera,False,33.219,19.2,5.28,3.2,4.557,PM2.5,22-25 °C,até 55%
2020,11,2020-11-01,Centro-Oeste,GO,Aparecida de Goiânia,24.51,75.58,22.0,1.21,41.73,33.5,70.3,60.3,Moderada,Nov,4,Primavera,False,22.059,18.895,5.5,9.68,4.173,PM2.5,acima de 28 °C,70-85%
2020,11,2020-11-01,Centro-Oeste,MT,Cuiabá,8.31,81.89,13.17,1.15,61.09,23.3,81.7,46.58,Boa,Nov,4,Primavera,False,7.479000000000001,20.4725,3.2925,9.2,6.109000000000001,PM10,22-25 °C,70-85%
2020,11,2020-11-01,Centro-Oeste,MS,Campo Grande,37.15,66.51,38.28,0.74,49.74,25.7,52.6,70.49,Moderada,Nov,4,Primavera,False,33.435,16.6275,9.57,5.92,4.974,PM2.5,25-28 °C,até 55%
2020,11,2020-11-01,Sudeste,SP,São Paulo,35.63,53.9,20.7,0.72,47.56,27.2,62.1,61.21,Moderada,Nov,4,Primavera,False,32.067,13.475,5.175,5.76,4.756,PM2.5,25-28 °C,55-70%
2020,11,2020-11-01,Sudeste,SP,Campinas,41.49,92.47,31.87,0.4,43.84,27.8,81.7,76.01,Moderada,Nov,4,Primavera,False,37.341,23.1175,7.9675,3.2,4.384,PM2.5,25-28 °C,70-85%
2020,11,2020-11-01,Sudeste,SP,Ribeirão Preto,33.46,75.99,18.3,1.21,24.93,22.5,69.5,65.88,Moderada,Nov,4,Primavera,False,30.114,18.9975,4.575,9.68,2.4930000000000003,PM2.5,22-25 °C,55-70%
2020,11,2020-11-01,Sudeste,RJ,Rio de Janeiro,27.99,78.38,22.81,0.36,22.75,21.2,79.7,55.66,Moderada,Nov,4,Primavera,False,25.191,19.595,5.7025,2.88,2.275,PM2.5,até 22 °C,70-85%
2020,11,2020-11-01,Sudeste,RJ,Niterói,52.43,93.3,32.75,0.5,26.49,26.3,56.9,85.36,Ruim,Nov,4,Primavera,True,47.187,23.325,8.1875,4.0,2.649,PM2.5,25-28 °C,55-70%
2020,11,2020-11-01,Sudeste,RJ,Nova Iguaçu,25.91,48.15,26.29,1.67,40.91,30.4,93.8,59.36,Moderada,Nov,4,Primavera,False,23.319,12.0375,6.5725,13.36,4.091,PM2.5,acima de 28 °C,acima de 85%
2020,11,2020-11-01,Sudeste,RJ,Petrópolis,36.56,89.32,36.76,1.31,41.86,21.0,71.4,79.11,Moderada,Nov,4,Primavera,False,32.904,22.33,9.19,10.48,4.186,PM2.5,até 22 °C,70-85%
2020,11,2020-11-01,Sudeste,MG,Belo Horizonte,30.38,79.58,22.23,1.52,45.38,22.2,74.8,69.51,Moderada,Nov,4,Primavera,False,27.342,19.895,5.5575,12.16,4.538,PM2.5,22-25 °C,70-85%
2020,11,2020-11-01,Sudeste,MG,Uberlândia,48.52,88.48,18.96,0.87,41.02,26.4,58.4,81.59,Ruim,Nov,4,Primavera,True,43.668000000000006,22.12,4.74,6.96,4.102,PM2.5,25-28 °C,55-70%
2020,11,2020-11-01,Sudeste,MG,Juiz de Fora,29.08,68.5,10.79,0.92,40.77,26.6,75.0,57.41,Moderada,Nov,4,Primavera,False,26.172,17.125,2.6975,7.36,4.077000000000001,PM2.5,25-28 °C,70-85%
2020,11,2020-11-01,Sudeste,ES,Vitória,47.52,95.14,20.36,0.82,22.65,24.4,79.8,80.49,Ruim,Nov,4,Primavera,True,42.768,23.785,5.09,6.56,2.265,PM2.5,22-25 °C,70-85%
2020,11,2020-11-01,Sudeste,ES,Vila Velha,38.49,85.88,42.8,1.06,28.63,18.4,51.3,78.2,Moderada,Nov,4,Primavera,False,34.641000000000005,21.47,10.7,8.48,2.863,PM2.5,até 22 °C,até 55%
2020,11,2020-11-01,Sudeste,ES,Serra,49.12,100.33,32.8,1.22,32.61,21.2,63.6,90.5,Ruim,Nov,4,Primavera,True,44.208,25.0825,8.2,9.76,3.261,PM2.5,até 22 °C,55-70%
2020,11,2020-11-01,Sul,PR,Curitiba,28.3,70.23,34.22,1.02,34.72,28.7,72.4,63.19,Moderada,Nov,4,Primavera,False,25.470000000000002,17.5575,8.555,8.16,3.472,PM2.5,acima de 28 °C,70-85%
2020,11,2020-11-01,Sul,PR,Londrina,38.28,76.84,19.68,1.71,49.48,22.3,92.4,77.21,Moderada,Nov,4,Primavera,False,34.452000000000005,19.21,4.92,13.68,4.948,PM2.5,22-25 °C,acima de 85%
2020,11,2020-11-01,Sul,SC,Florianópolis,39.44,76.28,37.0,0.57,40.28,23.1,66.8,72.43,Moderada,Nov,4,Primavera,False,35.496,19.07,9.25,4.56,4.0280000000000005,PM2.5,22-25 °C,55-70%
2020,11,2020-11-01,Sul,SC,Joinville,31.33,58.69,20.29,1.79,37.48,28.3,46.2,66.04,Moderada,Nov,4,Primavera,False,28.197,14.6725,5.0725,14.32,3.7479999999999998,PM2.5,acima de 28 °C,até 55%
2020,11,2020-11-01,Sul,RS,Porto Alegre,37.4,96.33,19.39,0.55,30.89,25.5,40.7,70.11,Moderada,Nov,4,Primavera,False,33.66,24.0825,4.8475,4.4,3.0890000000000004,PM2.5,25-28 °C,até 55%
2020,11,2020-11-01,Sul,RS,Caxias do Sul,34.75,89.86,17.44,1.11,38.16,20.2,64.9,70.8,Moderada,Nov,4,Primavera,False,31.275000000000002,22.465,4.36,8.88,3.816,PM2.5,até 22 °C,55-70%
2020,12,2020-12-01,Norte,AM,Manaus,31.73,83.81,25.0,1.34,30.06,30.2,60.5,69.5,Moderada,Dez,4,Verão,False,28.557000000000002,20.9525,6.25,10.72,3.0060000000000002,PM2.5,acima de 28 °C,55-70%
2020,12,2020-12-01,Norte,PA,Belém,40.5,83.3,22.13,0.54,49.86,23.1,67.4,72.1,Moderada,Dez,4,Verão,False,36.45,20.825,5.5325,4.32,4.986000000000001,PM2.5,22-25 °C,55-70%
2020,12,2020-12-01,Norte,PA,Santarém,27.09,86.23,16.51,1.37,53.14,25.8,81.9,66.32,Moderada,Dez,4,Verão,False,24.381,21.5575,4.1275,10.96,5.314,PM2.5,25-28 °C,70-85%
2020,12,2020-12-01,Norte,RO,Porto Velho,20.85,64.15,22.9,1.19,40.26,27.8,68.0,54.04,Moderada,Dez,4,Verão,False,18.765,16.0375,5.725,9.52,4.026,PM2.5,25-28 °C,55-70%
2020,12,2020-12-01,Norte,TO,Palmas,22.83,76.29,30.46,0.96,35.81,24.0,90.4,58.47,Moderada,Dez,4,Verão,False,20.547,19.0725,7.615,7.68,3.5810000000000004,PM2.5,22-25 °C,acima de 85%
2020,12,2020-12-01,Nordeste,BA,Salvador,47.08,35.44,31.24,0.79,49.22,25.8,86.7,70.33,Moderada,Dez,4,Verão,False,42.372,8.86,7.81,6.32,4.922000000000001,PM2.5,25-28 °C,acima de 85%
2020,12,2020-12-01,Nordeste,BA,Feira de Santana,19.56,54.53,9.64,0.89,37.17,20.8,53.8,44.51,Boa,Dez,4,Verão,False,17.604,13.6325,2.41,7.12,3.7170000000000005,PM2.5,até 22 °C,até 55%
2020,12,2020-12-01,Nordeste,PE,Recife,30.86,78.07,26.94,0.59,37.0,24.9,45.8,62.42,Moderada,Dez,4,Verão,False,27.774,19.5175,6.735,4.72,3.7,PM2.5,22-25 °C,até 55%
2020,12,2020-12-01,Nordeste,PE,Jaboatão dos Guararapes,26.21,75.39,32.07,1.64,37.93,25.8,63.6,67.37,Moderada,Dez,4,Verão,False,23.589000000000002,18.8475,8.0175,13.12,3.793,PM2.5,25-28 °C,55-70%
2020,12,2020-12-01,Nordeste,CE,Fortaleza,37.25,65.22,27.25,0.32,55.49,24.0,70.7,64.76,Moderada,Dez,4,Verão,False,33.525,16.305,6.8125,2.56,5.549,PM2.5,22-25 °C,70-85%
2020,12,2020-12-01,Nordeste,CE,Juazeiro do Norte,43.41,81.44,20.7,1.13,46.56,20.2,54.8,78.33,Moderada,Dez,4,Verão,False,39.068999999999996,20.36,5.175,9.04,4.656000000000001,PM2.5,até 22 °C,até 55%
2020,12,2020-12-01,Nordeste,MA,São Luís,45.87,73.95,29.97,1.64,31.15,18.6,57.2,83.5,Ruim,Dez,4,Verão,True,41.283,18.4875,7.4925,13.12,3.115,PM2.5,até 22 °C,55-70%
2020,12,2020-12-01,Nordeste,PB,João Pessoa,29.15,32.82,34.0,0.54,27.75,22.6,41.8,50.06,Moderada,Dez,4,Verão,False,26.235,8.205,8.5,4.32,2.7750000000000004,PM2.5,22-25 °C,até 55%
2020,12,2020-12-01,Centro-Oeste,DF,Brasília,19.67,84.49,33.99,1.65,35.8,22.8,55.0,64.08,Moderada,Dez,4,Verão,False,17.703000000000003,21.1225,8.4975,13.2,3.58,PM10,22-25 °C,até 55%
2020,12,2020-12-01,Centro-Oeste,GO,Goiânia,20.48,53.16,33.15,0.51,34.27,27.3,43.5,47.53,Boa,Dez,4,Verão,False,18.432000000000002,13.29,8.2875,4.08,3.4270000000000005,PM2.5,25-28 °C,até 55%
2020,12,2020-12-01,Centro-Oeste,GO,Aparecida de Goiânia,29.92,43.62,28.71,1.0,31.98,23.8,50.4,56.22,Moderada,Dez,4,Verão,False,26.928,10.905,7.1775,8.0,3.1980000000000004,PM2.5,22-25 °C,até 55%
2020,12,2020-12-01,Centro-Oeste,MT,Cuiabá,31.63,31.21,15.55,1.61,34.29,22.6,55.6,56.43,Moderada,Dez,4,Verão,False,28.467,7.8025,3.8875,12.88,3.4290000000000003,PM2.5,22-25 °C,55-70%
2020,12,2020-12-01,Centro-Oeste,MS,Campo Grande,33.46,61.27,19.14,1.65,46.47,22.0,65.1,68.04,Moderada,Dez,4,Verão,False,30.114,15.3175,4.785,13.2,4.647,PM2.5,até 22 °C,55-70%
2020,12,2020-12-01,Sudeste,SP,São Paulo,40.52,64.55,28.62,0.48,39.97,28.0,50.3,67.64,Moderada,Dez,4,Verão,False,36.468,16.1375,7.155,3.84,3.997,PM2.5,25-28 °C,até 55%
2020,12,2020-12-01,Sudeste,SP,Campinas,36.78,78.87,34.88,1.77,29.84,25.6,70.9,78.64,Moderada,Dez,4,Verão,False,33.102000000000004,19.7175,8.72,14.16,2.984,PM2.5,25-28 °C,70-85%
2020,12,2020-12-01,Sudeste,SP,Ribeirão Preto,38.69,76.45,21.74,0.36,24.34,23.3,94.1,64.65,Moderada,Dez,4,Verão,False,34.821,19.1125,5.435,2.88,2.434,PM2.5,22-25 °C,acima de 85%
2020,12,2020-12-01,Sudeste,RJ,Rio de Janeiro,10.11,51.99,19.47,1.1,42.7,25.4,72.6,40.04,Boa,Dez,4,Verão,False,9.099,12.9975,4.8675,8.8,4.2700000000000005,PM10,25-28 °C,70-85%
2020,12,2020-12-01,Sudeste,RJ,Niterói,32.56,77.98,32.71,1.73,40.51,24.0,52.6,74.85,Moderada,Dez,4,Verão,False,29.304000000000002,19.495,8.1775,13.84,4.051,PM2.5,22-25 °C,até 55%
2020,12,2020-12-01,Sudeste,RJ,Nova Iguaçu,36.52,80.45,26.51,0.47,45.55,24.8,90.6,67.89,Moderada,Dez,4,Verão,False,32.868,20.1125,6.6275,3.76,4.555,PM2.5,22-25 °C,acima de 85%
2020,12,2020-12-01,Sudeste,RJ,Petrópolis,45.04,60.0,23.48,1.75,56.32,26.9,70.8,81.02,Ruim,Dez,4,Verão,True,40.536,15.0,5.87,14.0,5.632000000000001,PM2.5,25-28 °C,70-85%
2020,12,2020-12-01,Sudeste,MG,Belo Horizonte,26.49,80.98,18.99,0.33,33.44,29.2,54.6,54.79,Moderada,Dez,4,Verão,False,23.840999999999998,20.245,4.7475,2.64,3.344,PM2.5,acima de 28 °C,até 55%
2020,12,2020-12-01,Sudeste,MG,Uberlândia,34.5,53.51,4.76,1.25,50.0,26.0,49.0,60.63,Moderada,Dez,4,Verão,False,31.05,13.3775,1.19,10.0,5.0,PM2.5,25-28 °C,até 55%
2020,12,2020-12-01,Sudeste,MG,Juiz de Fora,40.28,63.42,27.29,0.93,40.54,19.8,66.1,70.42,Moderada,Dez,4,Verão,False,36.252,15.855,6.8225,7.44,4.054,PM2.5,até 22 °C,55-70%
2020,12,2020-12-01,Sudeste,ES,Vitória,28.59,90.4,22.93,0.64,45.68,22.8,52.5,63.78,Moderada,Dez,4,Verão,False,25.731,22.6,5.7325,5.12,4.5680000000000005,PM2.5,22-25 °C,até 55%
2020,12,2020-12-01,Sudeste,ES,Vila Velha,53.57,57.03,27.84,1.76,49.11,29.2,65.8,88.46,Ruim,Dez,4,Verão,True,48.213,14.2575,6.96,14.08,4.9110000000000005,PM2.5,acima de 28 °C,55-70%
2020,12,2020-12-01,Sudeste,ES,Serra,27.95,54.76,30.58,0.77,41.95,18.1,78.2,56.82,Moderada,Dez,4,Verão,False,25.155,13.69,7.645,6.16,4.195,PM2.5,até 22 °C,70-85%
2020,12,2020-12-01,Sul,PR,Curitiba,31.83,52.0,17.49,0.75,60.75,22.5,47.4,58.09,Moderada,Dez,4,Verão,False,28.647,13.0,4.3725,6.0,6.075,PM2.5,22-25 °C,até 55%
2020,12,2020-12-01,Sul,PR,Londrina,38.8,59.73,23.24,1.35,28.22,23.5,75.5,69.26,Moderada,Dez,4,Verão,False,34.92,14.9325,5.81,10.8,2.822,PM2.5,22-25 °C,70-85%
2020,12,2020-12-01,Sul,SC,Florianópolis,54.0,77.36,24.47,1.45,59.5,18.9,80.3,91.63,Ruim,Dez,4,Verão,True,48.6,19.34,6.1175,11.6,5.95,PM2.5,até 22 °C,70-85%
2020,12,2020-12-01,Sul,SC,Joinville,49.71,71.26,34.59,0.91,47.25,23.3,82.6,83.18,Ruim,Dez,4,Verão,True,44.739000000000004,17.815,8.6475,7.28,4.7250000000000005,PM2.5,22-25 °C,70-85%
2020,12,2020-12-01,Sul,RS,Porto Alegre,27.18,87.35,13.16,0.33,37.84,21.7,51.1,56.02,Moderada,Dez,4,Verão,False,24.462,21.8375,3.29,2.64,3.7840000000000007,PM2.5,até 22 °C,até 55%
2020,12,2020-12-01,Sul,RS,Caxias do Sul,37.71,56.45,33.52,0.62,52.56,22.9,53.4,66.63,Moderada,Dez,4,Verão,False,33.939,14.1125,8.38,4.96,5.256,PM2.5,22-25 °C,até 55%
2021,1,2021-01-01,Norte,AM,Manaus,31.04,76.4,41.92,1.47,48.77,26.1,41.0,74.19,Moderada,Jan,1,Verão,False,27.936,19.1,10.48,11.76,4.877000000000001,PM2.5,25-28 °C,até 55%
2021,1,2021-01-01,Norte,PA,Belém,35.51,102.95,15.77,1.68,37.8,27.0,90.4,78.86,Moderada,Jan,1,Verão,False,31.959,25.7375,3.9425,13.44,3.78,PM2.5,25-28 °C,acima de 85%
2021,1,2021-01-01,Norte,PA,Santarém,27.09,84.14,16.6,1.15,42.17,21.9,81.8,63.03,Moderada,Jan,1,Verão,False,24.381,21.035,4.15,9.2,4.2170000000000005,PM2.5,até 22 °C,70-85%
2021,1,2021-01-01,Norte,RO,Porto Velho,23.77,51.39,20.14,1.59,21.95,21.5,83.0,54.21,Moderada,Jan,1,Verão,False,21.393,12.8475,5.035,12.72,2.195,PM2.5,até 22 °C,70-85%
2021,1,2021-01-01,Norte,TO,Palmas,50.51,57.97,21.05,1.75,43.23,24.3,84.2,83.52,Ruim,Jan,1,Verão,True,45.458999999999996,14.4925,5.2625,14.0,4.3229999999999995,PM2.5,22-25 °C,70-85%
2021,1,2021-01-01,Nordeste,BA,Salvador,38.65,47.1,20.19,1.23,41.68,21.7,55.6,65.62,Moderada,Jan,1,Verão,False,34.785,11.775,5.0475,9.84,4.168,PM2.5,até 22 °C,55-70%
2021,1,2021-01-01,Nordeste,BA,Feira de Santana,33.31,84.36,24.81,0.52,45.2,27.1,59.8,65.97,Moderada,Jan,1,Verão,False,29.979000000000003,21.09,6.2025,4.16,4.5200000000000005,PM2.5,25-28 °C,55-70%
2021,1,2021-01-01,Nordeste,PE,Recife,20.38,89.38,30.0,1.11,30.72,23.4,54.9,60.11,Moderada,Jan,1,Verão,False,18.342,22.345,7.5,8.88,3.072,PM10,22-25 °C,até 55%
2021,1,2021-01-01,Nordeste,PE,Jaboatão dos Guararapes,20.33,75.72,21.56,1.4,35.81,23.8,60.7,57.44,Moderada,Jan,1,Verão,False,18.297,18.93,5.39,11.2,3.5810000000000004,PM10,22-25 °C,55-70%
2021,1,2021-01-01,Nordeste,CE,Fortaleza,33.77,53.56,30.49,0.94,46.92,23.5,93.9,63.62,Moderada,Jan,1,Verão,False,30.393000000000004,13.39,7.6225,7.52,4.692,PM2.5,22-25 °C,acima de 85%
2021,1,2021-01-01,Nordeste,CE,Juazeiro do Norte,29.83,89.11,21.98,1.3,40.63,26.6,51.7,69.08,Moderada,Jan,1,Verão,False,26.846999999999998,22.2775,5.495,10.4,4.063000000000001,PM2.5,25-28 °C,até 55%
2021,1,2021-01-01,Nordeste,MA,São Luís,40.23,63.9,15.75,0.34,36.71,21.7,88.1,62.49,Moderada,Jan,1,Verão,False,36.207,15.975,3.9375,2.72,3.6710000000000003,PM2.5,até 22 °C,acima de 85%
2021,1,2021-01-01,Nordeste,PB,João Pessoa,34.11,73.04,18.15,0.48,45.87,24.0,57.5,61.93,Moderada,Jan,1,Verão,False,30.699,18.26,4.5375,3.84,4.587,PM2.5,22-25 °C,55-70%
2021,1,2021-01-01,Centro-Oeste,DF,Brasília,34.32,71.61,37.85,0.84,19.99,25.2,90.0,66.96,Moderada,Jan,1,Verão,False,30.888,17.9025,9.4625,6.72,1.9989999999999999,PM2.5,25-28 °C,acima de 85%
2021,1,2021-01-01,Centro-Oeste,GO,Goiânia,39.74,78.33,20.84,0.65,38.74,22.4,43.4,69.63,Moderada,Jan,1,Verão,False,35.766000000000005,19.5825,5.21,5.2,3.8740000000000006,PM2.5,22-25 °C,até 55%
2021,1,2021-01-01,Centro-Oeste,GO,Aparecida de Goiânia,47.58,78.33,34.44,1.29,42.06,22.5,63.5,85.55,Ruim,Jan,1,Verão,True,42.822,19.5825,8.61,10.32,4.206,PM2.5,22-25 °C,55-70%
2021,1,2021-01-01,Centro-Oeste,MT,Cuiabá,43.03,75.06,19.2,1.3,37.9,18.8,71.2,76.47,Moderada,Jan,1,Verão,False,38.727000000000004,18.765,4.8,10.4,3.79,PM2.5,até 22 °C,70-85%
2021,1,2021-01-01,Centro-Oeste,MS,Campo Grande,27.01,77.11,30.1,1.0,36.81,30.2,44.6,62.8,Moderada,Jan,1,Verão,False,24.309,19.2775,7.525,8.0,3.6810000000000005,PM2.5,acima de 28 °C,até 55%
2021,1,2021-01-01,Sudeste,SP,São Paulo,30.28,99.25,22.87,1.33,37.44,29.0,88.1,72.18,Moderada,Jan,1,Verão,False,27.252000000000002,24.8125,5.7175,10.64,3.7439999999999998,PM2.5,acima de 28 °C,acima de 85%
2021,1,2021-01-01,Sudeste,SP,Campinas,39.18,89.01,25.77,1.54,31.77,28.4,73.2,79.48,Moderada,Jan,1,Verão,False,35.262,22.2525,6.4425,12.32,3.177,PM2.5,acima de 28 °C,70-85%
2021,1,2021-01-01,Sudeste,SP,Ribeirão Preto,46.28,84.91,20.98,1.38,40.09,24.6,58.3,83.18,Ruim,Jan,1,Verão,True,41.652,21.2275,5.245,11.04,4.009,PM2.5,22-25 °C,55-70%
2021,1,2021-01-01,Sudeste,RJ,Rio de Janeiro,39.5,56.87,46.12,1.21,33.28,25.8,42.2,74.3,Moderada,Jan,1,Verão,False,35.550000000000004,14.2175,11.53,9.68,3.3280000000000003,PM2.5,25-28 °C,até 55%
2021,1,2021-01-01,Sudeste,RJ,Niterói,39.3,67.26,28.81,0.48,57.16,23.7,42.4,68.95,Moderada,Jan,1,Verão,False,35.37,16.815,7.2025,3.84,5.716,PM2.5,22-25 °C,até 55%
2021,1,2021-01-01,Sudeste,RJ,Nova Iguaçu,32.31,73.95,19.34,1.45,34.69,22.2,51.4,67.46,Moderada,Jan,1,Verão,False,29.079000000000004,18.4875,4.835,11.6,3.469,PM2.5,22-25 °C,até 55%
2021,1,2021-01-01,Sudeste,RJ,Petrópolis,36.46,71.33,12.25,1.28,55.82,26.6,72.6,69.49,Moderada,Jan,1,Verão,False,32.814,17.8325,3.0625,10.24,5.582000000000001,PM2.5,25-28 °C,70-85%
2021,1,2021-01-01,Sudeste,MG,Belo Horizonte,30.61,71.9,19.61,0.43,39.61,26.8,88.2,57.84,Moderada,Jan,1,Verão,False,27.549,17.975,4.9025,3.44,3.9610000000000003,PM2.5,25-28 °C,acima de 85%
2021,1,2021-01-01,Sudeste,MG,Uberlândia,35.19,35.0,27.19,0.93,35.16,22.9,43.5,58.16,Moderada,Jan,1,Verão,False,31.671,8.75,6.7975,7.44,3.516,PM2.5,22-25 °C,até 55%
2021,1,2021-01-01,Sudeste,MG,Juiz de Fora,30.77,16.6,24.08,1.71,35.64,29.3,49.8,55.1,Moderada,Jan,1,Verão,False,27.693,4.15,6.02,13.68,3.564,PM2.5,acima de 28 °C,até 55%
2021,1,2021-01-01,Sudeste,ES,Vitória,38.93,78.41,27.43,0.63,34.71,31.1,63.5,70.02,Moderada,Jan,1,Verão,False,35.037,19.6025,6.8575,5.04,3.471,PM2.5,acima de 28 °C,55-70%
2021,1,2021-01-01,Sudeste,ES,Vila Velha,41.32,61.46,32.09,1.04,25.0,19.7,65.4,71.39,Moderada,Jan,1,Verão,False,37.188,15.365,8.0225,8.32,2.5,PM2.5,até 22 °C,55-70%
2021,1,2021-01-01,Sudeste,ES,Serra,32.61,56.68,43.26,1.71,43.73,23.5,67.9,72.4,Moderada,Jan,1,Verão,False,29.349,14.17,10.815,13.68,4.373,PM2.5,22-25 °C,55-70%
2021,1,2021-01-01,Sul,PR,Curitiba,50.55,66.9,25.37,1.46,32.03,19.6,48.8,83.47,Ruim,Jan,1,Verão,True,45.495,16.725,6.3425,11.68,3.2030000000000003,PM2.5,até 22 °C,até 55%
2021,1,2021-01-01,Sul,PR,Londrina,25.62,58.08,19.66,0.66,56.37,22.2,87.4,53.38,Moderada,Jan,1,Verão,False,23.058,14.52,4.915,5.28,5.6370000000000005,PM2.5,22-25 °C,acima de 85%
2021,1,2021-01-01,Sul,SC,Florianópolis,20.66,101.44,27.39,0.87,41.42,23.4,71.4,61.92,Moderada,Jan,1,Verão,False,18.594,25.36,6.8475,6.96,4.142,PM10,22-25 °C,70-85%
2021,1,2021-01-01,Sul,SC,Joinville,38.33,73.86,18.27,0.79,32.19,25.6,68.1,67.04,Moderada,Jan,1,Verão,False,34.497,18.465,4.5675,6.32,3.219,PM2.5,25-28 °C,55-70%
2021,1,2021-01-01,Sul,RS,Porto Alegre,42.11,89.21,29.61,1.53,32.41,20.0,45.1,83.07,Ruim,Jan,1,Verão,True,37.899,22.3025,7.4025,12.24,3.2409999999999997,PM2.5,até 22 °C,até 55%
2021,1,2021-01-01,Sul,RS,Caxias do Sul,34.43,39.75,11.79,1.51,35.09,19.1,81.6,59.48,Moderada,Jan,1,Verão,False,30.987000000000002,9.9375,2.9475,12.08,3.5090000000000003,PM2.5,até 22 °C,70-85%
2021,2,2021-02-01,Norte,AM,Manaus,24.31,76.38,24.6,0.77,29.37,19.6,88.6,56.25,Moderada,Fev,1,Verão,False,21.878999999999998,19.095,6.15,6.16,2.9370000000000003,PM2.5,até 22 °C,acima de 85%
2021,2,2021-02-01,Norte,PA,Belém,28.68,60.72,18.64,0.93,38.08,25.4,51.3,56.9,Moderada,Fev,1,Verão,False,25.812,15.18,4.66,7.44,3.808,PM2.5,25-28 °C,até 55%
2021,2,2021-02-01,Norte,PA,Santarém,32.48,68.09,24.25,0.88,36.28,22.3,69.3,62.95,Moderada,Fev,1,Verão,False,29.232,17.0225,6.0625,7.04,3.628,PM2.5,22-25 °C,55-70%
2021,2,2021-02-01,Norte,RO,Porto Velho,30.93,94.36,21.41,1.0,33.43,29.6,54.7,68.09,Moderada,Fev,1,Verão,False,27.837,23.59,5.3525,8.0,3.343,PM2.5,acima de 28 °C,até 55%
2021,2,2021-02-01,Norte,TO,Palmas,37.34,48.73,33.73,1.2,33.86,24.7,47.2,67.19,Moderada,Fev,1,Verão,False,33.606,12.1825,8.4325,9.6,3.386,PM2.5,22-25 °C,até 55%
2021,2,2021-02-01,Nordeste,BA,Salvador,33.97,67.22,42.0,0.97,63.28,28.0,49.0,71.96,Moderada,Fev,1,Verão,False,30.573,16.805,10.5,7.76,6.328,PM2.5,25-28 °C,até 55%
2021,2,2021-02-01,Nordeste,BA,Feira de Santana,22.47,80.09,11.29,1.5,31.61,28.9,73.7,58.24,Moderada,Fev,1,Verão,False,20.223,20.0225,2.8225,12.0,3.161,PM2.5,acima de 28 °C,70-85%
2021,2,2021-02-01,Nordeste,PE,Recife,26.83,90.88,15.02,0.9,32.3,28.6,40.2,61.03,Moderada,Fev,1,Verão,False,24.147,22.72,3.755,7.2,3.23,PM2.5,acima de 28 °C,até 55%
2021,2,2021-02-01,Nordeste,PE,Jaboatão dos Guararapes,48.27,48.59,31.01,1.18,42.41,26.1,71.1,77.0,Moderada,Fev,1,Verão,False,43.443000000000005,12.1475,7.7525,9.44,4.241,PM2.5,25-28 °C,70-85%
2021,2,2021-02-01,Nordeste,CE,Fortaleza,41.91,76.74,35.27,1.48,52.08,24.8,75.1,82.75,Ruim,Fev,1,Verão,True,37.719,19.185,8.8175,11.84,5.208,PM2.5,22-25 °C,70-85%
2021,2,2021-02-01,Nordeste,CE,Juazeiro do Norte,27.43,47.32,34.74,0.59,44.95,28.6,83.3,54.43,Moderada,Fev,1,Verão,False,24.687,11.83,8.685,4.72,4.495,PM2.5,acima de 28 °C,70-85%
2021,2,2021-02-01,Nordeste,MA,São Luís,30.3,80.94,26.08,1.23,41.58,26.9,81.6,68.02,Moderada,Fev,1,Verão,False,27.27,20.235,6.52,9.84,4.158,PM2.5,25-28 °C,70-85%
2021,2,2021-02-01,Nordeste,PB,João Pessoa,37.92,128.79,20.9,1.1,37.91,23.1,94.1,84.17,Ruim,Fev,1,Verão,True,34.128,32.1975,5.225,8.8,3.791,PM2.5,22-25 °C,acima de 85%
2021,2,2021-02-01,Centro-Oeste,DF,Brasília,36.08,64.17,18.51,1.0,39.96,26.2,56.8,65.12,Moderada,Fev,1,Verão,False,32.472,16.0425,4.6275,8.0,3.9960000000000004,PM2.5,25-28 °C,55-70%
2021,2,2021-02-01,Centro-Oeste,GO,Goiânia,37.26,75.39,33.89,0.62,44.51,24.9,80.6,70.29,Moderada,Fev,1,Verão,False,33.534,18.8475,8.4725,4.96,4.451,PM2.5,22-25 °C,70-85%
2021,2,2021-02-01,Centro-Oeste,GO,Aparecida de Goiânia,39.14,32.52,22.38,1.37,45.91,23.8,84.0,64.51,Moderada,Fev,1,Verão,False,35.226,8.13,5.595,10.96,4.591,PM2.5,22-25 °C,70-85%
2021,2,2021-02-01,Centro-Oeste,MT,Cuiabá,39.0,65.36,17.32,0.87,35.76,20.8,76.4,66.31,Moderada,Fev,1,Verão,False,35.1,16.34,4.33,6.96,3.576,PM2.5,até 22 °C,70-85%
2021,2,2021-02-01,Centro-Oeste,MS,Campo Grande,29.0,38.13,22.04,1.11,53.09,21.6,61.5,55.36,Moderada,Fev,1,Verão,False,26.1,9.5325,5.51,8.88,5.309000000000001,PM2.5,até 22 °C,55-70%
2021,2,2021-02-01,Sudeste,SP,São Paulo,37.34,76.66,31.02,1.52,23.93,26.9,69.5,75.06,Moderada,Fev,1,Verão,False,33.606,19.165,7.755,12.16,2.3930000000000002,PM2.5,25-28 °C,55-70%
2021,2,2021-02-01,Sudeste,SP,Campinas,38.22,87.29,29.38,1.73,51.04,30.6,75.7,82.48,Ruim,Fev,1,Verão,True,34.398,21.8225,7.345,13.84,5.104,PM2.5,acima de 28 °C,70-85%
2021,2,2021-02-01,Sudeste,SP,Ribeirão Preto,39.04,65.0,18.56,0.42,41.27,24.3,70.4,63.54,Moderada,Fev,1,Verão,False,35.136,16.25,4.64,3.36,4.127000000000001,PM2.5,22-25 °C,70-85%
2021,2,2021-02-01,Sudeste,RJ,Rio de Janeiro,39.38,78.53,33.2,1.49,55.27,25.4,81.1,80.86,Ruim,Fev,1,Verão,True,35.442,19.6325,8.3,11.92,5.527000000000001,PM2.5,25-28 °C,70-85%
2021,2,2021-02-01,Sudeste,RJ,Niterói,20.1,79.84,15.23,1.26,26.07,22.7,76.2,54.52,Moderada,Fev,1,Verão,False,18.090000000000003,19.96,3.8075,10.08,2.607,PM10,22-25 °C,70-85%
2021,2,2021-02-01,Sudeste,RJ,Nova Iguaçu,21.77,66.97,22.39,0.69,37.7,22.9,69.4,51.22,Moderada,Fev,1,Verão,False,19.593,16.7425,5.5975,5.52,3.7700000000000005,PM2.5,22-25 °C,55-70%
2021,2,2021-02-01,Sudeste,RJ,Petrópolis,39.75,112.54,20.85,1.48,23.94,28.5,60.9,83.33,Ruim,Fev,1,Verão,True,35.775,28.135,5.2125,11.84,2.394,PM2.5,acima de 28 °C,55-70%
2021,2,2021-02-01,Sudeste,MG,Belo Horizonte,23.98,91.88,17.74,1.4,42.69,23.5,58.0,64.42,Moderada,Fev,1,Verão,False,21.582,22.97,4.435,11.2,4.269,PM10,22-25 °C,55-70%
2021,2,2021-02-01,Sudeste,MG,Uberlândia,24.41,78.23,28.66,1.29,41.57,28.2,46.6,63.2,Moderada,Fev,1,Verão,False,21.969,19.5575,7.165,10.32,4.157,PM2.5,acima de 28 °C,até 55%
2021,2,2021-02-01,Sudeste,MG,Juiz de Fora,41.78,80.24,21.09,1.07,52.41,22.5,89.2,76.73,Moderada,Fev,1,Verão,False,37.602000000000004,20.06,5.2725,8.56,5.241,PM2.5,22-25 °C,acima de 85%
2021,2,2021-02-01,Sudeste,ES,Vitória,47.81,41.65,30.86,1.4,48.77,23.8,54.1,77.26,Moderada,Fev,1,Verão,False,43.029,10.4125,7.715,11.2,4.877000000000001,PM2.5,22-25 °C,até 55%
2021,2,2021-02-01,Sudeste,ES,Vila Velha,30.19,69.48,23.01,1.2,39.9,22.4,54.3,63.9,Moderada,Fev,1,Verão,False,27.171000000000003,17.37,5.7525,9.6,3.99,PM2.5,22-25 °C,até 55%
2021,2,2021-02-01,Sudeste,ES,Serra,47.72,52.47,6.24,0.94,35.38,24.3,57.1,68.72,Moderada,Fev,1,Verão,False,42.948,13.1175,1.56,7.52,3.5380000000000003,PM2.5,22-25 °C,55-70%
2021,2,2021-02-01,Sul,PR,Curitiba,40.83,59.89,24.26,0.81,42.8,25.5,58.9,68.57,Moderada,Fev,1,Verão,False,36.747,14.9725,6.065,6.48,4.28,PM2.5,25-28 °C,55-70%
2021,2,2021-02-01,Sul,PR,Londrina,20.39,47.96,20.19,0.51,46.8,26.8,59.3,44.12,Boa,Fev,1,Verão,False,18.351000000000003,11.99,5.0475,4.08,4.68,PM2.5,25-28 °C,55-70%
2021,2,2021-02-01,Sul,SC,Florianópolis,45.77,76.3,20.07,1.19,49.43,23.9,83.5,79.77,Moderada,Fev,1,Verão,False,41.193000000000005,19.075,5.0175,9.52,4.9430000000000005,PM2.5,22-25 °C,70-85%
2021,2,2021-02-01,Sul,SC,Joinville,34.68,78.84,25.39,0.78,41.2,20.1,72.7,67.62,Moderada,Fev,1,Verão,False,31.212,19.71,6.3475,6.24,4.12,PM2.5,até 22 °C,70-85%
2021,2,2021-02-01,Sul,RS,Porto Alegre,32.74,106.1,23.07,1.26,35.43,20.1,81.3,75.35,Moderada,Fev,1,Verão,False,29.466,26.525,5.7675,10.08,3.543,PM2.5,até 22 °C,70-85%
2021,2,2021-02-01,Sul,RS,Caxias do Sul,36.35,41.04,28.29,1.69,54.55,26.0,53.0,69.03,Moderada,Fev,1,Verão,False,32.715,10.26,7.0725,13.52,5.455,PM2.5,25-28 °C,até 55%
2021,3,2021-03-01,Norte,AM,Manaus,32.74,68.85,30.9,1.33,35.22,21.2,92.9,68.57,Moderada,Mar,1,Outono,False,29.466,17.2125,7.725,10.64,3.5220000000000002,PM2.5,até 22 °C,acima de 85%
2021,3,2021-03-01,Norte,PA,Belém,56.05,64.44,24.59,0.93,46.27,23.2,75.0,84.74,Ruim,Mar,1,Outono,True,50.445,16.11,6.1475,7.44,4.627000000000001,PM2.5,22-25 °C,70-85%
2021,3,2021-03-01,Norte,PA,Santarém,44.55,86.42,24.27,1.55,49.61,31.5,94.4,85.17,Ruim,Mar,1,Outono,True,40.095,21.605,6.0675,12.4,4.961,PM2.5,acima de 28 °C,acima de 85%
2021,3,2021-03-01,Norte,RO,Porto Velho,43.4,75.93,27.12,1.66,39.39,26.0,94.5,82.04,Ruim,Mar,1,Outono,True,39.06,18.9825,6.78,13.28,3.939,PM2.5,25-28 °C,acima de 85%
2021,3,2021-03-01,Norte,TO,Palmas,38.51,92.48,26.05,1.79,40.78,28.9,55.6,82.66,Ruim,Mar,1,Outono,True,34.659,23.12,6.5125,14.32,4.078,PM2.5,acima de 28 °C,55-70%
2021,3,2021-03-01,Nordeste,BA,Salvador,48.2,61.88,26.61,0.42,41.52,23.4,54.7,72.98,Moderada,Mar,1,Outono,False,43.38,15.47,6.6525,3.36,4.152,PM2.5,22-25 °C,até 55%
2021,3,2021-03-01,Nordeste,BA,Feira de Santana,34.05,76.89,26.59,1.35,30.49,33.2,71.2,70.33,Moderada,Mar,1,Outono,False,30.645,19.2225,6.6475,10.8,3.049,PM2.5,acima de 28 °C,70-85%
2021,3,2021-03-01,Nordeste,PE,Recife,36.11,64.1,33.87,1.33,27.96,22.9,57.1,70.46,Moderada,Mar,1,Outono,False,32.499,16.025,8.4675,10.64,2.7960000000000003,PM2.5,22-25 °C,55-70%
2021,3,2021-03-01,Nordeste,PE,Jaboatão dos Guararapes,40.63,66.96,24.81,0.82,39.4,23.2,89.2,70.01,Moderada,Mar,1,Outono,False,36.567,16.74,6.2025,6.56,3.94,PM2.5,22-25 °C,acima de 85%
2021,3,2021-03-01,Nordeste,CE,Fortaleza,38.66,72.81,22.88,0.57,61.16,29.3,46.7,69.41,Moderada,Mar,1,Outono,False,34.794,18.2025,5.72,4.56,6.116,PM2.5,acima de 28 °C,até 55%
2021,3,2021-03-01,Nordeste,CE,Juazeiro do Norte,19.49,75.99,21.67,1.22,36.29,21.7,93.7,55.31,Moderada,Mar,1,Outono,False,17.541,18.9975,5.4175,9.76,3.629,PM10,até 22 °C,acima de 85%
2021,3,2021-03-01,Nordeste,MA,São Luís,38.94,103.6,21.13,1.39,30.74,24.6,93.4,80.44,Ruim,Mar,1,Outono,True,35.046,25.9,5.2825,11.12,3.074,PM2.5,22-25 °C,acima de 85%
2021,3,2021-03-01,Nordeste,PB,João Pessoa,20.11,69.81,27.1,0.61,33.7,25.9,68.2,50.6,Moderada,Mar,1,Outono,False,18.099,17.4525,6.775,4.88,3.3700000000000006,PM2.5,25-28 °C,55-70%
2021,3,2021-03-01,Centro-Oeste,DF,Brasília,45.2,85.98,18.03,1.67,42.09,17.1,50.6,84.25,Ruim,Mar,1,Outono,True,40.68000000000001,21.495,4.5075,13.36,4.2090000000000005,PM2.5,até 22 °C,até 55%
2021,3,2021-03-01,Centro-Oeste,GO,Goiânia,28.54,111.2,22.89,1.69,59.4,23.2,67.0,78.66,Moderada,Mar,1,Outono,False,25.686,27.8,5.7225,13.52,5.94,PM10,22-25 °C,55-70%
2021,3,2021-03-01,Centro-Oeste,GO,Aparecida de Goiânia,39.82,64.06,27.35,1.7,50.5,29.5,84.3,77.35,Moderada,Mar,1,Outono,False,35.838,16.015,6.8375,13.6,5.050000000000001,PM2.5,acima de 28 °C,70-85%
2021,3,2021-03-01,Centro-Oeste,MT,Cuiabá,25.15,52.36,20.53,0.62,47.97,24.3,92.0,50.58,Moderada,Mar,1,Outono,False,22.634999999999998,13.09,5.1325,4.96,4.797,PM2.5,22-25 °C,acima de 85%
2021,3,2021-03-01,Centro-Oeste,MS,Campo Grande,32.37,62.97,23.67,0.37,50.11,23.7,45.0,58.8,Moderada,Mar,1,Outono,False,29.133,15.7425,5.9175,2.96,5.011,PM2.5,22-25 °C,até 55%
2021,3,2021-03-01,Sudeste,SP,São Paulo,48.27,123.47,33.94,1.77,31.57,22.9,60.9,100.13,Ruim,Mar,1,Outono,True,43.443000000000005,30.8675,8.485,14.16,3.157,PM2.5,22-25 °C,55-70%
2021,3,2021-03-01,Sudeste,SP,Campinas,45.33,77.25,26.92,0.43,40.68,26.2,61.6,74.38,Moderada,Mar,1,Outono,False,40.797,19.3125,6.73,3.44,4.0680000000000005,PM2.5,25-28 °C,55-70%
2021,3,2021-03-01,Sudeste,SP,Ribeirão Preto,35.7,44.99,21.98,1.68,24.64,18.6,63.6,64.81,Moderada,Mar,1,Outono,False,32.13,11.2475,5.495,13.44,2.4640000000000004,PM2.5,até 22 °C,55-70%
2021,3,2021-03-01,Sudeste,RJ,Rio de Janeiro,54.44,55.0,28.73,1.65,26.57,25.6,57.3,85.77,Ruim,Mar,1,Outono,True,48.996,13.75,7.1825,13.2,2.657,PM2.5,25-28 °C,55-70%
2021,3,2021-03-01,Sudeste,RJ,Niterói,32.04,72.11,22.39,0.3,33.58,22.8,60.7,58.23,Moderada,Mar,1,Outono,False,28.836,18.0275,5.5975,2.4,3.358,PM2.5,22-25 °C,55-70%
2021,3,2021-03-01,Sudeste,RJ,Nova Iguaçu,49.82,56.79,33.36,0.69,51.06,25.0,43.2,78.01,Moderada,Mar,1,Outono,False,44.838,14.1975,8.34,5.52,5.106000000000001,PM2.5,22-25 °C,até 55%
2021,3,2021-03-01,Sudeste,RJ,Petrópolis,47.89,77.31,24.02,1.69,48.16,26.7,66.6,86.76,Ruim,Mar,1,Outono,True,43.101,19.3275,6.005,13.52,4.816,PM2.5,25-28 °C,55-70%
2021,3,2021-03-01,Sudeste,MG,Belo Horizonte,43.64,72.58,25.81,0.56,61.89,29.3,78.2,74.51,Moderada,Mar,1,Outono,False,39.276,18.145,6.4525,4.48,6.189,PM2.5,acima de 28 °C,70-85%
2021,3,2021-03-01,Sudeste,MG,Uberlândia,41.36,100.56,24.34,0.83,25.85,26.2,62.3,77.69,Moderada,Mar,1,Outono,False,37.224000000000004,25.14,6.085,6.64,2.5850000000000004,PM2.5,25-28 °C,55-70%
2021,3,2021-03-01,Sudeste,MG,Juiz de Fora,41.33,82.5,19.53,1.16,34.31,24.2,42.1,75.43,Moderada,Mar,1,Outono,False,37.197,20.625,4.8825,9.28,3.4310000000000005,PM2.5,22-25 °C,até 55%
2021,3,2021-03-01,Sudeste,ES,Vitória,42.87,60.53,23.28,0.85,42.35,22.8,79.9,70.6,Moderada,Mar,1,Outono,False,38.583,15.1325,5.82,6.8,4.235,PM2.5,22-25 °C,70-85%
2021,3,2021-03-01,Sudeste,ES,Vila Velha,31.53,69.13,20.71,0.89,33.61,23.7,43.5,61.32,Moderada,Mar,1,Outono,False,28.377000000000002,17.2825,5.1775,7.12,3.361,PM2.5,22-25 °C,até 55%
2021,3,2021-03-01,Sudeste,ES,Serra,9.27,87.74,27.74,1.46,44.81,26.3,55.1,53.41,Moderada,Mar,1,Outono,False,8.343,21.935,6.935,11.68,4.481000000000001,PM10,25-28 °C,55-70%
2021,3,2021-03-01,Sul,PR,Curitiba,27.68,51.98,9.17,0.65,58.28,24.2,87.6,51.27,Moderada,Mar,1,Outono,False,24.912,12.995,2.2925,5.2,5.828,PM2.5,22-25 °C,acima de 85%
2021,3,2021-03-01,Sul,PR,Londrina,31.92,36.52,18.66,1.15,40.44,24.9,71.2,55.78,Moderada,Mar,1,Outono,False,28.728,9.13,4.665,9.2,4.044,PM2.5,22-25 °C,70-85%
2021,3,2021-03-01,Sul,SC,Florianópolis,42.7,57.01,25.09,0.59,42.69,28.4,78.5,67.97,Moderada,Mar,1,Outono,False,38.43000000000001,14.2525,6.2725,4.72,4.269,PM2.5,acima de 28 °C,70-85%
2021,3,2021-03-01,Sul,SC,Joinville,24.05,66.67,33.24,1.68,21.06,27.0,51.3,62.15,Moderada,Mar,1,Outono,False,21.645,16.6675,8.31,13.44,2.106,PM2.5,25-28 °C,até 55%
2021,3,2021-03-01,Sul,RS,Porto Alegre,39.1,29.91,27.0,0.42,55.88,30.4,66.7,58.35,Moderada,Mar,1,Outono,False,35.190000000000005,7.4775,6.75,3.36,5.588000000000001,PM2.5,acima de 28 °C,55-70%
2021,3,2021-03-01,Sul,RS,Caxias do Sul,35.84,69.26,23.71,0.47,47.13,25.6,88.4,63.99,Moderada,Mar,1,Outono,False,32.25600000000001,17.315,5.9275,3.76,4.713,PM2.5,25-28 °C,acima de 85%
2021,4,2021-04-01,Norte,AM,Manaus,31.01,80.2,29.71,1.24,41.79,22.6,42.7,69.48,Moderada,Abr,2,Outono,False,27.909000000000002,20.05,7.4275,9.92,4.179,PM2.5,22-25 °C,até 55%
2021,4,2021-04-01,Norte,PA,Belém,23.18,84.58,30.27,1.34,41.07,23.2,90.8,64.4,Moderada,Abr,2,Outono,False,20.862000000000002,21.145,7.5675,10.72,4.107,PM10,22-25 °C,acima de 85%
2021,4,2021-04-01,Norte,PA,Santarém,28.47,63.97,15.63,1.67,40.29,31.8,53.7,62.94,Moderada,Abr,2,Outono,False,25.623,15.9925,3.9075,13.36,4.029,PM2.5,acima de 28 °C,até 55%
2021,4,2021-04-01,Norte,RO,Porto Velho,35.86,85.29,21.1,0.42,30.12,29.5,62.7,65.26,Moderada,Abr,2,Outono,False,32.274,21.3225,5.275,3.36,3.0120000000000005,PM2.5,acima de 28 °C,55-70%
2021,4,2021-04-01,Norte,TO,Palmas,28.97,42.26,20.03,0.61,56.46,22.3,44.0,52.18,Moderada,Abr,2,Outono,False,26.073,10.565,5.0075,4.88,5.646000000000001,PM2.5,22-25 °C,até 55%
2021,4,2021-04-01,Nordeste,BA,Salvador,37.38,85.81,27.29,1.34,40.93,27.9,44.0,76.7,Moderada,Abr,2,Outono,False,33.642,21.4525,6.8225,10.72,4.093,PM2.5,25-28 °C,até 55%
2021,4,2021-04-01,Nordeste,BA,Feira de Santana,35.83,89.15,26.45,1.13,37.44,20.7,70.8,73.95,Moderada,Abr,2,Outono,False,32.247,22.2875,6.6125,9.04,3.7439999999999998,PM2.5,até 22 °C,70-85%
2021,4,2021-04-01,Nordeste,PE,Recife,41.35,53.25,29.96,1.43,47.9,21.0,58.4,74.26,Moderada,Abr,2,Outono,False,37.215,13.3125,7.49,11.44,4.79,PM2.5,até 22 °C,55-70%
2021,4,2021-04-01,Nordeste,PE,Jaboatão dos Guararapes,28.63,66.29,24.66,0.86,44.47,31.8,64.1,59.81,Moderada,Abr,2,Outono,False,25.767,16.5725,6.165,6.88,4.447,PM2.5,acima de 28 °C,55-70%
2021,4,2021-04-01,Nordeste,CE,Fortaleza,25.66,69.46,21.46,0.93,27.98,30.1,47.8,56.08,Moderada,Abr,2,Outono,False,23.094,17.365,5.365,7.44,2.798,PM2.5,acima de 28 °C,até 55%
2021,4,2021-04-01,Nordeste,CE,Juazeiro do Norte,43.25,57.14,26.22,1.35,33.77,22.3,69.7,73.97,Moderada,Abr,2,Outono,False,38.925000000000004,14.285,6.555,10.8,3.3770000000000007,PM2.5,22-25 °C,55-70%
2021,4,2021-04-01,Nordeste,MA,São Luís,25.99,90.51,24.38,0.65,55.57,26.5,52.9,62.87,Moderada,Abr,2,Outono,False,23.391,22.6275,6.095,5.2,5.557,PM2.5,25-28 °C,até 55%
2021,4,2021-04-01,Nordeste,PB,João Pessoa,34.72,107.72,19.85,1.15,18.53,19.4,65.0,74.19,Moderada,Abr,2,Outono,False,31.248,26.93,4.9625,9.2,1.8530000000000002,PM2.5,até 22 °C,55-70%
2021,4,2021-04-01,Centro-Oeste,DF,Brasília,13.78,98.68,25.08,1.13,55.38,24.7,76.7,57.89,Moderada,Abr,2,Outono,False,12.402,24.67,6.27,9.04,5.538,PM10,22-25 °C,70-85%
2021,4,2021-04-01,Centro-Oeste,GO,Goiânia,28.34,69.46,28.68,0.9,32.37,24.5,76.7,60.44,Moderada,Abr,2,Outono,False,25.506,17.365,7.17,7.2,3.237,PM2.5,22-25 °C,70-85%
2021,4,2021-04-01,Centro-Oeste,GO,Aparecida de Goiânia,35.63,65.56,24.97,1.21,35.93,23.1,60.1,67.94,Moderada,Abr,2,Outono,False,32.067,16.39,6.2425,9.68,3.593,PM2.5,22-25 °C,55-70%
2021,4,2021-04-01,Centro-Oeste,MT,Cuiabá,29.89,54.61,17.46,0.51,26.47,24.6,45.2,51.64,Moderada,Abr,2,Outono,False,26.901,13.6525,4.365,4.08,2.6470000000000002,PM2.5,22-25 °C,até 55%
2021,4,2021-04-01,Centro-Oeste,MS,Campo Grande,38.0,65.99,36.17,1.47,53.68,27.6,91.9,76.88,Moderada,Abr,2,Outono,False,34.2,16.4975,9.0425,11.76,5.368,PM2.5,25-28 °C,acima de 85%
2021,4,2021-04-01,Sudeste,SP,São Paulo,39.25,83.98,21.66,1.25,44.21,25.1,59.1,76.13,Moderada,Abr,2,Outono,False,35.325,20.995,5.415,10.0,4.421,PM2.5,25-28 °C,55-70%
2021,4,2021-04-01,Sudeste,SP,Campinas,29.95,87.54,31.22,0.47,43.28,21.0,61.6,64.77,Moderada,Abr,2,Outono,False,26.955,21.885,7.805,3.76,4.328,PM2.5,até 22 °C,55-70%
2021,4,2021-04-01,Sudeste,SP,Ribeirão Preto,39.55,30.55,22.07,1.45,40.31,28.2,67.1,64.36,Moderada,Abr,2,Outono,False,35.595,7.6375,5.5175,11.6,4.031000000000001,PM2.5,acima de 28 °C,55-70%
2021,4,2021-04-01,Sudeste,RJ,Rio de Janeiro,19.98,106.01,33.38,1.28,33.97,20.9,58.6,66.49,Moderada,Abr,2,Outono,False,17.982,26.5025,8.345,10.24,3.3970000000000002,PM10,até 22 °C,55-70%
2021,4,2021-04-01,Sudeste,RJ,Niterói,31.6,66.64,15.43,1.27,31.89,27.7,63.4,62.28,Moderada,Abr,2,Outono,False,28.44,16.66,3.8575,10.16,3.189,PM2.5,25-28 °C,55-70%
2021,4,2021-04-01,Sudeste,RJ,Nova Iguaçu,25.12,84.91,35.34,1.53,25.41,22.6,66.3,67.46,Moderada,Abr,2,Outono,False,22.608,21.2275,8.835,12.24,2.5410000000000004,PM2.5,22-25 °C,55-70%
2021,4,2021-04-01,Sudeste,RJ,Petrópolis,42.18,106.71,25.43,0.46,35.54,24.2,62.6,78.26,Moderada,Abr,2,Outono,False,37.962,26.6775,6.3575,3.68,3.5540000000000003,PM2.5,22-25 °C,55-70%
2021,4,2021-04-01,Sudeste,MG,Belo Horizonte,26.93,84.93,19.62,0.59,28.47,24.3,45.3,57.97,Moderada,Abr,2,Outono,False,24.237000000000002,21.2325,4.905,4.72,2.847,PM2.5,22-25 °C,até 55%
2021,4,2021-04-01,Sudeste,MG,Uberlândia,31.51,44.26,28.48,0.45,27.08,25.4,67.5,52.84,Moderada,Abr,2,Outono,False,28.359,11.065,7.12,3.6,2.708,PM2.5,25-28 °C,55-70%
2021,4,2021-04-01,Sudeste,MG,Juiz de Fora,27.86,64.78,23.19,1.69,36.36,23.4,53.6,64.24,Moderada,Abr,2,Outono,False,25.074,16.195,5.7975,13.52,3.636,PM2.5,22-25 °C,até 55%
2021,4,2021-04-01,Sudeste,ES,Vitória,42.22,95.13,32.41,1.75,54.58,27.8,72.5,89.33,Ruim,Abr,2,Outono,True,37.998,23.7825,8.1025,14.0,5.458,PM2.5,25-28 °C,70-85%
2021,4,2021-04-01,Sudeste,ES,Vila Velha,25.21,63.15,17.04,0.55,51.92,24.6,76.1,52.33,Moderada,Abr,2,Outono,False,22.689,15.7875,4.26,4.4,5.192,PM2.5,22-25 °C,70-85%
2021,4,2021-04-01,Sudeste,ES,Serra,46.07,74.44,25.75,1.44,55.5,22.8,68.9,83.55,Ruim,Abr,2,Outono,True,41.463,18.61,6.4375,11.52,5.550000000000001,PM2.5,22-25 °C,55-70%
2021,4,2021-04-01,Sul,PR,Curitiba,22.32,68.22,15.0,0.68,45.69,21.8,79.8,50.9,Moderada,Abr,2,Outono,False,20.088,17.055,3.75,5.44,4.569,PM2.5,até 22 °C,70-85%
2021,4,2021-04-01,Sul,PR,Londrina,45.74,76.03,11.94,1.12,29.29,22.3,53.3,75.03,Moderada,Abr,2,Outono,False,41.166000000000004,19.0075,2.985,8.96,2.9290000000000003,PM2.5,22-25 °C,até 55%
2021,4,2021-04-01,Sul,SC,Florianópolis,19.38,76.65,20.93,0.51,21.54,19.8,78.9,48.05,Boa,Abr,2,Outono,False,17.442,19.1625,5.2325,4.08,2.154,PM10,até 22 °C,70-85%
2021,4,2021-04-01,Sul,SC,Joinville,23.69,69.61,13.9,1.66,36.66,25.2,84.9,59.16,Moderada,Abr,2,Outono,False,21.321,17.4025,3.475,13.28,3.666,PM2.5,25-28 °C,70-85%
2021,4,2021-04-01,Sul,RS,Porto Alegre,35.74,66.02,39.31,0.72,37.06,21.1,67.7,67.93,Moderada,Abr,2,Outono,False,32.166000000000004,16.505,9.8275,5.76,3.7060000000000004,PM2.5,até 22 °C,55-70%
2021,4,2021-04-01,Sul,RS,Caxias do Sul,28.7,92.58,39.4,0.81,43.48,24.1,42.6,69.64,Moderada,Abr,2,Outono,False,25.83,23.145,9.85,6.48,4.348,PM2.5,22-25 °C,até 55%
2021,5,2021-05-01,Norte,AM,Manaus,54.91,61.47,15.79,1.03,39.17,24.2,55.1,80.89,Ruim,Mai,2,Outono,True,49.419,15.3675,3.9475,8.24,3.9170000000000003,PM2.5,22-25 °C,55-70%
2021,5,2021-05-01,Norte,PA,Belém,51.86,72.75,29.45,1.71,34.69,26.2,66.2,89.33,Ruim,Mai,2,Outono,True,46.674,18.1875,7.3625,13.68,3.469,PM2.5,25-28 °C,55-70%
2021,5,2021-05-01,Norte,PA,Santarém,28.46,48.09,26.11,0.92,38.27,24.3,68.0,55.35,Moderada,Mai,2,Outono,False,25.614,12.0225,6.5275,7.36,3.8270000000000004,PM2.5,22-25 °C,55-70%
2021,5,2021-05-01,Norte,RO,Porto Velho,35.41,73.55,16.55,0.96,29.99,27.1,94.6,65.04,Moderada,Mai,2,Outono,False,31.868999999999996,18.3875,4.1375,7.68,2.999,PM2.5,25-28 °C,acima de 85%
2021,5,2021-05-01,Norte,TO,Palmas,40.79,86.61,29.02,1.02,61.24,21.2,79.8,79.93,Moderada,Mai,2,Outono,False,36.711,21.6525,7.255,8.16,6.1240000000000006,PM2.5,até 22 °C,70-85%
2021,5,2021-05-01,Nordeste,BA,Salvador,42.75,71.88,19.23,0.37,64.96,29.1,78.2,70.72,Moderada,Mai,2,Outono,False,38.475,17.97,4.8075,2.96,6.4959999999999996,PM2.5,acima de 28 °C,70-85%
2021,5,2021-05-01,Nordeste,BA,Feira de Santana,36.36,61.17,17.82,0.92,37.4,18.6,60.2,63.55,Moderada,Mai,2,Outono,False,32.724000000000004,15.2925,4.455,7.36,3.74,PM2.5,até 22 °C,55-70%
2021,5,2021-05-01,Nordeste,PE,Recife,27.55,105.63,27.7,1.3,34.48,25.9,56.9,71.96,Moderada,Mai,2,Outono,False,24.795,26.4075,6.925,10.4,3.448,PM10,25-28 °C,55-70%
2021,5,2021-05-01,Nordeste,PE,Jaboatão dos Guararapes,36.59,52.72,30.71,0.76,44.4,29.6,58.3,64.29,Moderada,Mai,2,Outono,False,32.931000000000004,13.18,7.6775,6.08,4.44,PM2.5,acima de 28 °C,55-70%
2021,5,2021-05-01,Nordeste,CE,Fortaleza,37.79,85.55,21.2,1.53,24.03,21.4,45.8,75.36,Moderada,Mai,2,Outono,False,34.011,21.3875,5.3,12.24,2.4030000000000005,PM2.5,até 22 °C,até 55%
2021,5,2021-05-01,Nordeste,CE,Juazeiro do Norte,29.01,103.6,28.9,1.6,46.1,31.1,88.3,76.64,Moderada,Mai,2,Outono,False,26.109,25.9,7.225,12.8,4.61,PM2.5,acima de 28 °C,acima de 85%
2021,5,2021-05-01,Nordeste,MA,São Luís,47.38,72.77,22.52,1.25,35.59,26.6,68.1,80.04,Ruim,Mai,2,Outono,True,42.642,18.1925,5.63,10.0,3.5590000000000006,PM2.5,25-28 °C,55-70%
2021,5,2021-05-01,Nordeste,PB,João Pessoa,16.51,67.44,34.57,1.47,22.79,27.0,42.0,54.4,Moderada,Mai,2,Outono,False,14.859000000000002,16.86,8.6425,11.76,2.279,PM10,25-28 °C,até 55%
2021,5,2021-05-01,Centro-Oeste,DF,Brasília,30.5,94.11,22.44,0.7,31.15,26.9,51.4,65.28,Moderada,Mai,2,Outono,False,27.45,23.5275,5.61,5.6,3.115,PM2.5,25-28 °C,até 55%
2021,5,2021-05-01,Centro-Oeste,GO,Goiânia,39.27,73.08,29.32,0.48,72.46,28.6,81.6,72.03,Moderada,Mai,2,Outono,False,35.343,18.27,7.33,3.84,7.2459999999999996,PM2.5,acima de 28 °C,70-85%
2021,5,2021-05-01,Centro-Oeste,GO,Aparecida de Goiânia,39.88,23.84,37.67,1.75,30.54,20.5,53.7,68.29,Moderada,Mai,2,Outono,False,35.892,5.96,9.4175,14.0,3.0540000000000003,PM2.5,até 22 °C,até 55%
2021,5,2021-05-01,Centro-Oeste,MT,Cuiabá,33.51,53.32,15.79,1.41,53.11,24.6,63.9,64.04,Moderada,Mai,2,Outono,False,30.159,13.33,3.9475,11.28,5.311,PM2.5,22-25 °C,55-70%
2021,5,2021-05-01,Centro-Oeste,MS,Campo Grande,23.53,72.16,26.9,1.16,35.99,25.2,71.7,58.79,Moderada,Mai,2,Outono,False,21.177000000000003,18.04,6.725,9.28,3.599,PM2.5,25-28 °C,70-85%
2021,5,2021-05-01,Sudeste,SP,São Paulo,47.9,67.0,24.13,0.85,46.47,26.1,93.7,77.31,Moderada,Mai,2,Outono,False,43.11,16.75,6.0325,6.8,4.647,PM2.5,25-28 °C,acima de 85%
2021,5,2021-05-01,Sudeste,SP,Campinas,25.62,75.2,35.63,1.64,45.88,20.3,90.4,68.44,Moderada,Mai,2,Outono,False,23.058,18.8,8.9075,13.12,4.588,PM2.5,até 22 °C,acima de 85%
2021,5,2021-05-01,Sudeste,SP,Ribeirão Preto,28.29,50.61,21.57,1.14,25.73,27.3,48.0,55.16,Moderada,Mai,2,Outono,False,25.461,12.6525,5.3925,9.12,2.5730000000000004,PM2.5,25-28 °C,até 55%
2021,5,2021-05-01,Sudeste,RJ,Rio de Janeiro,37.76,48.74,30.19,0.37,40.88,29.1,62.9,60.77,Moderada,Mai,2,Outono,False,33.984,12.185,7.5475,2.96,4.088,PM2.5,acima de 28 °C,55-70%
2021,5,2021-05-01,Sudeste,RJ,Niterói,36.28,72.68,21.9,0.53,36.46,17.7,70.2,64.17,Moderada,Mai,2,Outono,False,32.652,18.17,5.475,4.24,3.6460000000000004,PM2.5,até 22 °C,70-85%
2021,5,2021-05-01,Sudeste,RJ,Nova Iguaçu,36.46,70.89,36.39,1.45,40.47,25.9,81.1,75.32,Moderada,Mai,2,Outono,False,32.814,17.7225,9.0975,11.6,4.047,PM2.5,25-28 °C,70-85%
2021,5,2021-05-01,Sudeste,RJ,Petrópolis,37.51,87.09,21.07,0.36,35.76,26.9,60.4,67.27,Moderada,Mai,2,Outono,False,33.759,21.7725,5.2675,2.88,3.576,PM2.5,25-28 °C,55-70%
2021,5,2021-05-01,Sudeste,MG,Belo Horizonte,22.09,77.38,25.32,1.75,37.03,24.2,41.4,63.25,Moderada,Mai,2,Outono,False,19.881,19.345,6.33,14.0,3.7030000000000003,PM2.5,22-25 °C,até 55%
2021,5,2021-05-01,Sudeste,MG,Uberlândia,19.81,80.31,17.61,0.32,52.03,23.4,68.0,50.09,Moderada,Mai,2,Outono,False,17.829,20.0775,4.4025,2.56,5.203,PM10,22-25 °C,55-70%
2021,5,2021-05-01,Sudeste,MG,Juiz de Fora,32.08,88.26,13.03,1.63,50.47,26.9,44.2,72.25,Moderada,Mai,2,Outono,False,28.872,22.065,3.2575,13.04,5.047000000000001,PM2.5,25-28 °C,até 55%
2021,5,2021-05-01,Sudeste,ES,Vitória,35.61,59.43,35.58,0.78,47.79,26.7,58.2,66.82,Moderada,Mai,2,Outono,False,32.049,14.8575,8.895,6.24,4.779,PM2.5,25-28 °C,55-70%
2021,5,2021-05-01,Sudeste,ES,Vila Velha,37.27,65.84,36.43,1.52,41.23,27.9,88.8,75.36,Moderada,Mai,2,Outono,False,33.543000000000006,16.46,9.1075,12.16,4.123,PM2.5,25-28 °C,acima de 85%
2021,5,2021-05-01,Sudeste,ES,Serra,32.13,59.66,42.49,1.74,47.41,28.0,62.2,73.13,Moderada,Mai,2,Outono,False,28.917,14.915,10.6225,13.92,4.741,PM2.5,25-28 °C,55-70%
2021,5,2021-05-01,Sul,PR,Curitiba,34.11,64.57,39.33,0.42,28.36,27.1,85.0,62.84,Moderada,Mai,2,Outono,False,30.699,16.1425,9.8325,3.36,2.8360000000000003,PM2.5,25-28 °C,70-85%
2021,5,2021-05-01,Sul,PR,Londrina,32.48,89.17,16.56,0.33,51.82,26.4,50.7,63.52,Moderada,Mai,2,Outono,False,29.232,22.2925,4.14,2.64,5.182,PM2.5,25-28 °C,até 55%
2021,5,2021-05-01,Sul,SC,Florianópolis,22.12,67.33,34.86,1.04,26.17,20.4,47.3,56.36,Moderada,Mai,2,Outono,False,19.908,16.8325,8.715,8.32,2.6170000000000004,PM2.5,até 22 °C,até 55%
2021,5,2021-05-01,Sul,SC,Joinville,41.72,78.55,16.71,1.49,32.05,18.0,43.6,76.5,Moderada,Mai,2,Outono,False,37.548,19.6375,4.1775,11.92,3.205,PM2.5,até 22 °C,até 55%
2021,5,2021-05-01,Sul,RS,Porto Alegre,29.09,74.49,22.89,0.76,64.34,25.8,57.2,63.04,Moderada,Mai,2,Outono,False,26.181,18.6225,5.7225,6.08,6.434000000000001,PM2.5,25-28 °C,55-70%
2021,5,2021-05-01,Sul,RS,Caxias do Sul,35.26,81.3,21.8,1.06,52.17,27.1,87.5,71.18,Moderada,Mai,2,Outono,False,31.733999999999998,20.325,5.45,8.48,5.2170000000000005,PM2.5,25-28 °C,acima de 85%
2021,6,2021-06-01,Norte,AM,Manaus,39.78,121.66,22.13,1.58,29.02,26.0,50.8,87.26,Ruim,Jun,2,Inverno,True,35.802,30.415,5.5325,12.64,2.902,PM2.5,25-28 °C,até 55%
2021,6,2021-06-01,Norte,PA,Belém,27.52,71.98,21.98,0.49,37.89,22.5,85.8,55.98,Moderada,Jun,2,Inverno,False,24.768,17.995,5.495,3.92,3.789,PM2.5,22-25 °C,acima de 85%
2021,6,2021-06-01,Norte,PA,Santarém,21.58,80.76,40.46,0.77,30.28,21.1,83.5,58.95,Moderada,Jun,2,Inverno,False,19.422,20.19,10.115,6.16,3.0280000000000005,PM10,até 22 °C,70-85%
2021,6,2021-06-01,Norte,RO,Porto Velho,56.73,59.43,20.2,0.95,38.61,22.4,45.6,82.41,Ruim,Jun,2,Inverno,True,51.056999999999995,14.8575,5.05,7.6,3.861,PM2.5,22-25 °C,até 55%
2021,6,2021-06-01,Norte,TO,Palmas,38.28,57.52,30.33,1.67,37.06,28.1,42.3,73.48,Moderada,Jun,2,Inverno,False,34.452000000000005,14.38,7.5825,13.36,3.7060000000000004,PM2.5,acima de 28 °C,até 55%
2021,6,2021-06-01,Nordeste,BA,Salvador,28.88,91.01,22.02,0.53,47.5,23.1,86.8,63.26,Moderada,Jun,2,Inverno,False,25.992,22.7525,5.505,4.24,4.75,PM2.5,22-25 °C,acima de 85%
2021,6,2021-06-01,Nordeste,BA,Feira de Santana,40.0,83.56,18.07,0.32,14.97,21.1,55.7,65.46,Moderada,Jun,2,Inverno,False,36.0,20.89,4.5175,2.56,1.497,PM2.5,até 22 °C,55-70%
2021,6,2021-06-01,Nordeste,PE,Recife,20.7,38.33,31.96,1.27,45.86,20.4,55.2,50.95,Moderada,Jun,2,Inverno,False,18.63,9.5825,7.99,10.16,4.586,PM2.5,até 22 °C,55-70%
2021,6,2021-06-01,Nordeste,PE,Jaboatão dos Guararapes,45.19,61.68,35.28,0.76,34.37,25.9,73.0,74.44,Moderada,Jun,2,Inverno,False,40.671,15.42,8.82,6.08,3.437,PM2.5,25-28 °C,70-85%
2021,6,2021-06-01,Nordeste,CE,Fortaleza,36.35,45.27,18.6,0.67,30.64,23.6,50.2,57.1,Moderada,Jun,2,Inverno,False,32.715,11.3175,4.65,5.36,3.064,PM2.5,22-25 °C,até 55%
2021,6,2021-06-01,Nordeste,CE,Juazeiro do Norte,28.09,78.4,23.72,0.89,45.51,24.4,66.3,62.52,Moderada,Jun,2,Inverno,False,25.281,19.6,5.93,7.12,4.551,PM2.5,22-25 °C,55-70%
2021,6,2021-06-01,Nordeste,MA,São Luís,43.16,30.88,30.79,0.99,44.97,22.4,91.8,66.67,Moderada,Jun,2,Inverno,False,38.844,7.72,7.6975,7.92,4.497,PM2.5,22-25 °C,acima de 85%
2021,6,2021-06-01,Nordeste,PB,João Pessoa,33.59,66.23,14.15,0.36,39.33,24.0,65.0,57.18,Moderada,Jun,2,Inverno,False,30.231000000000005,16.5575,3.5375,2.88,3.933,PM2.5,22-25 °C,55-70%
2021,6,2021-06-01,Centro-Oeste,DF,Brasília,31.6,59.74,16.27,0.6,68.62,30.4,50.0,59.09,Moderada,Jun,2,Inverno,False,28.44,14.935,4.0675,4.8,6.862000000000001,PM2.5,acima de 28 °C,até 55%
2021,6,2021-06-01,Centro-Oeste,GO,Goiânia,23.47,63.72,17.42,0.38,20.4,21.8,63.9,46.47,Boa,Jun,2,Inverno,False,21.123,15.93,4.355,3.04,2.04,PM2.5,até 22 °C,55-70%
2021,6,2021-06-01,Centro-Oeste,GO,Aparecida de Goiânia,49.06,67.55,32.9,0.57,46.29,25.8,81.8,78.42,Moderada,Jun,2,Inverno,False,44.154,16.8875,8.225,4.56,4.6290000000000004,PM2.5,25-28 °C,70-85%
2021,6,2021-06-01,Centro-Oeste,MT,Cuiabá,51.37,61.95,22.9,1.34,20.76,27.5,63.2,80.24,Ruim,Jun,2,Inverno,True,46.233,15.4875,5.725,10.72,2.076,PM2.5,25-28 °C,55-70%
2021,6,2021-06-01,Centro-Oeste,MS,Campo Grande,44.7,68.63,25.73,1.1,43.12,25.8,90.4,76.95,Moderada,Jun,2,Inverno,False,40.230000000000004,17.1575,6.4325,8.8,4.312,PM2.5,25-28 °C,acima de 85%
2021,6,2021-06-01,Sudeste,SP,São Paulo,41.98,72.24,25.81,0.39,33.35,22.3,64.8,68.75,Moderada,Jun,2,Inverno,False,37.782,18.06,6.4525,3.12,3.3350000000000004,PM2.5,22-25 °C,55-70%
2021,6,2021-06-01,Sudeste,SP,Campinas,33.24,57.33,17.04,1.14,58.11,24.7,91.1,63.44,Moderada,Jun,2,Inverno,False,29.916000000000004,14.3325,4.26,9.12,5.811,PM2.5,22-25 °C,acima de 85%
2021,6,2021-06-01,Sudeste,SP,Ribeirão Preto,33.75,45.42,28.04,1.34,31.23,28.8,77.8,62.59,Moderada,Jun,2,Inverno,False,30.375,11.355,7.01,10.72,3.123,PM2.5,acima de 28 °C,70-85%
2021,6,2021-06-01,Sudeste,RJ,Rio de Janeiro,28.86,78.5,22.08,1.21,43.96,25.8,65.9,65.17,Moderada,Jun,2,Inverno,False,25.974,19.625,5.52,9.68,4.396,PM2.5,25-28 °C,55-70%
2021,6,2021-06-01,Sudeste,RJ,Niterói,51.75,61.05,30.31,1.57,40.0,24.2,64.8,86.01,Ruim,Jun,2,Inverno,True,46.575,15.2625,7.5775,12.56,4.0,PM2.5,22-25 °C,55-70%
2021,6,2021-06-01,Sudeste,RJ,Nova Iguaçu,39.82,89.19,30.24,1.25,23.52,26.4,54.1,78.05,Moderada,Jun,2,Inverno,False,35.838,22.2975,7.56,10.0,2.352,PM2.5,25-28 °C,até 55%
2021,6,2021-06-01,Sudeste,RJ,Petrópolis,31.23,93.11,26.15,0.96,14.42,24.4,94.8,67.06,Moderada,Jun,2,Inverno,False,28.107,23.2775,6.5375,7.68,1.4420000000000002,PM2.5,22-25 °C,acima de 85%
2021,6,2021-06-01,Sudeste,MG,Belo Horizonte,29.36,75.85,43.32,1.65,56.23,26.5,42.1,75.06,Moderada,Jun,2,Inverno,False,26.424,18.9625,10.83,13.2,5.623,PM2.5,25-28 °C,até 55%
2021,6,2021-06-01,Sudeste,MG,Uberlândia,30.22,90.6,5.4,1.28,46.8,28.0,54.2,66.16,Moderada,Jun,2,Inverno,False,27.198,22.65,1.35,10.24,4.68,PM2.5,25-28 °C,até 55%
2021,6,2021-06-01,Sudeste,MG,Juiz de Fora,46.89,59.31,43.61,1.08,35.85,27.7,79.2,80.13,Ruim,Jun,2,Inverno,True,42.201,14.8275,10.9025,8.64,3.5850000000000004,PM2.5,25-28 °C,70-85%
2021,6,2021-06-01,Sudeste,ES,Vitória,20.15,81.94,9.4,0.78,34.42,26.8,48.1,50.65,Moderada,Jun,2,Inverno,False,18.134999999999998,20.485,2.35,6.24,3.442,PM10,25-28 °C,até 55%
2021,6,2021-06-01,Sudeste,ES,Vila Velha,34.96,66.85,23.01,0.63,50.17,26.7,75.0,63.95,Moderada,Jun,2,Inverno,False,31.464000000000002,16.7125,5.7525,5.04,5.017,PM2.5,25-28 °C,70-85%
2021,6,2021-06-01,Sudeste,ES,Serra,27.08,59.57,20.81,1.7,50.17,25.9,44.6,63.08,Moderada,Jun,2,Inverno,False,24.372,14.8925,5.2025,13.6,5.017,PM2.5,25-28 °C,até 55%
2021,6,2021-06-01,Sul,PR,Curitiba,13.43,59.48,15.9,1.14,43.67,23.9,70.1,44.42,Boa,Jun,2,Inverno,False,12.087,14.87,3.975,9.12,4.367,PM10,22-25 °C,70-85%
2021,6,2021-06-01,Sul,PR,Londrina,23.86,74.17,25.87,1.34,24.59,22.1,62.1,59.64,Moderada,Jun,2,Inverno,False,21.474,18.5425,6.4675,10.72,2.459,PM2.5,22-25 °C,55-70%
2021,6,2021-06-01,Sul,SC,Florianópolis,30.53,61.06,13.72,1.45,49.4,20.1,73.6,62.7,Moderada,Jun,2,Inverno,False,27.477,15.265,3.43,11.6,4.94,PM2.5,até 22 °C,70-85%
2021,6,2021-06-01,Sul,SC,Joinville,57.15,92.33,10.91,0.95,45.25,22.7,92.7,89.33,Ruim,Jun,2,Inverno,True,51.435,23.0825,2.7275,7.6,4.525,PM2.5,22-25 °C,acima de 85%
2021,6,2021-06-01,Sul,RS,Porto Alegre,26.65,56.85,22.69,0.57,50.09,22.9,66.8,53.47,Moderada,Jun,2,Inverno,False,23.985,14.2125,5.6725,4.56,5.009,PM2.5,22-25 °C,55-70%
2021,6,2021-06-01,Sul,RS,Caxias do Sul,29.33,65.64,34.96,1.54,48.71,22.7,52.3,68.71,Moderada,Jun,2,Inverno,False,26.397,16.41,8.74,12.32,4.871,PM2.5,22-25 °C,até 55%
2021,7,2021-07-01,Norte,AM,Manaus,46.3,73.16,19.65,1.69,40.41,27.5,52.6,82.46,Ruim,Jul,3,Inverno,True,41.67,18.29,4.9125,13.52,4.0409999999999995,PM2.5,25-28 °C,até 55%
2021,7,2021-07-01,Norte,PA,Belém,41.96,80.23,28.4,1.46,37.1,28.0,59.0,80.34,Ruim,Jul,3,Inverno,True,37.764,20.0575,7.1,11.68,3.7100000000000004,PM2.5,25-28 °C,55-70%
2021,7,2021-07-01,Norte,PA,Santarém,29.46,64.41,20.62,1.69,37.64,26.3,66.7,65.05,Moderada,Jul,3,Inverno,False,26.514000000000003,16.1025,5.155,13.52,3.7640000000000002,PM2.5,25-28 °C,55-70%
2021,7,2021-07-01,Norte,RO,Porto Velho,27.59,53.97,38.41,0.52,46.04,19.4,57.3,56.67,Moderada,Jul,3,Inverno,False,24.831,13.4925,9.6025,4.16,4.604,PM2.5,até 22 °C,55-70%
2021,7,2021-07-01,Norte,TO,Palmas,13.11,91.34,29.38,1.02,43.99,22.3,91.5,54.53,Moderada,Jul,3,Inverno,False,11.799,22.835,7.345,8.16,4.399,PM10,22-25 °C,acima de 85%
2021,7,2021-07-01,Nordeste,BA,Salvador,20.65,67.35,26.0,1.21,35.69,25.0,44.2,55.21,Moderada,Jul,3,Inverno,False,18.585,16.8375,6.5,9.68,3.569,PM2.5,22-25 °C,até 55%
2021,7,2021-07-01,Nordeste,BA,Feira de Santana,28.49,61.11,24.53,0.57,47.52,25.0,56.0,56.35,Moderada,Jul,3,Inverno,False,25.641,15.2775,6.1325,4.56,4.752000000000001,PM2.5,22-25 °C,55-70%
2021,7,2021-07-01,Nordeste,PE,Recife,25.81,36.58,35.11,1.46,39.73,27.3,55.8,56.78,Moderada,Jul,3,Inverno,False,23.229,9.145,8.7775,11.68,3.973,PM2.5,25-28 °C,55-70%
2021,7,2021-07-01,Nordeste,PE,Jaboatão dos Guararapes,37.64,47.25,21.45,0.3,9.28,28.1,65.7,54.41,Moderada,Jul,3,Inverno,False,33.876000000000005,11.8125,5.3625,2.4,0.9279999999999999,PM2.5,acima de 28 °C,55-70%
2021,7,2021-07-01,Nordeste,CE,Fortaleza,29.62,94.54,18.8,0.34,36.14,26.2,63.4,61.32,Moderada,Jul,3,Inverno,False,26.658,23.635,4.7,2.72,3.6140000000000003,PM2.5,25-28 °C,55-70%
2021,7,2021-07-01,Nordeste,CE,Juazeiro do Norte,41.67,54.16,32.21,1.28,25.91,22.7,42.4,71.94,Moderada,Jul,3,Inverno,False,37.503,13.54,8.0525,10.24,2.591,PM2.5,22-25 °C,até 55%
2021,7,2021-07-01,Nordeste,MA,São Luís,44.75,69.94,35.04,0.61,43.16,24.7,91.9,75.69,Moderada,Jul,3,Inverno,False,40.275,17.485,8.76,4.88,4.316,PM2.5,22-25 °C,acima de 85%
2021,7,2021-07-01,Nordeste,PB,João Pessoa,49.16,51.99,25.4,1.4,36.75,20.3,57.6,78.45,Moderada,Jul,3,Inverno,False,44.244,12.9975,6.35,11.2,3.6750000000000003,PM2.5,até 22 °C,55-70%
2021,7,2021-07-01,Centro-Oeste,DF,Brasília,15.45,69.6,28.82,1.75,33.33,23.4,63.1,55.85,Moderada,Jul,3,Inverno,False,13.905,17.4,7.205,14.0,3.333,PM10,22-25 °C,55-70%
2021,7,2021-07-01,Centro-Oeste,GO,Goiânia,21.11,65.18,16.7,0.93,39.62,21.8,46.1,50.9,Moderada,Jul,3,Inverno,False,18.999,16.295,4.175,7.44,3.9619999999999997,PM2.5,até 22 °C,até 55%
2021,7,2021-07-01,Centro-Oeste,GO,Aparecida de Goiânia,28.34,59.74,21.71,1.44,36.48,26.5,87.7,61.03,Moderada,Jul,3,Inverno,False,25.506,14.935,5.4275,11.52,3.6479999999999997,PM2.5,25-28 °C,acima de 85%
2021,7,2021-07-01,Centro-Oeste,MT,Cuiabá,40.45,88.68,15.94,0.79,44.6,29.4,67.6,73.35,Moderada,Jul,3,Inverno,False,36.405,22.17,3.985,6.32,4.46,PM2.5,acima de 28 °C,55-70%
2021,7,2021-07-01,Centro-Oeste,MS,Campo Grande,32.65,56.56,32.77,1.04,50.93,27.6,62.6,65.12,Moderada,Jul,3,Inverno,False,29.384999999999998,14.14,8.1925,8.32,5.093,PM2.5,25-28 °C,55-70%
2021,7,2021-07-01,Sudeste,SP,São Paulo,39.59,67.85,26.03,0.99,52.11,30.5,84.0,72.19,Moderada,Jul,3,Inverno,False,35.63100000000001,16.9625,6.5075,7.92,5.211,PM2.5,acima de 28 °C,70-85%
2021,7,2021-07-01,Sudeste,SP,Campinas,38.68,45.43,5.14,0.59,55.85,24.3,77.9,57.77,Moderada,Jul,3,Inverno,False,34.812,11.3575,1.285,4.72,5.585000000000001,PM2.5,22-25 °C,70-85%
2021,7,2021-07-01,Sudeste,SP,Ribeirão Preto,29.28,79.39,33.89,0.61,41.05,27.0,46.2,63.62,Moderada,Jul,3,Inverno,False,26.352,19.8475,8.4725,4.88,4.1049999999999995,PM2.5,25-28 °C,até 55%
2021,7,2021-07-01,Sudeste,RJ,Rio de Janeiro,44.15,42.16,19.26,0.95,34.36,24.1,68.4,66.13,Moderada,Jul,3,Inverno,False,39.735,10.54,4.815,7.6,3.436,PM2.5,22-25 °C,55-70%
2021,7,2021-07-01,Sudeste,RJ,Niterói,53.27,78.87,25.8,1.37,29.86,27.1,60.8,88.03,Ruim,Jul,3,Inverno,True,47.943000000000005,19.7175,6.45,10.96,2.986,PM2.5,25-28 °C,55-70%
2021,7,2021-07-01,Sudeste,RJ,Nova Iguaçu,21.59,80.24,36.74,1.7,46.16,31.4,77.4,66.93,Moderada,Jul,3,Inverno,False,19.431,20.06,9.185,13.6,4.616,PM10,acima de 28 °C,70-85%
2021,7,2021-07-01,Sudeste,RJ,Petrópolis,42.48,75.23,27.59,1.32,27.43,27.5,48.6,77.26,Moderada,Jul,3,Inverno,False,38.232,18.8075,6.8975,10.56,2.7430000000000003,PM2.5,25-28 °C,até 55%
2021,7,2021-07-01,Sudeste,MG,Belo Horizonte,18.74,74.8,33.8,0.71,47.71,21.8,59.4,54.47,Moderada,Jul,3,Inverno,False,16.866,18.7,8.45,5.68,4.771,PM10,até 22 °C,55-70%
2021,7,2021-07-01,Sudeste,MG,Uberlândia,30.26,37.1,23.1,1.69,43.08,26.9,70.0,60.08,Moderada,Jul,3,Inverno,False,27.234,9.275,5.775,13.52,4.308,PM2.5,25-28 °C,55-70%
2021,7,2021-07-01,Sudeste,MG,Juiz de Fora,24.15,69.7,16.73,1.28,40.54,20.3,66.0,57.66,Moderada,Jul,3,Inverno,False,21.735,17.425,4.1825,10.24,4.054,PM2.5,até 22 °C,55-70%
2021,7,2021-07-01,Sudeste,ES,Vitória,39.61,52.73,23.33,0.73,11.63,22.1,90.3,61.64,Moderada,Jul,3,Inverno,False,35.649,13.1825,5.8325,5.84,1.163,PM2.5,22-25 °C,acima de 85%
2021,7,2021-07-01,Sudeste,ES,Vila Velha,32.05,65.33,17.22,1.64,25.73,23.8,40.9,65.14,Moderada,Jul,3,Inverno,False,28.845,16.3325,4.305,13.12,2.5730000000000004,PM2.5,22-25 °C,até 55%
2021,7,2021-07-01,Sudeste,ES,Serra,32.62,45.05,20.42,1.56,30.24,20.3,45.1,61.26,Moderada,Jul,3,Inverno,False,29.357999999999997,11.2625,5.105,12.48,3.024,PM2.5,até 22 °C,até 55%
2021,7,2021-07-01,Sul,PR,Curitiba,23.94,57.46,16.98,0.6,49.34,22.8,77.4,49.89,Boa,Jul,3,Inverno,False,21.546000000000003,14.365,4.245,4.8,4.934000000000001,PM2.5,22-25 °C,70-85%
2021,7,2021-07-01,Sul,PR,Londrina,31.88,58.39,21.19,1.05,32.05,22.6,92.1,60.16,Moderada,Jul,3,Inverno,False,28.692,14.5975,5.2975,8.4,3.205,PM2.5,22-25 °C,acima de 85%
2021,7,2021-07-01,Sul,SC,Florianópolis,45.37,74.57,23.38,1.58,37.46,21.7,79.6,81.7,Ruim,Jul,3,Inverno,True,40.833,18.6425,5.845,12.64,3.7460000000000004,PM2.5,até 22 °C,70-85%
2021,7,2021-07-01,Sul,SC,Joinville,32.36,87.26,28.75,1.1,45.13,25.4,52.6,71.47,Moderada,Jul,3,Inverno,False,29.124,21.815,7.1875,8.8,4.513000000000001,PM2.5,25-28 °C,até 55%
2021,7,2021-07-01,Sul,RS,Porto Alegre,35.06,75.46,30.53,1.1,65.27,27.8,84.4,73.39,Moderada,Jul,3,Inverno,False,31.554000000000002,18.865,7.6325,8.8,6.527,PM2.5,25-28 °C,70-85%
2021,7,2021-07-01,Sul,RS,Caxias do Sul,34.72,56.15,7.93,0.9,49.72,26.1,45.4,59.47,Moderada,Jul,3,Inverno,False,31.248,14.0375,1.9825,7.2,4.972,PM2.5,25-28 °C,até 55%
2021,8,2021-08-01,Norte,AM,Manaus,49.76,55.0,23.48,1.62,45.79,28.1,75.6,81.93,Ruim,Ago,3,Inverno,True,44.784,13.75,5.87,12.96,4.579,PM2.5,acima de 28 °C,70-85%
2021,8,2021-08-01,Norte,PA,Belém,44.42,63.03,27.22,1.05,42.74,25.8,48.9,75.18,Moderada,Ago,3,Inverno,False,39.978,15.7575,6.805,8.4,4.274,PM2.5,25-28 °C,até 55%
2021,8,2021-08-01,Norte,PA,Santarém,30.06,90.86,22.71,0.5,35.74,25.8,45.3,63.01,Moderada,Ago,3,Inverno,False,27.054,22.715,5.6775,4.0,3.5740000000000003,PM2.5,25-28 °C,até 55%
2021,8,2021-08-01,Norte,RO,Porto Velho,22.52,79.09,18.87,1.34,30.11,24.1,67.6,58.47,Moderada,Ago,3,Inverno,False,20.268,19.7725,4.7175,10.72,3.011,PM2.5,22-25 °C,55-70%
2021,8,2021-08-01,Norte,TO,Palmas,40.67,74.31,38.99,1.78,53.36,24.7,73.3,84.52,Ruim,Ago,3,Inverno,True,36.603,18.5775,9.7475,14.24,5.336,PM2.5,22-25 °C,70-85%
2021,8,2021-08-01,Nordeste,BA,Salvador,39.17,76.67,21.28,0.76,53.48,21.5,85.1,71.18,Moderada,Ago,3,Inverno,False,35.253,19.1675,5.32,6.08,5.348,PM2.5,até 22 °C,acima de 85%
2021,8,2021-08-01,Nordeste,BA,Feira de Santana,35.97,70.89,13.76,0.4,34.83,19.4,50.7,60.2,Moderada,Ago,3,Inverno,False,32.373,17.7225,3.44,3.2,3.483,PM2.5,até 22 °C,até 55%
2021,8,2021-08-01,Nordeste,PE,Recife,45.46,74.78,17.27,0.61,35.61,30.4,50.0,72.4,Moderada,Ago,3,Inverno,False,40.914,18.695,4.3175,4.88,3.561,PM2.5,acima de 28 °C,até 55%
2021,8,2021-08-01,Nordeste,PE,Jaboatão dos Guararapes,43.93,67.66,1.0,1.27,45.03,23.3,93.4,71.35,Moderada,Ago,3,Inverno,False,39.537,16.915,0.25,10.16,4.503,PM2.5,22-25 °C,acima de 85%
2021,8,2021-08-01,Nordeste,CE,Fortaleza,22.91,83.15,22.56,1.35,30.44,26.9,44.1,60.87,Moderada,Ago,3,Inverno,False,20.619,20.7875,5.64,10.8,3.0440000000000005,PM10,25-28 °C,até 55%
2021,8,2021-08-01,Nordeste,CE,Juazeiro do Norte,39.69,88.09,19.18,0.93,49.43,27.5,48.4,74.94,Moderada,Ago,3,Inverno,False,35.721,22.0225,4.795,7.44,4.9430000000000005,PM2.5,25-28 °C,até 55%
2021,8,2021-08-01,Nordeste,MA,São Luís,44.45,96.4,32.09,0.63,54.33,22.1,86.3,82.64,Ruim,Ago,3,Inverno,True,40.005,24.1,8.0225,5.04,5.433,PM2.5,22-25 °C,acima de 85%
2021,8,2021-08-01,Nordeste,PB,João Pessoa,19.72,102.98,40.14,1.67,25.54,24.0,81.7,69.47,Moderada,Ago,3,Inverno,False,17.748,25.745,10.035,13.36,2.5540000000000003,PM10,22-25 °C,70-85%
2021,8,2021-08-01,Centro-Oeste,DF,Brasília,31.58,49.55,20.95,0.85,32.98,25.4,49.9,56.14,Moderada,Ago,3,Inverno,False,28.422,12.3875,5.2375,6.8,3.298,PM2.5,25-28 °C,até 55%
2021,8,2021-08-01,Centro-Oeste,GO,Goiânia,42.64,58.73,38.0,1.5,43.12,25.6,91.9,78.9,Moderada,Ago,3,Inverno,False,38.376000000000005,14.6825,9.5,12.0,4.312,PM2.5,25-28 °C,acima de 85%
2021,8,2021-08-01,Centro-Oeste,GO,Aparecida de Goiânia,46.17,82.51,29.8,1.6,45.29,29.3,62.3,86.95,Ruim,Ago,3,Inverno,True,41.553000000000004,20.6275,7.45,12.8,4.529,PM2.5,acima de 28 °C,55-70%
2021,8,2021-08-01,Centro-Oeste,MT,Cuiabá,39.66,91.17,10.21,1.06,36.87,18.9,64.4,73.19,Moderada,Ago,3,Inverno,False,35.693999999999996,22.7925,2.5525,8.48,3.687,PM2.5,até 22 °C,55-70%
2021,8,2021-08-01,Centro-Oeste,MS,Campo Grande,16.46,65.0,30.56,0.75,40.89,23.3,90.7,48.77,Boa,Ago,3,Inverno,False,14.814000000000002,16.25,7.64,6.0,4.089,PM10,22-25 °C,acima de 85%
2021,8,2021-08-01,Sudeste,SP,São Paulo,45.17,105.47,16.14,0.94,57.36,24.2,75.1,84.28,Ruim,Ago,3,Inverno,True,40.653000000000006,26.3675,4.035,7.52,5.736000000000001,PM2.5,22-25 °C,70-85%
2021,8,2021-08-01,Sudeste,SP,Campinas,20.33,54.59,27.82,1.34,44.96,21.9,54.4,54.13,Moderada,Ago,3,Inverno,False,18.297,13.6475,6.955,10.72,4.496,PM2.5,até 22 °C,até 55%
2021,8,2021-08-01,Sudeste,SP,Ribeirão Preto,52.98,68.26,20.17,1.26,38.04,23.6,52.7,83.69,Ruim,Ago,3,Inverno,True,47.681999999999995,17.065,5.0425,10.08,3.8040000000000003,PM2.5,22-25 °C,até 55%
2021,8,2021-08-01,Sudeste,RJ,Rio de Janeiro,35.95,55.51,25.06,0.58,52.18,19.5,55.0,62.36,Moderada,Ago,3,Inverno,False,32.355000000000004,13.8775,6.265,4.64,5.218,PM2.5,até 22 °C,até 55%
2021,8,2021-08-01,Sudeste,RJ,Niterói,27.93,66.07,40.4,1.14,68.41,26.4,88.0,67.68,Moderada,Ago,3,Inverno,False,25.137,16.5175,10.1,9.12,6.841,PM2.5,25-28 °C,acima de 85%
2021,8,2021-08-01,Sudeste,RJ,Nova Iguaçu,19.81,72.53,21.33,1.74,26.02,27.7,60.6,57.82,Moderada,Ago,3,Inverno,False,17.829,18.1325,5.3325,13.92,2.6020000000000003,PM10,25-28 °C,55-70%
2021,8,2021-08-01,Sudeste,RJ,Petrópolis,40.33,89.73,20.62,1.75,38.35,27.0,75.0,81.7,Ruim,Ago,3,Inverno,True,36.297,22.4325,5.155,14.0,3.8350000000000004,PM2.5,25-28 °C,70-85%
2021,8,2021-08-01,Sudeste,MG,Belo Horizonte,23.77,45.76,34.62,1.18,44.58,27.0,54.8,55.4,Moderada,Ago,3,Inverno,False,21.393,11.44,8.655,9.44,4.458,PM2.5,25-28 °C,até 55%
2021,8,2021-08-01,Sudeste,MG,Uberlândia,38.23,90.5,15.73,0.62,48.68,19.9,82.7,70.81,Moderada,Ago,3,Inverno,False,34.407,22.625,3.9325,4.96,4.868,PM2.5,até 22 °C,70-85%
2021,8,2021-08-01,Sudeste,MG,Juiz de Fora,33.97,49.79,17.7,0.92,42.29,24.7,68.0,59.06,Moderada,Ago,3,Inverno,False,30.573,12.4475,4.425,7.36,4.229,PM2.5,22-25 °C,55-70%
2021,8,2021-08-01,Sudeste,ES,Vitória,39.86,56.71,15.08,0.31,43.92,24.3,89.6,60.67,Moderada,Ago,3,Inverno,False,35.874,14.1775,3.77,2.48,4.392,PM2.5,22-25 °C,acima de 85%
2021,8,2021-08-01,Sudeste,ES,Vila Velha,40.79,82.05,20.08,1.23,51.17,23.4,94.5,77.19,Moderada,Ago,3,Inverno,False,36.711,20.5125,5.02,9.84,5.117000000000001,PM2.5,22-25 °C,acima de 85%
2021,8,2021-08-01,Sudeste,ES,Serra,21.1,44.51,34.47,1.19,47.37,30.2,83.9,53.01,Moderada,Ago,3,Inverno,False,18.990000000000002,11.1275,8.6175,9.52,4.737,PM2.5,acima de 28 °C,70-85%
2021,8,2021-08-01,Sul,PR,Curitiba,43.81,105.64,41.02,0.55,35.7,30.7,55.4,84.06,Ruim,Ago,3,Inverno,True,39.429,26.41,10.255,4.4,3.5700000000000003,PM2.5,acima de 28 °C,55-70%
2021,8,2021-08-01,Sul,PR,Londrina,31.49,77.79,23.48,1.74,50.98,29.1,64.1,72.66,Moderada,Ago,3,Inverno,False,28.340999999999998,19.4475,5.87,13.92,5.098,PM2.5,acima de 28 °C,55-70%
2021,8,2021-08-01,Sul,SC,Florianópolis,25.94,72.31,23.61,1.13,37.92,21.7,72.8,60.13,Moderada,Ago,3,Inverno,False,23.346,18.0775,5.9025,9.04,3.7920000000000003,PM2.5,até 22 °C,70-85%
2021,8,2021-08-01,Sul,SC,Joinville,36.17,48.52,32.44,0.94,19.57,23.3,81.9,62.26,Moderada,Ago,3,Inverno,False,32.553000000000004,12.13,8.11,7.52,1.957,PM2.5,22-25 °C,70-85%
2021,8,2021-08-01,Sul,RS,Porto Alegre,46.28,57.27,19.49,0.35,23.07,24.4,79.9,65.95,Moderada,Ago,3,Inverno,False,41.652,14.3175,4.8725,2.8,2.307,PM2.5,22-25 °C,70-85%
2021,8,2021-08-01,Sul,RS,Caxias do Sul,38.37,40.46,8.84,1.45,47.59,27.7,94.7,63.2,Moderada,Ago,3,Inverno,False,34.533,10.115,2.21,11.6,4.759,PM2.5,25-28 °C,acima de 85%
2021,9,2021-09-01,Norte,AM,Manaus,41.35,60.67,11.98,1.65,39.59,25.6,66.2,72.5,Moderada,Set,3,Primavera,False,37.215,15.1675,2.995,13.2,3.9590000000000005,PM2.5,25-28 °C,55-70%
2021,9,2021-09-01,Norte,PA,Belém,42.09,97.05,23.23,0.74,50.95,25.4,76.2,78.96,Moderada,Set,3,Primavera,False,37.88100000000001,24.2625,5.8075,5.92,5.095000000000001,PM2.5,25-28 °C,70-85%
2021,9,2021-09-01,Norte,PA,Santarém,40.34,57.95,20.15,0.9,43.47,26.7,57.3,67.4,Moderada,Set,3,Primavera,False,36.306000000000004,14.4875,5.0375,7.2,4.347,PM2.5,25-28 °C,55-70%
2021,9,2021-09-01,Norte,RO,Porto Velho,46.51,63.16,21.86,0.57,33.48,21.9,60.4,71.01,Moderada,Set,3,Primavera,False,41.859,15.79,5.465,4.56,3.348,PM2.5,até 22 °C,55-70%
2021,9,2021-09-01,Norte,TO,Palmas,30.15,84.42,27.3,1.62,46.74,27.3,41.6,72.68,Moderada,Set,3,Primavera,False,27.134999999999998,21.105,6.825,12.96,4.674,PM2.5,25-28 °C,até 55%
2021,9,2021-09-01,Nordeste,BA,Salvador,41.22,27.53,24.02,0.69,22.7,24.7,72.1,57.82,Moderada,Set,3,Primavera,False,37.098,6.8825,6.005,5.52,2.27,PM2.5,22-25 °C,70-85%
2021,9,2021-09-01,Nordeste,BA,Feira de Santana,45.96,72.81,23.14,0.79,42.79,28.3,87.6,75.94,Moderada,Set,3,Primavera,False,41.364000000000004,18.2025,5.785,6.32,4.279,PM2.5,acima de 28 °C,acima de 85%
2021,9,2021-09-01,Nordeste,PE,Recife,33.84,67.73,21.82,0.53,34.58,20.8,50.8,60.58,Moderada,Set,3,Primavera,False,30.456000000000003,16.9325,5.455,4.24,3.458,PM2.5,até 22 °C,até 55%
2021,9,2021-09-01,Nordeste,PE,Jaboatão dos Guararapes,28.91,64.0,16.0,0.68,25.6,27.0,71.3,54.02,Moderada,Set,3,Primavera,False,26.019000000000002,16.0,4.0,5.44,2.5600000000000005,PM2.5,25-28 °C,70-85%
2021,9,2021-09-01,Nordeste,CE,Fortaleza,39.29,69.69,31.46,1.6,49.15,26.4,52.8,78.36,Moderada,Set,3,Primavera,False,35.361,17.4225,7.865,12.8,4.915,PM2.5,25-28 °C,até 55%
2021,9,2021-09-01,Nordeste,CE,Juazeiro do Norte,41.33,78.12,11.42,1.57,41.74,25.6,43.1,76.35,Moderada,Set,3,Primavera,False,37.197,19.53,2.855,12.56,4.174,PM2.5,25-28 °C,até 55%
2021,9,2021-09-01,Nordeste,MA,São Luís,31.29,117.42,28.96,1.24,52.9,26.3,78.5,79.95,Moderada,Set,3,Primavera,False,28.161,29.355,7.24,9.92,5.29,PM10,25-28 °C,70-85%
2021,9,2021-09-01,Nordeste,PB,João Pessoa,24.17,57.48,27.91,1.15,25.13,26.1,84.3,54.85,Moderada,Set,3,Primavera,False,21.753000000000004,14.37,6.9775,9.2,2.513,PM2.5,25-28 °C,70-85%
2021,9,2021-09-01,Centro-Oeste,DF,Brasília,38.0,59.24,14.42,1.01,55.5,23.7,78.2,66.21,Moderada,Set,3,Primavera,False,34.2,14.81,3.605,8.08,5.550000000000001,PM2.5,22-25 °C,70-85%
2021,9,2021-09-01,Centro-Oeste,GO,Goiânia,36.1,57.88,32.7,1.56,31.42,24.5,69.8,70.77,Moderada,Set,3,Primavera,False,32.49,14.47,8.175,12.48,3.1420000000000003,PM2.5,22-25 °C,55-70%
2021,9,2021-09-01,Centro-Oeste,GO,Aparecida de Goiânia,46.23,25.75,36.26,1.62,22.75,25.4,60.5,72.37,Moderada,Set,3,Primavera,False,41.607,6.4375,9.065,12.96,2.275,PM2.5,25-28 °C,55-70%
2021,9,2021-09-01,Centro-Oeste,MT,Cuiabá,27.79,49.78,44.89,1.29,44.87,26.5,49.2,63.45,Moderada,Set,3,Primavera,False,25.011,12.445,11.2225,10.32,4.487,PM2.5,25-28 °C,até 55%
2021,9,2021-09-01,Centro-Oeste,MS,Campo Grande,24.74,62.39,29.45,1.63,50.72,23.9,65.5,63.33,Moderada,Set,3,Primavera,False,22.266,15.5975,7.3625,13.04,5.072,PM2.5,22-25 °C,55-70%
2021,9,2021-09-01,Sudeste,SP,São Paulo,44.64,57.05,14.27,1.74,44.47,24.1,86.2,76.38,Moderada,Set,3,Primavera,False,40.176,14.2625,3.5675,13.92,4.447,PM2.5,22-25 °C,acima de 85%
2021,9,2021-09-01,Sudeste,SP,Campinas,33.09,74.65,31.21,1.52,46.06,30.9,68.9,72.99,Moderada,Set,3,Primavera,False,29.781000000000002,18.6625,7.8025,12.16,4.606000000000001,PM2.5,acima de 28 °C,55-70%
2021,9,2021-09-01,Sudeste,SP,Ribeirão Preto,37.6,82.47,31.08,0.53,38.76,26.3,49.9,70.36,Moderada,Set,3,Primavera,False,33.84,20.6175,7.77,4.24,3.876,PM2.5,25-28 °C,até 55%
2021,9,2021-09-01,Sudeste,RJ,Rio de Janeiro,25.27,81.57,31.46,1.41,24.02,28.6,49.2,64.71,Moderada,Set,3,Primavera,False,22.743,20.3925,7.865,11.28,2.402,PM2.5,acima de 28 °C,até 55%
2021,9,2021-09-01,Sudeste,RJ,Niterói,24.55,69.0,13.15,1.65,42.32,25.4,60.4,60.1,Moderada,Set,3,Primavera,False,22.095000000000002,17.25,3.2875,13.2,4.232,PM2.5,25-28 °C,55-70%
2021,9,2021-09-01,Sudeste,RJ,Nova Iguaçu,19.44,52.93,27.96,1.01,29.75,23.5,91.4,48.77,Boa,Set,3,Primavera,False,17.496000000000002,13.2325,6.99,8.08,2.975,PM2.5,22-25 °C,acima de 85%
2021,9,2021-09-01,Sudeste,RJ,Petrópolis,31.98,84.4,23.86,1.11,43.41,25.2,54.9,69.09,Moderada,Set,3,Primavera,False,28.782,21.1,5.965,8.88,4.341,PM2.5,25-28 °C,até 55%
2021,9,2021-09-01,Sudeste,MG,Belo Horizonte,22.0,91.94,22.0,0.32,43.02,25.6,62.2,55.15,Moderada,Set,3,Primavera,False,19.8,22.985,5.5,2.56,4.3020000000000005,PM10,25-28 °C,55-70%
2021,9,2021-09-01,Sudeste,MG,Uberlândia,40.45,52.46,14.28,1.35,18.47,24.9,73.8,65.71,Moderada,Set,3,Primavera,False,36.405,13.115,3.57,10.8,1.847,PM2.5,22-25 °C,70-85%
2021,9,2021-09-01,Sudeste,MG,Juiz de Fora,45.72,70.42,38.53,1.62,29.66,25.6,43.7,84.31,Ruim,Set,3,Primavera,True,41.148,17.605,9.6325,12.96,2.966,PM2.5,25-28 °C,até 55%
2021,9,2021-09-01,Sudeste,ES,Vitória,30.04,108.85,37.66,0.71,42.29,25.9,53.9,73.54,Moderada,Set,3,Primavera,False,27.036,27.2125,9.415,5.68,4.229,PM10,25-28 °C,até 55%
2021,9,2021-09-01,Sudeste,ES,Vila Velha,40.59,61.26,29.5,1.22,40.42,28.7,50.8,73.02,Moderada,Set,3,Primavera,False,36.531000000000006,15.315,7.375,9.76,4.042000000000001,PM2.5,acima de 28 °C,até 55%
2021,9,2021-09-01,Sudeste,ES,Serra,34.67,117.05,21.2,1.22,50.64,27.4,84.2,80.63,Ruim,Set,3,Primavera,True,31.203000000000003,29.2625,5.3,9.76,5.064,PM2.5,25-28 °C,70-85%
2021,9,2021-09-01,Sul,PR,Curitiba,28.49,54.43,16.74,1.75,55.61,24.8,88.6,63.03,Moderada,Set,3,Primavera,False,25.641,13.6075,4.185,14.0,5.561,PM2.5,22-25 °C,acima de 85%
2021,9,2021-09-01,Sul,PR,Londrina,42.39,75.07,21.28,1.33,59.47,37.7,69.2,78.86,Moderada,Set,3,Primavera,False,38.151,18.7675,5.32,10.64,5.947,PM2.5,acima de 28 °C,55-70%
2021,9,2021-09-01,Sul,SC,Florianópolis,31.51,84.19,40.07,1.39,33.45,24.7,90.5,73.89,Moderada,Set,3,Primavera,False,28.359,21.0475,10.0175,11.12,3.3450000000000006,PM2.5,22-25 °C,acima de 85%
2021,9,2021-09-01,Sul,SC,Joinville,30.53,62.24,29.63,1.69,49.67,23.4,42.0,68.92,Moderada,Set,3,Primavera,False,27.477,15.56,7.4075,13.52,4.9670000000000005,PM2.5,22-25 °C,até 55%
2021,9,2021-09-01,Sul,RS,Porto Alegre,26.54,50.59,36.35,1.14,42.46,25.0,67.2,59.01,Moderada,Set,3,Primavera,False,23.886,12.6475,9.0875,9.12,4.246,PM2.5,22-25 °C,55-70%
2021,9,2021-09-01,Sul,RS,Caxias do Sul,34.02,46.12,19.57,1.03,45.37,23.8,47.6,59.81,Moderada,Set,3,Primavera,False,30.618000000000002,11.53,4.8925,8.24,4.537,PM2.5,22-25 °C,até 55%
2021,10,2021-10-01,Norte,AM,Manaus,29.36,78.23,37.81,0.53,52.2,31.4,68.1,64.91,Moderada,Out,4,Primavera,False,26.424,19.5575,9.4525,4.24,5.220000000000001,PM2.5,acima de 28 °C,55-70%
2021,10,2021-10-01,Norte,PA,Belém,32.47,88.67,25.54,1.2,45.16,25.9,76.2,71.89,Moderada,Out,4,Primavera,False,29.223,22.1675,6.385,9.6,4.516,PM2.5,25-28 °C,70-85%
2021,10,2021-10-01,Norte,PA,Santarém,64.87,54.46,26.57,1.15,43.87,25.0,53.3,92.26,Ruim,Out,4,Primavera,True,58.383,13.615,6.6425,9.2,4.387,PM2.5,22-25 °C,até 55%
2021,10,2021-10-01,Norte,RO,Porto Velho,25.61,71.41,21.25,0.48,41.52,29.5,67.8,54.21,Moderada,Out,4,Primavera,False,23.049,17.8525,5.3125,3.84,4.152,PM2.5,acima de 28 °C,55-70%
2021,10,2021-10-01,Norte,TO,Palmas,38.89,56.41,24.53,1.44,43.21,22.5,86.0,71.09,Moderada,Out,4,Primavera,False,35.001000000000005,14.1025,6.1325,11.52,4.321000000000001,PM2.5,22-25 °C,acima de 85%
2021,10,2021-10-01,Nordeste,BA,Salvador,40.94,24.96,27.93,0.99,38.4,27.3,83.0,61.87,Moderada,Out,4,Primavera,False,36.846,6.24,6.9825,7.92,3.84,PM2.5,25-28 °C,70-85%
2021,10,2021-10-01,Nordeste,BA,Feira de Santana,61.44,75.15,25.01,1.14,39.38,23.9,80.9,93.4,Ruim,Out,4,Primavera,True,55.296,18.7875,6.2525,9.12,3.9380000000000006,PM2.5,22-25 °C,70-85%
2021,10,2021-10-01,Nordeste,PE,Recife,28.62,74.11,19.3,1.48,48.28,28.0,54.3,65.79,Moderada,Out,4,Primavera,False,25.758000000000003,18.5275,4.825,11.84,4.828,PM2.5,25-28 °C,até 55%
2021,10,2021-10-01,Nordeste,PE,Jaboatão dos Guararapes,42.84,55.79,31.99,0.62,20.81,20.7,40.3,67.54,Moderada,Out,4,Primavera,False,38.556000000000004,13.9475,7.9975,4.96,2.081,PM2.5,até 22 °C,até 55%
2021,10,2021-10-01,Nordeste,CE,Fortaleza,29.58,61.13,36.26,1.41,58.39,26.4,80.9,68.06,Moderada,Out,4,Primavera,False,26.622,15.2825,9.065,11.28,5.839,PM2.5,25-28 °C,70-85%
2021,10,2021-10-01,Nordeste,CE,Juazeiro do Norte,32.15,59.78,30.23,1.71,46.6,25.7,62.6,69.74,Moderada,Out,4,Primavera,False,28.935,14.945,7.5575,13.68,4.66,PM2.5,25-28 °C,55-70%
2021,10,2021-10-01,Nordeste,MA,São Luís,32.7,90.76,31.4,1.33,51.72,30.3,89.1,75.81,Moderada,Out,4,Primavera,False,29.430000000000003,22.69,7.85,10.64,5.172000000000001,PM2.5,acima de 28 °C,acima de 85%
2021,10,2021-10-01,Nordeste,PB,João Pessoa,21.09,80.44,21.0,1.33,55.67,26.1,88.3,60.55,Moderada,Out,4,Primavera,False,18.981,20.11,5.25,10.64,5.567,PM10,25-28 °C,acima de 85%
2021,10,2021-10-01,Centro-Oeste,DF,Brasília,34.47,78.43,20.49,0.79,34.79,29.2,80.4,65.52,Moderada,Out,4,Primavera,False,31.023,19.6075,5.1225,6.32,3.479,PM2.5,acima de 28 °C,70-85%
2021,10,2021-10-01,Centro-Oeste,GO,Goiânia,33.32,69.79,31.2,0.46,38.69,25.5,53.9,62.78,Moderada,Out,4,Primavera,False,29.988,17.4475,7.8,3.68,3.8689999999999998,PM2.5,25-28 °C,até 55%
2021,10,2021-10-01,Centro-Oeste,GO,Aparecida de Goiânia,36.59,99.43,20.62,1.68,47.18,30.0,62.8,81.13,Ruim,Out,4,Primavera,True,32.931000000000004,24.8575,5.155,13.44,4.718,PM2.5,acima de 28 °C,55-70%
2021,10,2021-10-01,Centro-Oeste,MT,Cuiabá,46.8,60.07,17.1,0.92,34.01,22.6,60.9,72.16,Moderada,Out,4,Primavera,False,42.12,15.0175,4.275,7.36,3.401,PM2.5,22-25 °C,55-70%
2021,10,2021-10-01,Centro-Oeste,MS,Campo Grande,15.77,41.43,32.68,1.57,30.23,26.7,90.6,48.33,Boa,Out,4,Primavera,False,14.193,10.3575,8.17,12.56,3.023,PM2.5,25-28 °C,acima de 85%
2021,10,2021-10-01,Sudeste,SP,São Paulo,33.55,68.15,22.95,1.62,35.52,31.1,40.3,69.52,Moderada,Out,4,Primavera,False,30.194999999999997,17.0375,5.7375,12.96,3.5520000000000005,PM2.5,acima de 28 °C,até 55%
2021,10,2021-10-01,Sudeste,SP,Campinas,19.1,64.71,34.0,1.13,48.31,27.3,56.7,55.77,Moderada,Out,4,Primavera,False,17.19,16.1775,8.5,9.04,4.831,PM2.5,25-28 °C,55-70%
2021,10,2021-10-01,Sudeste,SP,Ribeirão Preto,23.86,31.97,16.71,0.54,36.12,25.2,94.8,41.61,Boa,Out,4,Primavera,False,21.474,7.9925,4.1775,4.32,3.612,PM2.5,25-28 °C,acima de 85%
2021,10,2021-10-01,Sudeste,RJ,Rio de Janeiro,39.95,63.45,29.3,0.59,37.76,18.7,49.5,67.67,Moderada,Out,4,Primavera,False,35.955000000000005,15.8625,7.325,4.72,3.776,PM2.5,até 22 °C,até 55%
2021,10,2021-10-01,Sudeste,RJ,Niterói,30.33,62.29,29.46,0.88,46.84,24.1,49.2,61.97,Moderada,Out,4,Primavera,False,27.297,15.5725,7.365,7.04,4.684,PM2.5,22-25 °C,até 55%
2021,10,2021-10-01,Sudeste,RJ,Nova Iguaçu,40.7,98.88,26.77,0.46,28.22,23.1,84.2,74.56,Moderada,Out,4,Primavera,False,36.63,24.72,6.6925,3.68,2.822,PM2.5,22-25 °C,70-85%
2021,10,2021-10-01,Sudeste,RJ,Petrópolis,45.09,78.75,5.54,1.8,43.86,26.7,43.0,80.4,Ruim,Out,4,Primavera,True,40.581,19.6875,1.385,14.4,4.386,PM2.5,25-28 °C,até 55%
2021,10,2021-10-01,Sudeste,MG,Belo Horizonte,45.08,54.19,3.47,1.29,35.2,28.0,55.3,68.82,Moderada,Out,4,Primavera,False,40.572,13.5475,0.8675,10.32,3.5200000000000005,PM2.5,25-28 °C,55-70%
2021,10,2021-10-01,Sudeste,MG,Uberlândia,52.29,84.13,31.22,0.96,39.7,25.5,70.5,87.51,Ruim,Out,4,Primavera,True,47.061,21.0325,7.805,7.68,3.9700000000000006,PM2.5,25-28 °C,70-85%
2021,10,2021-10-01,Sudeste,MG,Juiz de Fora,43.54,85.64,30.22,0.74,58.86,21.0,73.1,79.95,Moderada,Out,4,Primavera,False,39.186,21.41,7.555,5.92,5.886,PM2.5,até 22 °C,70-85%
2021,10,2021-10-01,Sudeste,ES,Vitória,36.37,66.91,28.79,0.93,41.05,23.7,91.4,68.17,Moderada,Out,4,Primavera,False,32.733,16.7275,7.1975,7.44,4.1049999999999995,PM2.5,22-25 °C,acima de 85%
2021,10,2021-10-01,Sudeste,ES,Vila Velha,26.17,72.11,23.3,0.78,36.93,29.4,94.8,57.32,Moderada,Out,4,Primavera,False,23.553,18.0275,5.825,6.24,3.693,PM2.5,acima de 28 °C,acima de 85%
2021,10,2021-10-01,Sudeste,ES,Serra,28.08,65.95,23.62,1.26,41.21,22.8,83.1,61.84,Moderada,Out,4,Primavera,False,25.272,16.4875,5.905,10.08,4.121,PM2.5,22-25 °C,70-85%
2021,10,2021-10-01,Sul,PR,Curitiba,35.44,80.27,24.01,1.45,48.36,27.1,53.7,74.37,Moderada,Out,4,Primavera,False,31.895999999999997,20.0675,6.0025,11.6,4.836,PM2.5,25-28 °C,até 55%
2021,10,2021-10-01,Sul,PR,Londrina,39.0,79.06,28.04,1.64,34.06,21.0,78.6,78.42,Moderada,Out,4,Primavera,False,35.1,19.765,7.01,13.12,3.4060000000000006,PM2.5,até 22 °C,70-85%
2021,10,2021-10-01,Sul,SC,Florianópolis,40.62,54.69,32.55,1.62,49.55,26.0,78.0,76.27,Moderada,Out,4,Primavera,False,36.558,13.6725,8.1375,12.96,4.955,PM2.5,25-28 °C,70-85%
2021,10,2021-10-01,Sul,SC,Joinville,37.82,97.46,7.44,0.56,39.41,24.9,49.9,68.7,Moderada,Out,4,Primavera,False,34.038000000000004,24.365,1.86,4.48,3.941,PM2.5,22-25 °C,até 55%
2021,10,2021-10-01,Sul,RS,Porto Alegre,42.14,37.69,29.69,1.43,33.56,26.6,49.9,69.61,Moderada,Out,4,Primavera,False,37.926,9.4225,7.4225,11.44,3.3560000000000003,PM2.5,25-28 °C,até 55%
2021,10,2021-10-01,Sul,RS,Caxias do Sul,31.16,85.51,43.13,1.64,51.6,18.8,64.7,78.51,Moderada,Out,4,Primavera,False,28.044,21.3775,10.7825,13.12,5.16,PM2.5,até 22 °C,55-70%
2021,11,2021-11-01,Norte,AM,Manaus,34.17,64.63,34.81,1.44,35.02,23.9,47.6,70.65,Moderada,Nov,4,Primavera,False,30.753000000000004,16.1575,8.7025,11.52,3.5020000000000007,PM2.5,22-25 °C,até 55%
2021,11,2021-11-01,Norte,PA,Belém,39.8,59.46,23.48,0.54,28.11,24.2,69.6,63.67,Moderada,Nov,4,Primavera,False,35.82,14.865,5.87,4.32,2.811,PM2.5,22-25 °C,55-70%
2021,11,2021-11-01,Norte,PA,Santarém,27.44,72.72,32.09,0.87,52.35,26.7,60.8,63.12,Moderada,Nov,4,Primavera,False,24.696,18.18,8.0225,6.96,5.235,PM2.5,25-28 °C,55-70%
2021,11,2021-11-01,Norte,RO,Porto Velho,28.48,60.44,19.86,1.3,38.75,21.3,45.4,59.96,Moderada,Nov,4,Primavera,False,25.632,15.11,4.965,10.4,3.875,PM2.5,até 22 °C,até 55%
2021,11,2021-11-01,Norte,TO,Palmas,23.41,95.21,26.47,1.75,56.75,22.3,59.7,71.15,Moderada,Nov,4,Primavera,False,21.069,23.8025,6.6175,14.0,5.675000000000001,PM10,22-25 °C,55-70%
2021,11,2021-11-01,Nordeste,BA,Salvador,31.74,62.98,21.24,1.44,39.86,21.0,59.0,65.13,Moderada,Nov,4,Primavera,False,28.566,15.745,5.31,11.52,3.986,PM2.5,até 22 °C,55-70%
2021,11,2021-11-01,Nordeste,BA,Feira de Santana,24.39,63.18,16.23,1.06,33.85,24.1,73.7,53.65,Moderada,Nov,4,Primavera,False,21.951,15.795,4.0575,8.48,3.3850000000000002,PM2.5,22-25 °C,70-85%
2021,11,2021-11-01,Nordeste,PE,Recife,41.32,70.01,24.09,0.71,49.06,19.9,87.1,71.31,Moderada,Nov,4,Primavera,False,37.188,17.5025,6.0225,5.68,4.906000000000001,PM2.5,até 22 °C,acima de 85%
2021,11,2021-11-01,Nordeste,PE,Jaboatão dos Guararapes,19.45,74.83,26.21,0.71,30.37,35.0,52.6,51.51,Moderada,Nov,4,Primavera,False,17.505,18.7075,6.5525,5.68,3.0370000000000004,PM10,acima de 28 °C,até 55%
2021,11,2021-11-01,Nordeste,CE,Fortaleza,28.48,53.87,23.41,1.54,45.33,28.2,68.6,61.79,Moderada,Nov,4,Primavera,False,25.632,13.4675,5.8525,12.32,4.533,PM2.5,acima de 28 °C,55-70%
2021,11,2021-11-01,Nordeste,CE,Juazeiro do Norte,34.9,62.0,14.7,0.5,26.67,25.1,94.1,57.22,Moderada,Nov,4,Primavera,False,31.41,15.5,3.675,4.0,2.6670000000000003,PM2.5,25-28 °C,acima de 85%
2021,11,2021-11-01,Nordeste,MA,São Luís,29.74,37.81,21.24,0.67,34.2,25.1,50.7,50.32,Moderada,Nov,4,Primavera,False,26.766,9.4525,5.31,5.36,3.4200000000000004,PM2.5,25-28 °C,até 55%
2021,11,2021-11-01,Nordeste,PB,João Pessoa,27.31,58.96,29.71,0.91,45.22,24.4,64.1,58.58,Moderada,Nov,4,Primavera,False,24.579,14.74,7.4275,7.28,4.522,PM2.5,22-25 °C,55-70%
2021,11,2021-11-01,Centro-Oeste,DF,Brasília,42.59,88.8,8.56,1.09,36.53,25.8,66.9,75.01,Moderada,Nov,4,Primavera,False,38.331,22.2,2.14,8.72,3.6530000000000005,PM2.5,25-28 °C,55-70%
2021,11,2021-11-01,Centro-Oeste,GO,Goiânia,21.08,40.66,27.72,0.86,36.38,19.1,87.6,46.57,Boa,Nov,4,Primavera,False,18.971999999999998,10.165,6.93,6.88,3.6380000000000003,PM2.5,até 22 °C,acima de 85%
2021,11,2021-11-01,Centro-Oeste,GO,Aparecida de Goiânia,38.75,65.95,29.43,1.42,33.97,20.9,49.5,73.49,Moderada,Nov,4,Primavera,False,34.875,16.4875,7.3575,11.36,3.3970000000000002,PM2.5,até 22 °C,até 55%
2021,11,2021-11-01,Centro-Oeste,MT,Cuiabá,25.8,88.4,22.34,0.37,39.32,22.1,43.3,57.77,Moderada,Nov,4,Primavera,False,23.220000000000002,22.1,5.585,2.96,3.9320000000000004,PM2.5,22-25 °C,até 55%
2021,11,2021-11-01,Centro-Oeste,MS,Campo Grande,42.32,38.99,22.43,1.35,36.32,24.4,55.9,67.84,Moderada,Nov,4,Primavera,False,38.088,9.7475,5.6075,10.8,3.632,PM2.5,22-25 °C,55-70%
2021,11,2021-11-01,Sudeste,SP,São Paulo,32.51,65.16,20.18,1.58,51.56,24.8,58.1,68.43,Moderada,Nov,4,Primavera,False,29.259,16.29,5.045,12.64,5.156000000000001,PM2.5,22-25 °C,55-70%
2021,11,2021-11-01,Sudeste,SP,Campinas,47.03,63.31,24.5,0.71,60.06,28.3,88.4,75.93,Moderada,Nov,4,Primavera,False,42.327000000000005,15.8275,6.125,5.68,6.006,PM2.5,acima de 28 °C,acima de 85%
2021,11,2021-11-01,Sudeste,SP,Ribeirão Preto,20.61,93.3,36.11,0.93,26.09,28.9,81.0,60.97,Moderada,Nov,4,Primavera,False,18.549,23.325,9.0275,7.44,2.609,PM10,acima de 28 °C,70-85%
2021,11,2021-11-01,Sudeste,RJ,Rio de Janeiro,30.46,69.2,51.27,0.65,65.91,26.6,87.7,69.35,Moderada,Nov,4,Primavera,False,27.414,17.3,12.8175,5.2,6.591,PM2.5,25-28 °C,acima de 85%
2021,11,2021-11-01,Sudeste,RJ,Niterói,38.03,56.97,26.7,0.81,36.46,27.8,56.2,65.31,Moderada,Nov,4,Primavera,False,34.227000000000004,14.2425,6.675,6.48,3.6460000000000004,PM2.5,25-28 °C,55-70%
2021,11,2021-11-01,Sudeste,RJ,Nova Iguaçu,41.18,91.88,44.46,1.33,47.56,23.0,76.8,86.52,Ruim,Nov,4,Primavera,True,37.062,22.97,11.115,10.64,4.756,PM2.5,22-25 °C,70-85%
2021,11,2021-11-01,Sudeste,RJ,Petrópolis,44.98,63.02,32.57,1.11,56.42,28.8,61.5,78.9,Moderada,Nov,4,Primavera,False,40.482,15.755,8.1425,8.88,5.642,PM2.5,acima de 28 °C,55-70%
2021,11,2021-11-01,Sudeste,MG,Belo Horizonte,32.25,57.54,40.35,1.36,44.06,27.4,71.5,68.79,Moderada,Nov,4,Primavera,False,29.025000000000002,14.385,10.0875,10.88,4.406000000000001,PM2.5,25-28 °C,70-85%
2021,11,2021-11-01,Sudeste,MG,Uberlândia,41.02,87.56,39.29,1.34,30.03,23.8,79.5,82.37,Ruim,Nov,4,Primavera,True,36.918000000000006,21.89,9.8225,10.72,3.003,PM2.5,22-25 °C,70-85%
2021,11,2021-11-01,Sudeste,MG,Juiz de Fora,39.24,70.83,22.45,0.75,47.04,23.8,57.7,69.33,Moderada,Nov,4,Primavera,False,35.316,17.7075,5.6125,6.0,4.704,PM2.5,22-25 °C,55-70%
2021,11,2021-11-01,Sudeste,ES,Vitória,29.29,74.39,33.28,0.54,40.62,25.4,42.0,61.63,Moderada,Nov,4,Primavera,False,26.361,18.5975,8.32,4.32,4.062,PM2.5,25-28 °C,até 55%
2021,11,2021-11-01,Sudeste,ES,Vila Velha,25.88,72.28,32.94,1.03,18.14,23.4,43.4,59.65,Moderada,Nov,4,Primavera,False,23.291999999999998,18.07,8.235,8.24,1.814,PM2.5,22-25 °C,até 55%
2021,11,2021-11-01,Sudeste,ES,Serra,43.29,31.88,30.99,0.67,47.19,22.3,73.3,64.74,Moderada,Nov,4,Primavera,False,38.961,7.97,7.7475,5.36,4.719,PM2.5,22-25 °C,70-85%
2021,11,2021-11-01,Sul,PR,Curitiba,26.17,66.92,25.4,0.4,35.21,20.7,86.2,53.35,Moderada,Nov,4,Primavera,False,23.553,16.73,6.35,3.2,3.5210000000000004,PM2.5,até 22 °C,acima de 85%
2021,11,2021-11-01,Sul,PR,Londrina,37.34,111.52,39.77,0.43,51.42,22.9,42.8,80.0,Ruim,Nov,4,Primavera,True,33.606,27.88,9.9425,3.44,5.142,PM2.5,22-25 °C,até 55%
2021,11,2021-11-01,Sul,SC,Florianópolis,46.11,92.3,34.89,0.83,30.68,19.5,47.7,82.97,Ruim,Nov,4,Primavera,True,41.499,23.075,8.7225,6.64,3.068,PM2.5,até 22 °C,até 55%
2021,11,2021-11-01,Sul,SC,Joinville,38.28,25.44,34.25,0.6,32.64,25.2,82.9,57.44,Moderada,Nov,4,Primavera,False,34.452000000000005,6.36,8.5625,4.8,3.2640000000000002,PM2.5,25-28 °C,70-85%
2021,11,2021-11-01,Sul,RS,Porto Alegre,38.96,75.16,27.14,1.77,44.29,21.3,51.1,79.26,Moderada,Nov,4,Primavera,False,35.064,18.79,6.785,14.16,4.429,PM2.5,até 22 °C,até 55%
2021,11,2021-11-01,Sul,RS,Caxias do Sul,33.14,83.64,23.05,1.7,37.22,23.4,74.3,73.82,Moderada,Nov,4,Primavera,False,29.826,20.91,5.7625,13.6,3.722,PM2.5,22-25 °C,70-85%
2021,12,2021-12-01,Norte,AM,Manaus,46.04,65.79,35.44,1.65,40.48,22.7,86.4,84.0,Ruim,Dez,4,Verão,True,41.436,16.4475,8.86,13.2,4.048,PM2.5,22-25 °C,acima de 85%
2021,12,2021-12-01,Norte,PA,Belém,40.57,43.45,21.69,0.44,38.83,28.7,71.9,60.24,Moderada,Dez,4,Verão,False,36.513,10.8625,5.4225,3.52,3.883,PM2.5,acima de 28 °C,70-85%
2021,12,2021-12-01,Norte,PA,Santarém,56.81,60.26,34.08,1.22,39.46,26.9,91.4,88.38,Ruim,Dez,4,Verão,True,51.129000000000005,15.065,8.52,9.76,3.946,PM2.5,25-28 °C,acima de 85%
2021,12,2021-12-01,Norte,RO,Porto Velho,49.26,78.51,18.98,0.39,48.87,27.8,80.9,76.71,Moderada,Dez,4,Verão,False,44.333999999999996,19.6275,4.745,3.12,4.8870000000000005,PM2.5,25-28 °C,70-85%
2021,12,2021-12-01,Norte,TO,Palmas,25.85,88.43,25.73,0.58,55.07,24.8,64.8,61.96,Moderada,Dez,4,Verão,False,23.265,22.1075,6.4325,4.64,5.507000000000001,PM2.5,22-25 °C,55-70%
2021,12,2021-12-01,Nordeste,BA,Salvador,25.96,74.03,27.55,0.5,50.01,23.6,42.8,57.73,Moderada,Dez,4,Verão,False,23.364,18.5075,6.8875,4.0,5.001,PM2.5,22-25 °C,até 55%
2021,12,2021-12-01,Nordeste,BA,Feira de Santana,43.84,83.65,9.83,0.93,36.41,30.2,43.0,73.92,Moderada,Dez,4,Verão,False,39.456,20.9125,2.4575,7.44,3.641,PM2.5,acima de 28 °C,até 55%
2021,12,2021-12-01,Nordeste,PE,Recife,34.37,92.04,33.94,1.1,38.85,22.6,62.6,75.12,Moderada,Dez,4,Verão,False,30.933,23.01,8.485,8.8,3.8850000000000002,PM2.5,22-25 °C,55-70%
2021,12,2021-12-01,Nordeste,PE,Jaboatão dos Guararapes,55.17,52.36,14.07,1.53,19.82,23.4,94.9,80.49,Ruim,Dez,4,Verão,True,49.653000000000006,13.09,3.5175,12.24,1.9820000000000002,PM2.5,22-25 °C,acima de 85%
2021,12,2021-12-01,Nordeste,CE,Fortaleza,43.33,54.16,11.63,1.47,48.8,22.4,79.5,72.11,Moderada,Dez,4,Verão,False,38.997,13.54,2.9075,11.76,4.88,PM2.5,22-25 °C,70-85%
2021,12,2021-12-01,Nordeste,CE,Juazeiro do Norte,33.32,72.21,30.18,0.49,45.09,27.2,46.4,64.04,Moderada,Dez,4,Verão,False,29.988,18.0525,7.545,3.92,4.509,PM2.5,25-28 °C,até 55%
2021,12,2021-12-01,Nordeste,MA,São Luís,41.97,125.62,15.68,0.95,57.24,27.8,83.6,86.44,Ruim,Dez,4,Verão,True,37.773,31.405,3.92,7.6,5.724,PM2.5,25-28 °C,70-85%
2021,12,2021-12-01,Nordeste,PB,João Pessoa,33.57,46.07,26.65,1.04,52.83,30.8,66.4,61.97,Moderada,Dez,4,Verão,False,30.213,11.5175,6.6625,8.32,5.283,PM2.5,acima de 28 °C,55-70%
2021,12,2021-12-01,Centro-Oeste,DF,Brasília,24.21,85.55,20.95,1.18,47.68,23.8,93.2,62.65,Moderada,Dez,4,Verão,False,21.789,21.3875,5.2375,9.44,4.768,PM2.5,22-25 °C,acima de 85%
2021,12,2021-12-01,Centro-Oeste,GO,Goiânia,37.91,60.0,17.51,1.17,52.4,22.9,74.3,68.1,Moderada,Dez,4,Verão,False,34.119,15.0,4.3775,9.36,5.24,PM2.5,22-25 °C,70-85%
2021,12,2021-12-01,Centro-Oeste,GO,Aparecida de Goiânia,36.03,87.23,28.35,0.35,47.18,24.4,56.9,68.86,Moderada,Dez,4,Verão,False,32.427,21.8075,7.0875,2.8,4.718,PM2.5,22-25 °C,55-70%
2021,12,2021-12-01,Centro-Oeste,MT,Cuiabá,16.94,95.22,17.22,0.66,42.4,20.2,52.6,52.86,Moderada,Dez,4,Verão,False,15.246000000000002,23.805,4.305,5.28,4.24,PM10,até 22 °C,até 55%
2021,12,2021-12-01,Centro-Oeste,MS,Campo Grande,43.31,82.28,28.52,0.32,54.19,23.8,69.0,74.64,Moderada,Dez,4,Verão,False,38.979000000000006,20.57,7.13,2.56,5.4190000000000005,PM2.5,22-25 °C,55-70%
2021,12,2021-12-01,Sudeste,SP,São Paulo,32.96,80.28,6.4,0.77,33.93,20.8,90.4,60.9,Moderada,Dez,4,Verão,False,29.664,20.07,1.6,6.16,3.3930000000000002,PM2.5,até 22 °C,acima de 85%
2021,12,2021-12-01,Sudeste,SP,Campinas,49.55,102.17,25.17,1.19,43.89,22.0,85.9,90.31,Ruim,Dez,4,Verão,True,44.595,25.5425,6.2925,9.52,4.389,PM2.5,até 22 °C,acima de 85%
2021,12,2021-12-01,Sudeste,SP,Ribeirão Preto,44.91,77.92,32.27,0.48,34.29,25.1,83.0,75.2,Moderada,Dez,4,Verão,False,40.419,19.48,8.0675,3.84,3.4290000000000003,PM2.5,25-28 °C,70-85%
2021,12,2021-12-01,Sudeste,RJ,Rio de Janeiro,42.73,7.52,16.48,1.29,37.42,22.3,77.2,58.54,Moderada,Dez,4,Verão,False,38.457,1.88,4.12,10.32,3.7420000000000004,PM2.5,22-25 °C,70-85%
2021,12,2021-12-01,Sudeste,RJ,Niterói,25.55,75.28,16.43,0.65,43.22,28.9,43.5,55.47,Moderada,Dez,4,Verão,False,22.995,18.82,4.1075,5.2,4.322,PM2.5,acima de 28 °C,até 55%
2021,12,2021-12-01,Sudeste,RJ,Nova Iguaçu,30.32,45.11,7.26,0.54,32.59,16.3,92.5,47.94,Boa,Dez,4,Verão,False,27.288,11.2775,1.815,4.32,3.2590000000000003,PM2.5,até 22 °C,acima de 85%
2021,12,2021-12-01,Sudeste,RJ,Petrópolis,26.57,87.43,31.35,0.37,28.18,24.5,92.3,59.42,Moderada,Dez,4,Verão,False,23.913,21.8575,7.8375,2.96,2.818,PM2.5,22-25 °C,acima de 85%
2021,12,2021-12-01,Sudeste,MG,Belo Horizonte,27.53,81.37,38.99,0.74,48.08,28.8,64.4,65.61,Moderada,Dez,4,Verão,False,24.777,20.3425,9.7475,5.92,4.808,PM2.5,acima de 28 °C,55-70%
2021,12,2021-12-01,Sudeste,MG,Uberlândia,26.4,58.5,29.01,1.62,51.19,23.8,40.7,63.75,Moderada,Dez,4,Verão,False,23.759999999999998,14.625,7.2525,12.96,5.119,PM2.5,22-25 °C,até 55%
2021,12,2021-12-01,Sudeste,MG,Juiz de Fora,26.23,59.0,24.37,1.32,47.18,26.6,68.0,59.76,Moderada,Dez,4,Verão,False,23.607,14.75,6.0925,10.56,4.718,PM2.5,25-28 °C,55-70%
2021,12,2021-12-01,Sudeste,ES,Vitória,32.64,65.32,19.04,1.62,19.86,28.1,51.0,65.45,Moderada,Dez,4,Verão,False,29.376,16.33,4.76,12.96,1.986,PM2.5,acima de 28 °C,até 55%
2021,12,2021-12-01,Sudeste,ES,Vila Velha,33.01,79.86,16.16,1.79,44.95,22.4,42.2,72.48,Moderada,Dez,4,Verão,False,29.709,19.965,4.04,14.32,4.495,PM2.5,22-25 °C,até 55%
2021,12,2021-12-01,Sudeste,ES,Serra,46.98,62.92,31.64,0.4,45.05,25.9,59.9,73.63,Moderada,Dez,4,Verão,False,42.282,15.73,7.91,3.2,4.505,PM2.5,25-28 °C,55-70%
2021,12,2021-12-01,Sul,PR,Curitiba,34.79,72.72,31.25,1.38,34.64,27.7,75.5,71.81,Moderada,Dez,4,Verão,False,31.311,18.18,7.8125,11.04,3.4640000000000004,PM2.5,25-28 °C,70-85%
2021,12,2021-12-01,Sul,PR,Londrina,38.65,65.95,29.78,0.72,26.65,25.2,76.8,67.13,Moderada,Dez,4,Verão,False,34.785,16.4875,7.445,5.76,2.665,PM2.5,25-28 °C,70-85%
2021,12,2021-12-01,Sul,SC,Florianópolis,39.42,85.24,18.47,1.06,42.03,21.2,76.0,74.12,Moderada,Dez,4,Verão,False,35.478,21.31,4.6175,8.48,4.203,PM2.5,até 22 °C,70-85%
2021,12,2021-12-01,Sul,SC,Joinville,22.72,85.58,22.74,0.35,33.35,21.7,94.4,53.67,Moderada,Dez,4,Verão,False,20.448,21.395,5.685,2.8,3.3350000000000004,PM10,até 22 °C,acima de 85%
2021,12,2021-12-01,Sul,RS,Porto Alegre,29.78,63.22,34.83,1.11,33.38,21.3,60.1,63.57,Moderada,Dez,4,Verão,False,26.802000000000003,15.805,8.7075,8.88,3.3380000000000005,PM2.5,até 22 °C,55-70%
2021,12,2021-12-01,Sul,RS,Caxias do Sul,35.87,39.89,18.49,1.06,36.48,19.9,89.4,59.02,Moderada,Dez,4,Verão,False,32.283,9.9725,4.6225,8.48,3.6479999999999997,PM2.5,até 22 °C,acima de 85%
2022,1,2022-01-01,Norte,AM,Manaus,28.26,50.88,23.47,0.71,50.03,28.0,51.9,54.74,Moderada,Jan,1,Verão,False,25.434,12.72,5.8675,5.68,5.003,PM2.5,25-28 °C,até 55%
2022,1,2022-01-01,Norte,PA,Belém,21.35,54.35,13.98,0.38,46.06,21.6,75.2,43.94,Boa,Jan,1,Verão,False,19.215000000000003,13.5875,3.495,3.04,4.606000000000001,PM2.5,até 22 °C,70-85%
2022,1,2022-01-01,Norte,PA,Santarém,36.74,90.43,30.85,1.62,40.74,23.7,42.5,80.44,Ruim,Jan,1,Verão,True,33.066,22.6075,7.7125,12.96,4.074000000000001,PM2.5,22-25 °C,até 55%
2022,1,2022-01-01,Norte,RO,Porto Velho,38.47,77.15,24.67,1.26,32.0,24.4,63.3,73.36,Moderada,Jan,1,Verão,False,34.623,19.2875,6.1675,10.08,3.2,PM2.5,22-25 °C,55-70%
2022,1,2022-01-01,Norte,TO,Palmas,37.18,101.88,16.45,1.15,42.79,19.2,83.7,76.54,Moderada,Jan,1,Verão,False,33.462,25.47,4.1125,9.2,4.279,PM2.5,até 22 °C,70-85%
2022,1,2022-01-01,Nordeste,BA,Salvador,33.81,74.9,12.81,1.56,41.57,23.8,45.1,68.97,Moderada,Jan,1,Verão,False,30.429000000000002,18.725,3.2025,12.48,4.157,PM2.5,22-25 °C,até 55%
2022,1,2022-01-01,Nordeste,BA,Feira de Santana,46.19,101.33,38.21,0.8,36.1,25.6,59.4,86.45,Ruim,Jan,1,Verão,True,41.571,25.3325,9.5525,6.4,3.6100000000000003,PM2.5,25-28 °C,55-70%
2022,1,2022-01-01,Nordeste,PE,Recife,29.69,56.64,25.14,0.9,49.32,20.5,90.8,59.32,Moderada,Jan,1,Verão,False,26.721,14.16,6.285,7.2,4.932,PM2.5,até 22 °C,acima de 85%
2022,1,2022-01-01,Nordeste,PE,Jaboatão dos Guararapes,34.87,80.72,24.46,1.5,54.18,22.0,87.5,75.13,Moderada,Jan,1,Verão,False,31.383,20.18,6.115,12.0,5.418,PM2.5,até 22 °C,acima de 85%
2022,1,2022-01-01,Nordeste,CE,Fortaleza,37.38,67.71,27.73,1.4,37.5,21.0,44.7,72.47,Moderada,Jan,1,Verão,False,33.642,16.9275,6.9325,11.2,3.75,PM2.5,até 22 °C,até 55%
2022,1,2022-01-01,Nordeste,CE,Juazeiro do Norte,26.42,80.19,10.87,0.35,43.17,24.7,85.3,53.63,Moderada,Jan,1,Verão,False,23.778000000000002,20.0475,2.7175,2.8,4.317,PM2.5,22-25 °C,acima de 85%
2022,1,2022-01-01,Nordeste,MA,São Luís,36.32,74.33,28.89,1.76,31.77,23.4,71.7,75.73,Moderada,Jan,1,Verão,False,32.688,18.5825,7.2225,14.08,3.177,PM2.5,22-25 °C,70-85%
2022,1,2022-01-01,Nordeste,PB,João Pessoa,10.55,72.99,18.17,0.83,48.44,26.8,91.5,43.73,Boa,Jan,1,Verão,False,9.495000000000001,18.2475,4.5425,6.64,4.844,PM10,25-28 °C,acima de 85%
2022,1,2022-01-01,Centro-Oeste,DF,Brasília,45.83,39.39,18.93,0.4,40.27,23.7,82.3,63.04,Moderada,Jan,1,Verão,False,41.247,9.8475,4.7325,3.2,4.027,PM2.5,22-25 °C,70-85%
2022,1,2022-01-01,Centro-Oeste,GO,Goiânia,21.33,78.28,8.86,1.0,44.04,31.2,92.8,53.39,Moderada,Jan,1,Verão,False,19.197,19.57,2.215,8.0,4.404,PM10,acima de 28 °C,acima de 85%
2022,1,2022-01-01,Centro-Oeste,GO,Aparecida de Goiânia,38.52,41.02,29.01,1.35,46.84,24.0,92.2,67.68,Moderada,Jan,1,Verão,False,34.668000000000006,10.255,7.2525,10.8,4.684,PM2.5,22-25 °C,acima de 85%
2022,1,2022-01-01,Centro-Oeste,MT,Cuiabá,54.12,104.43,24.92,0.99,44.44,19.4,85.2,93.4,Ruim,Jan,1,Verão,True,48.708,26.1075,6.23,7.92,4.444,PM2.5,até 22 °C,acima de 85%
2022,1,2022-01-01,Centro-Oeste,MS,Campo Grande,22.57,99.34,25.99,1.28,61.97,22.3,86.9,68.06,Moderada,Jan,1,Verão,False,20.313000000000002,24.835,6.4975,10.24,6.197,PM10,22-25 °C,acima de 85%
2022,1,2022-01-01,Sudeste,SP,São Paulo,24.53,85.24,12.27,1.44,56.07,24.1,60.9,63.59,Moderada,Jan,1,Verão,False,22.077,21.31,3.0675,11.52,5.607,PM2.5,22-25 °C,55-70%
2022,1,2022-01-01,Sudeste,SP,Campinas,29.74,82.99,18.97,0.91,36.3,26.0,70.6,63.16,Moderada,Jan,1,Verão,False,26.766,20.7475,4.7425,7.28,3.63,PM2.5,25-28 °C,70-85%
2022,1,2022-01-01,Sudeste,SP,Ribeirão Preto,45.62,81.41,29.8,1.68,18.52,25.7,72.6,84.11,Ruim,Jan,1,Verão,True,41.058,20.3525,7.45,13.44,1.852,PM2.5,25-28 °C,70-85%
2022,1,2022-01-01,Sudeste,RJ,Rio de Janeiro,29.27,81.07,26.56,0.72,30.61,23.0,46.2,62.07,Moderada,Jan,1,Verão,False,26.343,20.2675,6.64,5.76,3.061,PM2.5,22-25 °C,até 55%
2022,1,2022-01-01,Sudeste,RJ,Niterói,42.34,58.49,22.36,0.91,25.72,23.7,87.9,68.14,Moderada,Jan,1,Verão,False,38.106,14.6225,5.59,7.28,2.572,PM2.5,22-25 °C,acima de 85%
2022,1,2022-01-01,Sudeste,RJ,Nova Iguaçu,46.71,32.17,24.98,1.09,36.0,27.1,43.4,68.67,Moderada,Jan,1,Verão,False,42.039,8.0425,6.245,8.72,3.6,PM2.5,25-28 °C,até 55%
2022,1,2022-01-01,Sudeste,RJ,Petrópolis,32.2,105.38,20.85,1.6,30.5,25.8,93.0,76.38,Moderada,Jan,1,Verão,False,28.980000000000004,26.345,5.2125,12.8,3.0500000000000003,PM2.5,25-28 °C,acima de 85%
2022,1,2022-01-01,Sudeste,MG,Belo Horizonte,35.07,37.71,24.44,1.55,27.73,28.8,75.7,62.31,Moderada,Jan,1,Verão,False,31.563000000000002,9.4275,6.11,12.4,2.773,PM2.5,acima de 28 °C,70-85%
2022,1,2022-01-01,Sudeste,MG,Uberlândia,44.6,34.62,24.81,1.59,33.27,24.4,70.0,71.06,Moderada,Jan,1,Verão,False,40.14,8.655,6.2025,12.72,3.3270000000000004,PM2.5,22-25 °C,55-70%
2022,1,2022-01-01,Sudeste,MG,Juiz de Fora,35.45,47.19,24.78,1.18,45.0,26.7,93.8,63.87,Moderada,Jan,1,Verão,False,31.905000000000005,11.7975,6.195,9.44,4.5,PM2.5,25-28 °C,acima de 85%
2022,1,2022-01-01,Sudeste,ES,Vitória,39.34,63.66,40.07,0.95,34.82,26.2,79.3,72.39,Moderada,Jan,1,Verão,False,35.406000000000006,15.915,10.0175,7.6,3.482,PM2.5,25-28 °C,70-85%
2022,1,2022-01-01,Sudeste,ES,Vila Velha,49.58,82.53,30.67,0.58,39.77,21.8,68.9,81.51,Ruim,Jan,1,Verão,True,44.622,20.6325,7.6675,4.64,3.9770000000000003,PM2.5,até 22 °C,55-70%
2022,1,2022-01-01,Sudeste,ES,Serra,35.41,73.85,24.2,0.71,26.95,27.6,77.8,64.72,Moderada,Jan,1,Verão,False,31.868999999999996,18.4625,6.05,5.68,2.6950000000000003,PM2.5,25-28 °C,70-85%
2022,1,2022-01-01,Sul,PR,Curitiba,34.05,68.79,20.34,1.05,37.41,21.4,53.5,65.06,Moderada,Jan,1,Verão,False,30.645,17.1975,5.085,8.4,3.7409999999999997,PM2.5,até 22 °C,até 55%
2022,1,2022-01-01,Sul,PR,Londrina,24.9,114.11,28.91,1.28,43.6,27.1,78.2,72.76,Moderada,Jan,1,Verão,False,22.41,28.5275,7.2275,10.24,4.36,PM10,25-28 °C,70-85%
2022,1,2022-01-01,Sul,SC,Florianópolis,31.32,75.24,50.5,0.61,44.66,21.1,47.2,68.97,Moderada,Jan,1,Verão,False,28.188000000000002,18.81,12.625,4.88,4.466,PM2.5,até 22 °C,até 55%
2022,1,2022-01-01,Sul,SC,Joinville,38.98,31.12,22.76,0.47,40.62,24.4,68.5,56.4,Moderada,Jan,1,Verão,False,35.082,7.78,5.69,3.76,4.062,PM2.5,22-25 °C,55-70%
2022,1,2022-01-01,Sul,RS,Porto Alegre,30.35,66.28,17.81,0.71,28.07,24.6,94.8,56.79,Moderada,Jan,1,Verão,False,27.315,16.57,4.4525,5.68,2.8070000000000004,PM2.5,22-25 °C,acima de 85%
2022,1,2022-01-01,Sul,RS,Caxias do Sul,15.54,79.48,19.26,1.62,21.33,22.3,91.9,53.73,Moderada,Jan,1,Verão,False,13.985999999999999,19.87,4.815,12.96,2.133,PM10,22-25 °C,acima de 85%
2022,2,2022-02-01,Norte,AM,Manaus,36.57,62.04,20.22,1.05,37.33,23.0,87.5,65.57,Moderada,Fev,1,Verão,False,32.913000000000004,15.51,5.055,8.4,3.733,PM2.5,22-25 °C,acima de 85%
2022,2,2022-02-01,Norte,PA,Belém,41.37,79.37,22.5,0.81,31.45,21.6,52.2,72.31,Moderada,Fev,1,Verão,False,37.233,19.8425,5.625,6.48,3.145,PM2.5,até 22 °C,até 55%
2022,2,2022-02-01,Norte,PA,Santarém,41.85,70.33,31.37,1.18,44.14,26.2,63.2,76.96,Moderada,Fev,1,Verão,False,37.665,17.5825,7.8425,9.44,4.414000000000001,PM2.5,25-28 °C,55-70%
2022,2,2022-02-01,Norte,RO,Porto Velho,48.72,59.86,32.19,1.65,43.36,25.9,94.1,84.42,Ruim,Fev,1,Verão,True,43.848,14.965,8.0475,13.2,4.336,PM2.5,25-28 °C,acima de 85%
2022,2,2022-02-01,Norte,TO,Palmas,26.75,50.61,29.35,0.67,34.87,23.7,80.2,52.93,Moderada,Fev,1,Verão,False,24.075,12.6525,7.3375,5.36,3.487,PM2.5,22-25 °C,70-85%
2022,2,2022-02-01,Nordeste,BA,Salvador,32.01,93.6,5.08,1.6,48.43,24.9,58.8,71.15,Moderada,Fev,1,Verão,False,28.808999999999997,23.4,1.27,12.8,4.843,PM2.5,22-25 °C,55-70%
2022,2,2022-02-01,Nordeste,BA,Feira de Santana,40.49,79.42,33.39,0.39,30.84,25.7,74.9,70.81,Moderada,Fev,1,Verão,False,36.441,19.855,8.3475,3.12,3.084,PM2.5,25-28 °C,70-85%
2022,2,2022-02-01,Nordeste,PE,Recife,45.14,45.85,21.26,0.45,32.54,28.9,63.7,64.25,Moderada,Fev,1,Verão,False,40.626000000000005,11.4625,5.315,3.6,3.254,PM2.5,acima de 28 °C,55-70%
2022,2,2022-02-01,Nordeste,PE,Jaboatão dos Guararapes,34.89,55.54,22.39,1.13,45.66,19.0,93.4,64.53,Moderada,Fev,1,Verão,False,31.401,13.885,5.5975,9.04,4.566,PM2.5,até 22 °C,acima de 85%
2022,2,2022-02-01,Nordeste,CE,Fortaleza,23.77,72.5,30.35,1.31,41.72,25.2,80.5,61.78,Moderada,Fev,1,Verão,False,21.393,18.125,7.5875,10.48,4.172,PM2.5,25-28 °C,70-85%
2022,2,2022-02-01,Nordeste,CE,Juazeiro do Norte,22.36,105.97,39.39,1.58,51.21,27.3,76.0,74.21,Moderada,Fev,1,Verão,False,20.124,26.4925,9.8475,12.64,5.121,PM10,25-28 °C,70-85%
2022,2,2022-02-01,Nordeste,MA,São Luís,44.39,58.81,31.32,1.64,28.72,24.7,67.2,78.46,Moderada,Fev,1,Verão,False,39.951,14.7025,7.83,13.12,2.872,PM2.5,22-25 °C,55-70%
2022,2,2022-02-01,Nordeste,PB,João Pessoa,32.01,41.78,31.78,0.37,36.64,21.9,91.5,53.82,Moderada,Fev,1,Verão,False,28.808999999999997,10.445,7.945,2.96,3.664,PM2.5,até 22 °C,acima de 85%
2022,2,2022-02-01,Centro-Oeste,DF,Brasília,38.29,49.26,15.85,0.81,57.62,28.9,76.7,63.0,Moderada,Fev,1,Verão,False,34.461,12.315,3.9625,6.48,5.7620000000000005,PM2.5,acima de 28 °C,70-85%
2022,2,2022-02-01,Centro-Oeste,GO,Goiânia,31.09,54.76,32.11,1.42,27.16,25.5,76.3,63.8,Moderada,Fev,1,Verão,False,27.981,13.69,8.0275,11.36,2.716,PM2.5,25-28 °C,70-85%
2022,2,2022-02-01,Centro-Oeste,GO,Aparecida de Goiânia,43.51,62.71,16.18,0.87,52.63,25.8,68.7,71.08,Moderada,Fev,1,Verão,False,39.159,15.6775,4.045,6.96,5.263000000000001,PM2.5,25-28 °C,55-70%
2022,2,2022-02-01,Centro-Oeste,MT,Cuiabá,33.42,71.43,29.31,1.02,30.31,21.7,51.0,66.41,Moderada,Fev,1,Verão,False,30.078000000000003,17.8575,7.3275,8.16,3.031,PM2.5,até 22 °C,até 55%
2022,2,2022-02-01,Centro-Oeste,MS,Campo Grande,25.17,67.47,13.77,1.12,34.73,22.8,73.9,55.41,Moderada,Fev,1,Verão,False,22.653000000000002,16.8675,3.4425,8.96,3.473,PM2.5,22-25 °C,70-85%
2022,2,2022-02-01,Sudeste,SP,São Paulo,38.75,70.23,34.11,1.8,29.05,23.4,75.7,78.23,Moderada,Fev,1,Verão,False,34.875,17.5575,8.5275,14.4,2.9050000000000002,PM2.5,22-25 °C,70-85%
2022,2,2022-02-01,Sudeste,SP,Campinas,42.06,57.01,21.89,1.64,46.18,27.9,48.8,75.33,Moderada,Fev,1,Verão,False,37.854000000000006,14.2525,5.4725,13.12,4.618,PM2.5,25-28 °C,até 55%
2022,2,2022-02-01,Sudeste,SP,Ribeirão Preto,35.28,81.42,12.76,1.68,44.45,22.0,87.7,73.16,Moderada,Fev,1,Verão,False,31.752000000000002,20.355,3.19,13.44,4.445,PM2.5,até 22 °C,acima de 85%
2022,2,2022-02-01,Sudeste,RJ,Rio de Janeiro,37.95,73.41,20.68,0.56,32.01,23.0,76.3,65.36,Moderada,Fev,1,Verão,False,34.155,18.3525,5.17,4.48,3.201,PM2.5,22-25 °C,70-85%
2022,2,2022-02-01,Sudeste,RJ,Niterói,31.3,75.4,30.06,1.05,43.94,25.2,51.7,67.34,Moderada,Fev,1,Verão,False,28.17,18.85,7.515,8.4,4.394,PM2.5,25-28 °C,até 55%
2022,2,2022-02-01,Sudeste,RJ,Nova Iguaçu,46.97,84.08,27.38,0.5,41.37,27.5,69.3,78.24,Moderada,Fev,1,Verão,False,42.273,21.02,6.845,4.0,4.137,PM2.5,25-28 °C,55-70%
2022,2,2022-02-01,Sudeste,RJ,Petrópolis,25.95,58.7,30.02,1.28,36.29,22.2,61.5,59.41,Moderada,Fev,1,Verão,False,23.355,14.675,7.505,10.24,3.629,PM2.5,22-25 °C,55-70%
2022,2,2022-02-01,Sudeste,MG,Belo Horizonte,5.69,85.4,24.64,1.07,42.1,22.3,49.8,45.37,Boa,Fev,1,Verão,False,5.121,21.35,6.16,8.56,4.21,PM10,22-25 °C,até 55%
2022,2,2022-02-01,Sudeste,MG,Uberlândia,27.4,75.11,19.23,0.9,46.99,24.3,56.8,60.15,Moderada,Fev,1,Verão,False,24.66,18.7775,4.8075,7.2,4.699000000000001,PM2.5,22-25 °C,55-70%
2022,2,2022-02-01,Sudeste,MG,Juiz de Fora,34.82,91.87,19.41,1.76,54.4,23.6,45.5,78.68,Moderada,Fev,1,Verão,False,31.338,22.9675,4.8525,14.08,5.44,PM2.5,22-25 °C,até 55%
2022,2,2022-02-01,Sudeste,ES,Vitória,24.11,79.26,15.63,1.26,22.77,20.0,48.5,57.81,Moderada,Fev,1,Verão,False,21.699,19.815,3.9075,10.08,2.277,PM2.5,até 22 °C,até 55%
2022,2,2022-02-01,Sudeste,ES,Vila Velha,29.26,57.69,40.56,0.76,42.43,26.3,71.4,61.25,Moderada,Fev,1,Verão,False,26.334000000000003,14.4225,10.14,6.08,4.243,PM2.5,25-28 °C,70-85%
2022,2,2022-02-01,Sudeste,ES,Serra,31.02,57.35,17.99,1.41,43.93,22.6,42.6,62.4,Moderada,Fev,1,Verão,False,27.918,14.3375,4.4975,11.28,4.393,PM2.5,22-25 °C,até 55%
2022,2,2022-02-01,Sul,PR,Curitiba,40.41,57.34,15.62,1.24,38.29,25.6,47.9,68.35,Moderada,Fev,1,Verão,False,36.369,14.335,3.905,9.92,3.829,PM2.5,25-28 °C,até 55%
2022,2,2022-02-01,Sul,PR,Londrina,21.48,38.0,32.48,1.38,51.62,25.7,75.0,53.14,Moderada,Fev,1,Verão,False,19.332,9.5,8.12,11.04,5.162,PM2.5,25-28 °C,70-85%
2022,2,2022-02-01,Sul,SC,Florianópolis,38.46,65.26,19.42,0.83,36.63,27.5,61.4,66.12,Moderada,Fev,1,Verão,False,34.614000000000004,16.315,4.855,6.64,3.6630000000000003,PM2.5,25-28 °C,55-70%
2022,2,2022-02-01,Sul,SC,Joinville,30.29,62.91,22.09,1.07,30.66,29.3,68.4,60.16,Moderada,Fev,1,Verão,False,27.261,15.7275,5.5225,8.56,3.0660000000000003,PM2.5,acima de 28 °C,55-70%
2022,2,2022-02-01,Sul,RS,Porto Alegre,30.04,108.52,13.74,0.46,15.1,22.2,84.8,62.77,Moderada,Fev,1,Verão,False,27.036,27.13,3.435,3.68,1.51,PM10,22-25 °C,70-85%
2022,2,2022-02-01,Sul,RS,Caxias do Sul,43.08,78.04,26.38,0.41,32.39,27.2,58.5,71.37,Moderada,Fev,1,Verão,False,38.772,19.51,6.595,3.28,3.2390000000000003,PM2.5,25-28 °C,55-70%
2022,3,2022-03-01,Norte,AM,Manaus,22.54,57.49,30.77,0.68,53.51,27.2,46.3,53.18,Moderada,Mar,1,Outono,False,20.286,14.3725,7.6925,5.44,5.351,PM2.5,25-28 °C,até 55%
2022,3,2022-03-01,Norte,PA,Belém,34.17,84.02,27.17,1.5,42.75,22.9,74.0,74.81,Moderada,Mar,1,Outono,False,30.753000000000004,21.005,6.7925,12.0,4.275,PM2.5,22-25 °C,70-85%
2022,3,2022-03-01,Norte,PA,Santarém,50.55,71.56,19.68,1.64,41.12,23.6,56.5,85.51,Ruim,Mar,1,Outono,True,45.495,17.89,4.92,13.12,4.112,PM2.5,22-25 °C,55-70%
2022,3,2022-03-01,Norte,RO,Porto Velho,35.66,75.55,20.23,1.13,52.21,25.5,81.8,70.32,Moderada,Mar,1,Outono,False,32.094,18.8875,5.0575,9.04,5.221,PM2.5,25-28 °C,70-85%
2022,3,2022-03-01,Norte,TO,Palmas,40.27,83.05,18.1,0.52,16.15,26.6,60.4,67.32,Moderada,Mar,1,Outono,False,36.243,20.7625,4.525,4.16,1.615,PM2.5,25-28 °C,55-70%
2022,3,2022-03-01,Nordeste,BA,Salvador,39.4,91.01,18.43,0.39,25.32,26.5,72.0,68.44,Moderada,Mar,1,Outono,False,35.46,22.7525,4.6075,3.12,2.532,PM2.5,25-28 °C,70-85%
2022,3,2022-03-01,Nordeste,BA,Feira de Santana,29.55,63.76,30.36,0.42,38.79,28.0,42.3,57.37,Moderada,Mar,1,Outono,False,26.595000000000002,15.94,7.59,3.36,3.879,PM2.5,25-28 °C,até 55%
2022,3,2022-03-01,Nordeste,PE,Recife,46.0,60.84,50.16,1.44,24.02,19.7,69.2,83.08,Ruim,Mar,1,Outono,True,41.4,15.21,12.54,11.52,2.402,PM2.5,até 22 °C,55-70%
2022,3,2022-03-01,Nordeste,PE,Jaboatão dos Guararapes,32.99,61.37,35.13,0.86,51.29,26.5,54.2,65.82,Moderada,Mar,1,Outono,False,29.691000000000003,15.3425,8.7825,6.88,5.1290000000000004,PM2.5,25-28 °C,até 55%
2022,3,2022-03-01,Nordeste,CE,Fortaleza,30.71,66.26,21.22,1.63,29.67,22.2,72.4,65.5,Moderada,Mar,1,Outono,False,27.639000000000003,16.565,5.305,13.04,2.9670000000000005,PM2.5,22-25 °C,70-85%
2022,3,2022-03-01,Nordeste,CE,Juazeiro do Norte,39.28,66.19,28.31,1.44,39.31,23.9,44.2,74.41,Moderada,Mar,1,Outono,False,35.352000000000004,16.5475,7.0775,11.52,3.9310000000000005,PM2.5,22-25 °C,até 55%
2022,3,2022-03-01,Nordeste,MA,São Luís,33.56,95.48,27.87,0.34,41.85,25.4,49.4,67.97,Moderada,Mar,1,Outono,False,30.204000000000004,23.87,6.9675,2.72,4.1850000000000005,PM2.5,25-28 °C,até 55%
2022,3,2022-03-01,Nordeste,PB,João Pessoa,29.24,92.48,32.77,0.63,42.9,24.0,73.6,66.96,Moderada,Mar,1,Outono,False,26.316,23.12,8.1925,5.04,4.29,PM2.5,22-25 °C,70-85%
2022,3,2022-03-01,Centro-Oeste,DF,Brasília,40.79,92.52,24.54,0.82,40.97,23.6,59.5,76.6,Moderada,Mar,1,Outono,False,36.711,23.13,6.135,6.56,4.097,PM2.5,22-25 °C,55-70%
2022,3,2022-03-01,Centro-Oeste,GO,Goiânia,34.64,28.79,12.56,0.87,42.8,21.8,67.1,52.73,Moderada,Mar,1,Outono,False,31.176000000000002,7.1975,3.14,6.96,4.28,PM2.5,até 22 °C,55-70%
2022,3,2022-03-01,Centro-Oeste,GO,Aparecida de Goiânia,34.96,83.24,17.1,0.5,35.52,26.5,75.6,64.13,Moderada,Mar,1,Outono,False,31.464000000000002,20.81,4.275,4.0,3.5520000000000005,PM2.5,25-28 °C,70-85%
2022,3,2022-03-01,Centro-Oeste,MT,Cuiabá,29.25,71.36,36.57,1.68,56.25,24.9,42.1,72.35,Moderada,Mar,1,Outono,False,26.325,17.84,9.1425,13.44,5.625,PM2.5,22-25 °C,até 55%
2022,3,2022-03-01,Centro-Oeste,MS,Campo Grande,31.98,93.57,9.41,1.39,40.19,25.8,59.2,69.62,Moderada,Mar,1,Outono,False,28.782,23.3925,2.3525,11.12,4.019,PM2.5,25-28 °C,55-70%
2022,3,2022-03-01,Sudeste,SP,São Paulo,43.62,38.25,21.27,0.6,35.29,26.1,60.5,62.44,Moderada,Mar,1,Outono,False,39.257999999999996,9.5625,5.3175,4.8,3.529,PM2.5,25-28 °C,55-70%
2022,3,2022-03-01,Sudeste,SP,Campinas,35.4,58.09,23.14,1.2,35.93,23.3,81.3,65.4,Moderada,Mar,1,Outono,False,31.86,14.5225,5.785,9.6,3.593,PM2.5,22-25 °C,70-85%
2022,3,2022-03-01,Sudeste,SP,Ribeirão Preto,37.32,54.33,30.52,1.31,12.22,29.2,78.3,66.49,Moderada,Mar,1,Outono,False,33.588,13.5825,7.63,10.48,1.2220000000000002,PM2.5,acima de 28 °C,70-85%
2022,3,2022-03-01,Sudeste,RJ,Rio de Janeiro,52.15,80.55,16.48,0.58,43.67,24.8,90.7,80.23,Ruim,Mar,1,Outono,True,46.935,20.1375,4.12,4.64,4.367,PM2.5,22-25 °C,acima de 85%
2022,3,2022-03-01,Sudeste,RJ,Niterói,37.82,71.07,23.65,1.37,41.07,32.5,55.7,72.77,Moderada,Mar,1,Outono,False,34.038000000000004,17.7675,5.9125,10.96,4.107,PM2.5,acima de 28 °C,55-70%
2022,3,2022-03-01,Sudeste,RJ,Nova Iguaçu,23.44,77.21,28.48,1.24,43.72,30.4,72.6,61.79,Moderada,Mar,1,Outono,False,21.096,19.3025,7.12,9.92,4.372,PM2.5,acima de 28 °C,70-85%
2022,3,2022-03-01,Sudeste,RJ,Petrópolis,35.66,67.01,26.84,0.54,40.88,23.8,66.9,63.93,Moderada,Mar,1,Outono,False,32.094,16.7525,6.71,4.32,4.088,PM2.5,22-25 °C,55-70%
2022,3,2022-03-01,Sudeste,MG,Belo Horizonte,28.42,101.23,18.01,1.16,44.32,23.3,45.3,69.11,Moderada,Mar,1,Outono,False,25.578000000000003,25.3075,4.5025,9.28,4.432,PM2.5,22-25 °C,até 55%
2022,3,2022-03-01,Sudeste,MG,Uberlândia,32.53,34.82,27.52,0.63,41.4,23.3,67.7,54.05,Moderada,Mar,1,Outono,False,29.277,8.705,6.88,5.04,4.14,PM2.5,22-25 °C,55-70%
2022,3,2022-03-01,Sudeste,MG,Juiz de Fora,22.52,80.77,11.23,1.58,41.76,23.3,48.0,60.08,Moderada,Mar,1,Outono,False,20.268,20.1925,2.8075,12.64,4.176,PM2.5,22-25 °C,até 55%
2022,3,2022-03-01,Sudeste,ES,Vitória,22.45,68.37,39.75,1.06,61.13,24.3,50.4,61.84,Moderada,Mar,1,Outono,False,20.205,17.0925,9.9375,8.48,6.113,PM2.5,22-25 °C,até 55%
2022,3,2022-03-01,Sudeste,ES,Vila Velha,39.37,68.9,23.77,1.31,35.4,23.1,60.9,72.61,Moderada,Mar,1,Outono,False,35.433,17.225,5.9425,10.48,3.54,PM2.5,22-25 °C,55-70%
2022,3,2022-03-01,Sudeste,ES,Serra,42.83,72.98,13.0,0.55,24.26,26.4,75.1,66.85,Moderada,Mar,1,Outono,False,38.547,18.245,3.25,4.4,2.426,PM2.5,25-28 °C,70-85%
2022,3,2022-03-01,Sul,PR,Curitiba,28.8,102.9,26.35,1.5,40.61,29.5,90.7,74.28,Moderada,Mar,1,Outono,False,25.92,25.725,6.5875,12.0,4.061,PM2.5,acima de 28 °C,acima de 85%
2022,3,2022-03-01,Sul,PR,Londrina,40.3,85.56,31.87,1.09,40.01,23.8,48.2,78.34,Moderada,Mar,1,Outono,False,36.269999999999996,21.39,7.9675,8.72,4.001,PM2.5,22-25 °C,até 55%
2022,3,2022-03-01,Sul,SC,Florianópolis,43.23,53.5,32.64,0.43,46.85,26.3,70.2,68.61,Moderada,Mar,1,Outono,False,38.907,13.375,8.16,3.44,4.6850000000000005,PM2.5,25-28 °C,70-85%
2022,3,2022-03-01,Sul,SC,Joinville,21.8,76.44,33.96,1.63,32.63,24.5,79.3,63.54,Moderada,Mar,1,Outono,False,19.62,19.11,8.49,13.04,3.2630000000000003,PM2.5,22-25 °C,70-85%
2022,3,2022-03-01,Sul,RS,Porto Alegre,31.31,72.84,15.42,0.82,25.78,27.9,53.6,59.37,Moderada,Mar,1,Outono,False,28.179,18.21,3.855,6.56,2.5780000000000003,PM2.5,25-28 °C,até 55%
2022,3,2022-03-01,Sul,RS,Caxias do Sul,33.12,79.39,27.84,0.77,36.54,25.6,70.4,66.43,Moderada,Mar,1,Outono,False,29.808,19.8475,6.96,6.16,3.654,PM2.5,25-28 °C,70-85%
2022,4,2022-04-01,Norte,AM,Manaus,29.62,61.76,24.57,1.51,66.36,21.5,83.6,66.98,Moderada,Abr,2,Outono,False,26.658,15.44,6.1425,12.08,6.636,PM2.5,até 22 °C,70-85%
2022,4,2022-04-01,Norte,PA,Belém,26.03,65.78,24.13,0.4,35.17,22.6,87.8,52.63,Moderada,Abr,2,Outono,False,23.427000000000003,16.445,6.0325,3.2,3.5170000000000003,PM2.5,22-25 °C,acima de 85%
2022,4,2022-04-01,Norte,PA,Santarém,36.96,19.2,28.66,0.35,37.96,21.7,86.6,51.82,Moderada,Abr,2,Outono,False,33.264,4.8,7.165,2.8,3.7960000000000003,PM2.5,até 22 °C,acima de 85%
2022,4,2022-04-01,Norte,RO,Porto Velho,23.79,62.92,19.98,1.57,30.76,27.9,56.4,57.8,Moderada,Abr,2,Outono,False,21.411,15.73,4.995,12.56,3.0760000000000005,PM2.5,25-28 °C,55-70%
2022,4,2022-04-01,Norte,TO,Palmas,20.17,55.87,16.13,1.69,33.08,33.2,58.7,52.99,Moderada,Abr,2,Outono,False,18.153000000000002,13.9675,4.0325,13.52,3.308,PM2.5,acima de 28 °C,55-70%
2022,4,2022-04-01,Nordeste,BA,Salvador,41.69,73.65,34.82,0.43,45.09,24.2,76.8,72.6,Moderada,Abr,2,Outono,False,37.521,18.4125,8.705,3.44,4.509,PM2.5,22-25 °C,70-85%
2022,4,2022-04-01,Nordeste,BA,Feira de Santana,50.82,116.86,27.26,1.0,71.39,21.8,82.6,96.87,Ruim,Abr,2,Outono,True,45.738,29.215,6.815,8.0,7.139,PM2.5,até 22 °C,70-85%
2022,4,2022-04-01,Nordeste,PE,Recife,33.13,79.57,22.91,1.5,35.96,27.1,80.5,70.99,Moderada,Abr,2,Outono,False,29.817000000000004,19.8925,5.7275,12.0,3.596,PM2.5,25-28 °C,70-85%
2022,4,2022-04-01,Nordeste,PE,Jaboatão dos Guararapes,27.92,81.97,36.08,0.49,36.37,26.2,92.9,62.19,Moderada,Abr,2,Outono,False,25.128000000000004,20.4925,9.02,3.92,3.637,PM2.5,25-28 °C,acima de 85%
2022,4,2022-04-01,Nordeste,CE,Fortaleza,23.24,65.4,25.0,0.89,28.12,27.2,52.2,53.47,Moderada,Abr,2,Outono,False,20.916,16.35,6.25,7.12,2.8120000000000003,PM2.5,25-28 °C,até 55%
2022,4,2022-04-01,Nordeste,CE,Juazeiro do Norte,37.06,48.68,24.47,0.84,41.42,22.6,63.8,62.54,Moderada,Abr,2,Outono,False,33.354000000000006,12.17,6.1175,6.72,4.142,PM2.5,22-25 °C,55-70%
2022,4,2022-04-01,Nordeste,MA,São Luís,42.18,97.54,27.54,0.38,43.13,23.8,76.5,76.58,Moderada,Abr,2,Outono,False,37.962,24.385,6.885,3.04,4.313000000000001,PM2.5,22-25 °C,70-85%
2022,4,2022-04-01,Nordeste,PB,João Pessoa,34.87,92.24,17.62,1.24,41.66,23.3,82.0,72.91,Moderada,Abr,2,Outono,False,31.383,23.06,4.405,9.92,4.1659999999999995,PM2.5,22-25 °C,70-85%
2022,4,2022-04-01,Centro-Oeste,DF,Brasília,36.09,100.47,33.21,1.16,24.73,20.8,88.2,77.63,Moderada,Abr,2,Outono,False,32.481,25.1175,8.3025,9.28,2.4730000000000003,PM2.5,até 22 °C,acima de 85%
2022,4,2022-04-01,Centro-Oeste,GO,Goiânia,41.63,34.81,37.63,0.36,28.6,22.7,63.2,61.31,Moderada,Abr,2,Outono,False,37.467000000000006,8.7025,9.4075,2.88,2.8600000000000003,PM2.5,22-25 °C,55-70%
2022,4,2022-04-01,Centro-Oeste,GO,Aparecida de Goiânia,22.45,61.72,33.49,0.89,49.84,28.1,75.8,56.11,Moderada,Abr,2,Outono,False,20.205,15.43,8.3725,7.12,4.984000000000001,PM2.5,acima de 28 °C,70-85%
2022,4,2022-04-01,Centro-Oeste,MT,Cuiabá,33.97,81.57,26.68,1.7,46.05,20.7,68.5,75.8,Moderada,Abr,2,Outono,False,30.573,20.3925,6.67,13.6,4.6049999999999995,PM2.5,até 22 °C,55-70%
2022,4,2022-04-01,Centro-Oeste,MS,Campo Grande,42.82,51.12,31.37,0.43,55.69,27.4,49.3,68.19,Moderada,Abr,2,Outono,False,38.538000000000004,12.78,7.8425,3.44,5.569,PM2.5,25-28 °C,até 55%
2022,4,2022-04-01,Sudeste,SP,São Paulo,31.05,27.41,26.22,1.13,28.07,23.1,59.0,53.18,Moderada,Abr,2,Outono,False,27.945,6.8525,6.555,9.04,2.8070000000000004,PM2.5,22-25 °C,55-70%
2022,4,2022-04-01,Sudeste,SP,Campinas,42.53,99.25,6.65,0.66,38.65,19.8,94.2,73.91,Moderada,Abr,2,Outono,False,38.277,24.8125,1.6625,5.28,3.865,PM2.5,até 22 °C,acima de 85%
2022,4,2022-04-01,Sudeste,SP,Ribeirão Preto,18.52,69.92,32.79,1.6,47.54,24.8,84.9,59.91,Moderada,Abr,2,Outono,False,16.668,17.48,8.1975,12.8,4.7540000000000004,PM10,22-25 °C,70-85%
2022,4,2022-04-01,Sudeste,RJ,Rio de Janeiro,28.59,73.13,23.05,1.5,36.56,27.7,45.7,65.4,Moderada,Abr,2,Outono,False,25.731,18.2825,5.7625,12.0,3.6560000000000006,PM2.5,25-28 °C,até 55%
2022,4,2022-04-01,Sudeste,RJ,Niterói,23.82,112.75,31.31,1.25,42.29,25.6,62.4,71.72,Moderada,Abr,2,Outono,False,21.438000000000002,28.1875,7.8275,10.0,4.229,PM10,25-28 °C,55-70%
2022,4,2022-04-01,Sudeste,RJ,Nova Iguaçu,33.83,74.26,23.23,0.85,22.17,25.5,77.2,63.87,Moderada,Abr,2,Outono,False,30.447,18.565,5.8075,6.8,2.217,PM2.5,25-28 °C,70-85%
2022,4,2022-04-01,Sudeste,RJ,Petrópolis,43.92,102.13,32.36,0.79,39.86,26.1,44.4,83.46,Ruim,Abr,2,Outono,True,39.528000000000006,25.5325,8.09,6.32,3.986,PM2.5,25-28 °C,até 55%
2022,4,2022-04-01,Sudeste,MG,Belo Horizonte,31.65,70.13,32.4,1.63,34.82,24.7,64.3,70.67,Moderada,Abr,2,Outono,False,28.485,17.5325,8.1,13.04,3.482,PM2.5,22-25 °C,55-70%
2022,4,2022-04-01,Sudeste,MG,Uberlândia,40.88,79.82,16.98,0.62,35.1,28.1,55.8,69.43,Moderada,Abr,2,Outono,False,36.792,19.955,4.245,4.96,3.5100000000000002,PM2.5,acima de 28 °C,55-70%
2022,4,2022-04-01,Sudeste,MG,Juiz de Fora,35.27,72.86,27.57,1.03,37.94,24.0,91.3,68.88,Moderada,Abr,2,Outono,False,31.743000000000002,18.215,6.8925,8.24,3.794,PM2.5,22-25 °C,acima de 85%
2022,4,2022-04-01,Sudeste,ES,Vitória,27.61,35.62,25.3,1.23,35.49,25.7,69.4,53.45,Moderada,Abr,2,Outono,False,24.849,8.905,6.325,9.84,3.5490000000000004,PM2.5,25-28 °C,55-70%
2022,4,2022-04-01,Sudeste,ES,Vila Velha,47.62,39.58,17.94,0.3,47.38,24.6,82.6,64.4,Moderada,Abr,2,Outono,False,42.858,9.895,4.485,2.4,4.738,PM2.5,22-25 °C,70-85%
2022,4,2022-04-01,Sudeste,ES,Serra,29.97,67.67,13.56,1.0,41.44,24.6,61.9,59.43,Moderada,Abr,2,Outono,False,26.973,16.9175,3.39,8.0,4.144,PM2.5,22-25 °C,55-70%
2022,4,2022-04-01,Sul,PR,Curitiba,37.97,84.87,23.79,1.49,42.66,23.5,41.5,77.56,Moderada,Abr,2,Outono,False,34.173,21.2175,5.9475,11.92,4.266,PM2.5,22-25 °C,até 55%
2022,4,2022-04-01,Sul,PR,Londrina,26.8,72.87,26.75,1.79,44.35,24.9,78.1,67.8,Moderada,Abr,2,Outono,False,24.12,18.2175,6.6875,14.32,4.4350000000000005,PM2.5,22-25 °C,70-85%
2022,4,2022-04-01,Sul,SC,Florianópolis,33.44,60.01,22.13,1.06,52.67,28.0,66.0,64.42,Moderada,Abr,2,Outono,False,30.096,15.0025,5.5325,8.48,5.267,PM2.5,25-28 °C,55-70%
2022,4,2022-04-01,Sul,SC,Joinville,54.1,64.16,29.81,1.01,25.6,21.7,65.4,82.84,Ruim,Abr,2,Outono,True,48.690000000000005,16.04,7.4525,8.08,2.5600000000000005,PM2.5,até 22 °C,55-70%
2022,4,2022-04-01,Sul,RS,Porto Alegre,35.22,77.19,33.15,1.49,58.44,23.6,70.6,77.07,Moderada,Abr,2,Outono,False,31.698,19.2975,8.2875,11.92,5.844,PM2.5,22-25 °C,70-85%
2022,4,2022-04-01,Sul,RS,Caxias do Sul,44.71,67.69,38.22,0.62,52.72,23.9,57.0,76.93,Moderada,Abr,2,Outono,False,40.239000000000004,16.9225,9.555,4.96,5.272,PM2.5,22-25 °C,55-70%
2022,5,2022-05-01,Norte,AM,Manaus,30.89,106.46,30.22,1.72,33.3,22.5,67.2,79.08,Moderada,Mai,2,Outono,False,27.801000000000002,26.615,7.555,13.76,3.33,PM2.5,22-25 °C,55-70%
2022,5,2022-05-01,Norte,PA,Belém,41.25,38.5,16.21,1.7,60.39,24.5,65.5,70.41,Moderada,Mai,2,Outono,False,37.125,9.625,4.0525,13.6,6.039000000000001,PM2.5,22-25 °C,55-70%
2022,5,2022-05-01,Norte,PA,Santarém,22.6,76.69,18.15,0.46,28.74,25.6,41.8,50.63,Moderada,Mai,2,Outono,False,20.340000000000003,19.1725,4.5375,3.68,2.874,PM2.5,25-28 °C,até 55%
2022,5,2022-05-01,Norte,RO,Porto Velho,28.86,48.97,28.15,1.57,31.35,26.5,41.4,60.91,Moderada,Mai,2,Outono,False,25.974,12.2425,7.0375,12.56,3.1350000000000002,PM2.5,25-28 °C,até 55%
2022,5,2022-05-01,Norte,TO,Palmas,28.62,55.76,31.6,1.04,44.15,27.2,92.8,60.37,Moderada,Mai,2,Outono,False,25.758000000000003,13.94,7.9,8.32,4.415,PM2.5,25-28 °C,acima de 85%
2022,5,2022-05-01,Nordeste,BA,Salvador,29.12,93.74,31.6,1.5,45.56,26.4,41.2,74.07,Moderada,Mai,2,Outono,False,26.208000000000002,23.435,7.9,12.0,4.556,PM2.5,25-28 °C,até 55%
2022,5,2022-05-01,Nordeste,BA,Feira de Santana,28.45,72.66,22.64,1.47,39.45,24.1,87.0,65.17,Moderada,Mai,2,Outono,False,25.605,18.165,5.66,11.76,3.9450000000000003,PM2.5,22-25 °C,acima de 85%
2022,5,2022-05-01,Nordeste,PE,Recife,44.9,52.86,33.08,1.37,36.24,23.3,89.4,76.48,Moderada,Mai,2,Outono,False,40.41,13.215,8.27,10.96,3.6240000000000006,PM2.5,22-25 °C,acima de 85%
2022,5,2022-05-01,Nordeste,PE,Jaboatão dos Guararapes,31.96,60.48,32.72,1.03,50.55,21.4,76.5,65.39,Moderada,Mai,2,Outono,False,28.764000000000003,15.12,8.18,8.24,5.055,PM2.5,até 22 °C,70-85%
2022,5,2022-05-01,Nordeste,CE,Fortaleza,29.8,59.58,23.7,1.75,49.86,27.9,94.9,66.62,Moderada,Mai,2,Outono,False,26.82,14.895,5.925,14.0,4.986000000000001,PM2.5,25-28 °C,acima de 85%
2022,5,2022-05-01,Nordeste,CE,Juazeiro do Norte,36.63,71.38,24.14,1.13,32.0,19.5,92.9,69.09,Moderada,Mai,2,Outono,False,32.967000000000006,17.845,6.035,9.04,3.2,PM2.5,até 22 °C,acima de 85%
2022,5,2022-05-01,Nordeste,MA,São Luís,36.86,75.32,25.69,1.14,34.47,26.9,94.1,70.95,Moderada,Mai,2,Outono,False,33.174,18.83,6.4225,9.12,3.447,PM2.5,25-28 °C,acima de 85%
2022,5,2022-05-01,Nordeste,PB,João Pessoa,24.67,104.31,18.69,0.32,47.62,26.8,84.6,60.27,Moderada,Mai,2,Outono,False,22.203000000000003,26.0775,4.6725,2.56,4.762,PM10,25-28 °C,70-85%
2022,5,2022-05-01,Centro-Oeste,DF,Brasília,32.94,62.15,25.54,1.6,42.02,26.7,91.3,68.54,Moderada,Mai,2,Outono,False,29.645999999999997,15.5375,6.385,12.8,4.202000000000001,PM2.5,25-28 °C,acima de 85%
2022,5,2022-05-01,Centro-Oeste,GO,Goiânia,41.5,74.13,26.79,1.15,36.2,21.8,69.7,75.38,Moderada,Mai,2,Outono,False,37.35,18.5325,6.6975,9.2,3.6200000000000006,PM2.5,até 22 °C,55-70%
2022,5,2022-05-01,Centro-Oeste,GO,Aparecida de Goiânia,48.67,67.91,19.71,0.56,39.02,28.7,41.1,74.1,Moderada,Mai,2,Outono,False,43.803000000000004,16.9775,4.9275,4.48,3.9020000000000006,PM2.5,acima de 28 °C,até 55%
2022,5,2022-05-01,Centro-Oeste,MT,Cuiabá,36.48,76.18,37.58,0.8,56.91,24.9,55.4,73.36,Moderada,Mai,2,Outono,False,32.832,19.045,9.395,6.4,5.691,PM2.5,22-25 °C,55-70%
2022,5,2022-05-01,Centro-Oeste,MS,Campo Grande,29.96,64.12,25.23,1.13,30.13,19.8,47.5,61.35,Moderada,Mai,2,Outono,False,26.964000000000002,16.03,6.3075,9.04,3.013,PM2.5,até 22 °C,até 55%
2022,5,2022-05-01,Sudeste,SP,São Paulo,38.12,58.77,16.7,0.54,51.63,24.7,77.6,62.62,Moderada,Mai,2,Outono,False,34.308,14.6925,4.175,4.32,5.163,PM2.5,22-25 °C,70-85%
2022,5,2022-05-01,Sudeste,SP,Campinas,27.38,83.24,24.94,0.38,46.32,23.4,80.6,59.32,Moderada,Mai,2,Outono,False,24.642,20.81,6.235,3.04,4.632000000000001,PM2.5,22-25 °C,70-85%
2022,5,2022-05-01,Sudeste,SP,Ribeirão Preto,31.98,83.98,22.95,0.83,17.41,21.5,80.8,63.9,Moderada,Mai,2,Outono,False,28.782,20.995,5.7375,6.64,1.741,PM2.5,até 22 °C,70-85%
2022,5,2022-05-01,Sudeste,RJ,Rio de Janeiro,39.8,85.77,26.56,0.54,36.33,21.0,83.5,71.82,Moderada,Mai,2,Outono,False,35.82,21.4425,6.64,4.32,3.633,PM2.5,até 22 °C,70-85%
2022,5,2022-05-01,Sudeste,RJ,Niterói,31.67,53.86,12.86,0.5,55.96,25.7,86.2,54.8,Moderada,Mai,2,Outono,False,28.503000000000004,13.465,3.215,4.0,5.596,PM2.5,25-28 °C,acima de 85%
2022,5,2022-05-01,Sudeste,RJ,Nova Iguaçu,29.48,65.86,34.4,1.38,42.12,28.0,49.9,66.85,Moderada,Mai,2,Outono,False,26.532,16.465,8.6,11.04,4.212,PM2.5,25-28 °C,até 55%
2022,5,2022-05-01,Sudeste,RJ,Petrópolis,34.98,60.84,19.43,0.71,24.97,25.1,61.8,59.72,Moderada,Mai,2,Outono,False,31.482,15.21,4.8575,5.68,2.497,PM2.5,25-28 °C,55-70%
2022,5,2022-05-01,Sudeste,MG,Belo Horizonte,25.87,47.05,37.11,0.46,47.02,23.2,48.0,52.67,Moderada,Mai,2,Outono,False,23.283,11.7625,9.2775,3.68,4.702000000000001,PM2.5,22-25 °C,até 55%
2022,5,2022-05-01,Sudeste,MG,Uberlândia,39.13,71.8,27.5,1.75,39.03,23.5,45.2,77.95,Moderada,Mai,2,Outono,False,35.217000000000006,17.95,6.875,14.0,3.9030000000000005,PM2.5,22-25 °C,até 55%
2022,5,2022-05-01,Sudeste,MG,Juiz de Fora,38.99,99.28,30.29,0.67,52.26,28.5,73.9,78.1,Moderada,Mai,2,Outono,False,35.091,24.82,7.5725,5.36,5.226,PM2.5,acima de 28 °C,70-85%
2022,5,2022-05-01,Sudeste,ES,Vitória,28.21,44.13,29.66,1.54,51.89,17.1,51.5,61.35,Moderada,Mai,2,Outono,False,25.389000000000003,11.0325,7.415,12.32,5.189,PM2.5,até 22 °C,até 55%
2022,5,2022-05-01,Sudeste,ES,Vila Velha,32.05,87.71,23.66,0.81,14.48,25.6,69.2,64.65,Moderada,Mai,2,Outono,False,28.845,21.9275,5.915,6.48,1.4480000000000002,PM2.5,25-28 °C,55-70%
2022,5,2022-05-01,Sudeste,ES,Serra,34.46,58.89,23.63,0.8,43.37,27.8,82.6,62.4,Moderada,Mai,2,Outono,False,31.014000000000003,14.7225,5.9075,6.4,4.337,PM2.5,25-28 °C,70-85%
2022,5,2022-05-01,Sul,PR,Curitiba,52.6,48.0,44.31,1.58,24.3,29.3,76.8,85.48,Ruim,Mai,2,Outono,True,47.34,12.0,11.0775,12.64,2.43,PM2.5,acima de 28 °C,70-85%
2022,5,2022-05-01,Sul,PR,Londrina,34.46,69.43,29.59,0.72,36.14,33.5,85.4,65.15,Moderada,Mai,2,Outono,False,31.014000000000003,17.3575,7.3975,5.76,3.6140000000000003,PM2.5,acima de 28 °C,acima de 85%
2022,5,2022-05-01,Sul,SC,Florianópolis,35.12,30.76,32.28,0.37,40.18,24.9,94.7,54.35,Moderada,Mai,2,Outono,False,31.607999999999997,7.69,8.07,2.96,4.018,PM2.5,22-25 °C,acima de 85%
2022,5,2022-05-01,Sul,SC,Joinville,49.96,62.03,24.56,0.72,31.66,27.9,73.2,75.54,Moderada,Mai,2,Outono,False,44.964,15.5075,6.14,5.76,3.1660000000000004,PM2.5,25-28 °C,70-85%
2022,5,2022-05-01,Sul,RS,Porto Alegre,36.7,89.55,21.86,1.61,36.8,25.0,47.1,77.43,Moderada,Mai,2,Outono,False,33.03,22.3875,5.465,12.88,3.6799999999999997,PM2.5,22-25 °C,até 55%
2022,5,2022-05-01,Sul,RS,Caxias do Sul,27.03,95.94,33.62,0.6,31.87,25.1,42.1,64.72,Moderada,Mai,2,Outono,False,24.327,23.985,8.405,4.8,3.1870000000000003,PM2.5,25-28 °C,até 55%
2022,6,2022-06-01,Norte,AM,Manaus,32.92,42.45,16.85,0.39,43.19,20.7,95.0,51.91,Moderada,Jun,2,Inverno,False,29.628000000000004,10.6125,4.2125,3.12,4.319,PM2.5,até 22 °C,acima de 85%
2022,6,2022-06-01,Norte,PA,Belém,38.03,39.93,20.6,0.7,42.51,25.5,53.3,59.18,Moderada,Jun,2,Inverno,False,34.227000000000004,9.9825,5.15,5.6,4.251,PM2.5,25-28 °C,até 55%
2022,6,2022-06-01,Norte,PA,Santarém,26.5,70.65,32.39,1.02,49.63,20.4,69.9,62.75,Moderada,Jun,2,Inverno,False,23.85,17.6625,8.0975,8.16,4.963000000000001,PM2.5,até 22 °C,55-70%
2022,6,2022-06-01,Norte,RO,Porto Velho,41.87,98.36,21.0,1.0,29.07,17.9,86.8,78.47,Moderada,Jun,2,Inverno,False,37.683,24.59,5.25,8.0,2.907,PM2.5,até 22 °C,acima de 85%
2022,6,2022-06-01,Norte,TO,Palmas,40.07,73.76,28.57,1.2,49.44,21.8,50.7,76.19,Moderada,Jun,2,Inverno,False,36.063,18.44,7.1425,9.6,4.944,PM2.5,até 22 °C,até 55%
2022,6,2022-06-01,Nordeste,BA,Salvador,37.2,70.62,36.61,0.76,26.88,22.3,52.2,69.08,Moderada,Jun,2,Inverno,False,33.480000000000004,17.655,9.1525,6.08,2.688,PM2.5,22-25 °C,até 55%
2022,6,2022-06-01,Nordeste,BA,Feira de Santana,36.94,73.42,10.65,0.42,34.39,26.8,76.7,61.05,Moderada,Jun,2,Inverno,False,33.246,18.355,2.6625,3.36,3.439,PM2.5,25-28 °C,70-85%
2022,6,2022-06-01,Nordeste,PE,Recife,43.5,94.67,23.23,1.76,38.3,20.2,89.8,86.53,Ruim,Jun,2,Inverno,True,39.15,23.6675,5.8075,14.08,3.83,PM2.5,até 22 °C,acima de 85%
2022,6,2022-06-01,Nordeste,PE,Jaboatão dos Guararapes,29.55,48.68,12.57,0.53,48.08,31.1,76.8,50.93,Moderada,Jun,2,Inverno,False,26.595000000000002,12.17,3.1425,4.24,4.808,PM2.5,acima de 28 °C,70-85%
2022,6,2022-06-01,Nordeste,CE,Fortaleza,34.64,85.21,11.32,1.07,28.55,28.9,78.5,66.71,Moderada,Jun,2,Inverno,False,31.176000000000002,21.3025,2.83,8.56,2.8550000000000004,PM2.5,acima de 28 °C,70-85%
2022,6,2022-06-01,Nordeste,CE,Juazeiro do Norte,47.6,52.25,22.53,1.13,47.34,25.8,48.8,75.27,Moderada,Jun,2,Inverno,False,42.84,13.0625,5.6325,9.04,4.734000000000001,PM2.5,25-28 °C,até 55%
2022,6,2022-06-01,Nordeste,MA,São Luís,38.86,55.8,21.33,0.98,23.89,27.3,80.4,64.47,Moderada,Jun,2,Inverno,False,34.974000000000004,13.95,5.3325,7.84,2.3890000000000002,PM2.5,25-28 °C,70-85%
2022,6,2022-06-01,Nordeste,PB,João Pessoa,25.29,93.17,18.95,0.78,36.85,22.4,81.7,60.73,Moderada,Jun,2,Inverno,False,22.761,23.2925,4.7375,6.24,3.6850000000000005,PM10,22-25 °C,70-85%
2022,6,2022-06-01,Centro-Oeste,DF,Brasília,37.15,60.39,31.2,1.28,23.95,20.7,43.4,68.99,Moderada,Jun,2,Inverno,False,33.435,15.0975,7.8,10.24,2.395,PM2.5,até 22 °C,até 55%
2022,6,2022-06-01,Centro-Oeste,GO,Goiânia,33.06,73.4,18.28,1.55,39.05,20.3,59.0,68.96,Moderada,Jun,2,Inverno,False,29.754,18.35,4.57,12.4,3.905,PM2.5,até 22 °C,55-70%
2022,6,2022-06-01,Centro-Oeste,GO,Aparecida de Goiânia,39.99,57.58,11.5,1.55,52.04,24.8,75.3,70.88,Moderada,Jun,2,Inverno,False,35.991,14.395,2.875,12.4,5.204000000000001,PM2.5,22-25 °C,70-85%
2022,6,2022-06-01,Centro-Oeste,MT,Cuiabá,44.74,41.2,42.29,0.36,41.79,26.0,42.6,68.16,Moderada,Jun,2,Inverno,False,40.266000000000005,10.3,10.5725,2.88,4.179,PM2.5,25-28 °C,até 55%
2022,6,2022-06-01,Centro-Oeste,MS,Campo Grande,36.93,98.03,21.58,1.12,30.65,29.8,68.9,75.16,Moderada,Jun,2,Inverno,False,33.237,24.5075,5.395,8.96,3.065,PM2.5,acima de 28 °C,55-70%
2022,6,2022-06-01,Sudeste,SP,São Paulo,32.88,66.52,14.58,0.97,18.33,24.1,75.9,59.43,Moderada,Jun,2,Inverno,False,29.592000000000002,16.63,3.645,7.76,1.833,PM2.5,22-25 °C,70-85%
2022,6,2022-06-01,Sudeste,SP,Campinas,37.99,67.46,16.96,0.4,28.82,27.0,69.0,61.34,Moderada,Jun,2,Inverno,False,34.191,16.865,4.24,3.2,2.882,PM2.5,25-28 °C,55-70%
2022,6,2022-06-01,Sudeste,SP,Ribeirão Preto,44.09,61.16,23.59,1.0,51.27,26.0,73.2,73.96,Moderada,Jun,2,Inverno,False,39.681000000000004,15.29,5.8975,8.0,5.127000000000001,PM2.5,25-28 °C,70-85%
2022,6,2022-06-01,Sudeste,RJ,Rio de Janeiro,34.94,57.49,30.72,0.85,41.91,23.3,57.9,64.48,Moderada,Jun,2,Inverno,False,31.445999999999998,14.3725,7.68,6.8,4.191,PM2.5,22-25 °C,55-70%
2022,6,2022-06-01,Sudeste,RJ,Niterói,50.61,86.35,33.67,1.43,48.49,25.2,44.7,91.81,Ruim,Jun,2,Inverno,True,45.549,21.5875,8.4175,11.44,4.849,PM2.5,25-28 °C,até 55%
2022,6,2022-06-01,Sudeste,RJ,Nova Iguaçu,16.22,77.58,22.42,0.89,32.93,22.7,59.5,50.01,Moderada,Jun,2,Inverno,False,14.597999999999999,19.395,5.605,7.12,3.293,PM10,22-25 °C,55-70%
2022,6,2022-06-01,Sudeste,RJ,Petrópolis,38.25,95.47,30.01,1.69,44.91,31.3,49.3,83.79,Ruim,Jun,2,Inverno,True,34.425000000000004,23.8675,7.5025,13.52,4.491,PM2.5,acima de 28 °C,até 55%
2022,6,2022-06-01,Sudeste,MG,Belo Horizonte,43.36,65.35,27.16,0.94,40.66,23.6,74.0,73.74,Moderada,Jun,2,Inverno,False,39.024,16.3375,6.79,7.52,4.066,PM2.5,22-25 °C,70-85%
2022,6,2022-06-01,Sudeste,MG,Uberlândia,22.61,63.93,1.0,0.61,45.14,23.8,40.6,46.0,Boa,Jun,2,Inverno,False,20.349,15.9825,0.25,4.88,4.514,PM2.5,22-25 °C,até 55%
2022,6,2022-06-01,Sudeste,MG,Juiz de Fora,30.65,72.64,18.36,1.67,24.29,21.3,94.7,66.09,Moderada,Jun,2,Inverno,False,27.585,18.16,4.59,13.36,2.4290000000000003,PM2.5,até 22 °C,acima de 85%
2022,6,2022-06-01,Sudeste,ES,Vitória,33.53,41.82,35.26,1.8,26.36,26.8,57.1,66.47,Moderada,Jun,2,Inverno,False,30.177000000000003,10.455,8.815,14.4,2.636,PM2.5,25-28 °C,55-70%
2022,6,2022-06-01,Sudeste,ES,Vila Velha,24.82,74.81,21.55,0.65,33.46,21.0,71.7,54.96,Moderada,Jun,2,Inverno,False,22.338,18.7025,5.3875,5.2,3.346,PM2.5,até 22 °C,70-85%
2022,6,2022-06-01,Sudeste,ES,Serra,41.01,105.87,36.26,1.07,55.12,23.3,60.4,86.49,Ruim,Jun,2,Inverno,True,36.909,26.4675,9.065,8.56,5.5120000000000005,PM2.5,22-25 °C,55-70%
2022,6,2022-06-01,Sul,PR,Curitiba,30.14,84.02,22.57,0.74,38.77,27.5,85.0,63.55,Moderada,Jun,2,Inverno,False,27.126,21.005,5.6425,5.92,3.8770000000000007,PM2.5,25-28 °C,70-85%
2022,6,2022-06-01,Sul,PR,Londrina,33.13,89.46,28.85,0.38,25.69,23.7,48.4,65.04,Moderada,Jun,2,Inverno,False,29.817000000000004,22.365,7.2125,3.04,2.5690000000000004,PM2.5,22-25 °C,até 55%
2022,6,2022-06-01,Sul,SC,Florianópolis,33.08,75.04,22.26,0.66,31.89,23.6,85.4,62.54,Moderada,Jun,2,Inverno,False,29.772,18.76,5.565,5.28,3.189,PM2.5,22-25 °C,acima de 85%
2022,6,2022-06-01,Sul,SC,Joinville,47.03,72.93,30.76,0.6,43.03,23.3,77.1,77.32,Moderada,Jun,2,Inverno,False,42.327000000000005,18.2325,7.69,4.8,4.303,PM2.5,22-25 °C,70-85%
2022,6,2022-06-01,Sul,RS,Porto Alegre,40.23,63.03,36.29,0.61,47.46,23.2,50.3,70.65,Moderada,Jun,2,Inverno,False,36.207,15.7575,9.0725,4.88,4.746,PM2.5,22-25 °C,até 55%
2022,6,2022-06-01,Sul,RS,Caxias do Sul,41.74,125.17,5.33,0.6,34.51,21.9,88.0,78.41,Moderada,Jun,2,Inverno,False,37.566,31.2925,1.3325,4.8,3.451,PM2.5,até 22 °C,acima de 85%
2022,7,2022-07-01,Norte,AM,Manaus,25.04,58.43,22.55,0.43,43.55,27.2,46.8,50.61,Moderada,Jul,3,Inverno,False,22.536,14.6075,5.6375,3.44,4.3549999999999995,PM2.5,25-28 °C,até 55%
2022,7,2022-07-01,Norte,PA,Belém,33.99,82.83,21.55,1.19,38.48,22.5,86.4,70.03,Moderada,Jul,3,Inverno,False,30.591,20.7075,5.3875,9.52,3.848,PM2.5,22-25 °C,acima de 85%
2022,7,2022-07-01,Norte,PA,Santarém,39.37,82.88,19.11,0.78,31.37,23.6,73.8,70.31,Moderada,Jul,3,Inverno,False,35.433,20.72,4.7775,6.24,3.1370000000000005,PM2.5,22-25 °C,70-85%
2022,7,2022-07-01,Norte,RO,Porto Velho,35.09,81.42,22.03,1.06,46.69,25.1,68.4,70.58,Moderada,Jul,3,Inverno,False,31.581000000000003,20.355,5.5075,8.48,4.669,PM2.5,25-28 °C,55-70%
2022,7,2022-07-01,Norte,TO,Palmas,45.46,67.8,43.31,0.99,41.96,19.4,46.6,80.84,Ruim,Jul,3,Inverno,True,40.914,16.95,10.8275,7.92,4.196000000000001,PM2.5,até 22 °C,até 55%
2022,7,2022-07-01,Nordeste,BA,Salvador,24.98,53.14,23.15,0.84,58.21,23.4,66.6,54.07,Moderada,Jul,3,Inverno,False,22.482,13.285,5.7875,6.72,5.821000000000001,PM2.5,22-25 °C,55-70%
2022,7,2022-07-01,Nordeste,BA,Feira de Santana,62.33,75.7,8.22,0.7,59.33,23.9,67.3,88.62,Ruim,Jul,3,Inverno,True,56.097,18.925,2.055,5.6,5.933,PM2.5,22-25 °C,55-70%
2022,7,2022-07-01,Nordeste,PE,Recife,28.11,47.61,25.89,1.31,48.67,27.3,83.6,58.98,Moderada,Jul,3,Inverno,False,25.299,11.9025,6.4725,10.48,4.867000000000001,PM2.5,25-28 °C,70-85%
2022,7,2022-07-01,Nordeste,PE,Jaboatão dos Guararapes,33.76,55.46,25.67,0.43,35.54,23.5,93.4,57.69,Moderada,Jul,3,Inverno,False,30.384,13.865,6.4175,3.44,3.5540000000000003,PM2.5,22-25 °C,acima de 85%
2022,7,2022-07-01,Nordeste,CE,Fortaleza,25.37,51.5,24.54,1.47,55.93,27.6,41.9,59.17,Moderada,Jul,3,Inverno,False,22.833000000000002,12.875,6.135,11.76,5.593,PM2.5,25-28 °C,até 55%
2022,7,2022-07-01,Nordeste,CE,Juazeiro do Norte,40.31,124.41,23.08,0.47,49.94,23.5,47.2,81.92,Ruim,Jul,3,Inverno,True,36.279,31.1025,5.77,3.76,4.994,PM2.5,22-25 °C,até 55%
2022,7,2022-07-01,Nordeste,MA,São Luís,21.91,71.56,30.32,0.46,34.38,27.2,49.2,52.32,Moderada,Jul,3,Inverno,False,19.719,17.89,7.58,3.68,3.4380000000000006,PM2.5,25-28 °C,até 55%
2022,7,2022-07-01,Nordeste,PB,João Pessoa,24.36,78.77,18.9,1.35,40.47,22.2,79.8,61.21,Moderada,Jul,3,Inverno,False,21.924,19.6925,4.725,10.8,4.047,PM2.5,22-25 °C,70-85%
2022,7,2022-07-01,Centro-Oeste,DF,Brasília,16.01,86.17,13.97,1.21,27.19,27.5,86.5,51.87,Moderada,Jul,3,Inverno,False,14.409000000000002,21.5425,3.4925,9.68,2.7190000000000003,PM10,25-28 °C,acima de 85%
2022,7,2022-07-01,Centro-Oeste,GO,Goiânia,44.15,84.89,24.85,0.79,50.71,28.5,57.8,78.52,Moderada,Jul,3,Inverno,False,39.735,21.2225,6.2125,6.32,5.071000000000001,PM2.5,acima de 28 °C,55-70%
2022,7,2022-07-01,Centro-Oeste,GO,Aparecida de Goiânia,30.95,70.18,26.43,0.46,44.92,21.8,41.7,60.18,Moderada,Jul,3,Inverno,False,27.855,17.545,6.6075,3.68,4.492,PM2.5,até 22 °C,até 55%
2022,7,2022-07-01,Centro-Oeste,MT,Cuiabá,36.33,97.65,14.08,0.6,48.79,19.5,55.7,70.28,Moderada,Jul,3,Inverno,False,32.697,24.4125,3.52,4.8,4.8790000000000004,PM2.5,até 22 °C,55-70%
2022,7,2022-07-01,Centro-Oeste,MS,Campo Grande,32.37,90.16,27.65,0.78,22.04,21.9,64.8,67.01,Moderada,Jul,3,Inverno,False,29.133,22.54,6.9125,6.24,2.204,PM2.5,até 22 °C,55-70%
2022,7,2022-07-01,Sudeste,SP,São Paulo,40.24,89.73,25.28,1.57,46.04,21.9,78.2,82.12,Ruim,Jul,3,Inverno,True,36.216,22.4325,6.32,12.56,4.604,PM2.5,até 22 °C,70-85%
2022,7,2022-07-01,Sudeste,SP,Campinas,59.93,75.72,9.08,1.38,37.98,21.9,78.2,89.99,Ruim,Jul,3,Inverno,True,53.937,18.93,2.27,11.04,3.798,PM2.5,até 22 °C,70-85%
2022,7,2022-07-01,Sudeste,SP,Ribeirão Preto,49.91,57.44,25.97,0.82,38.27,21.9,78.1,76.13,Moderada,Jul,3,Inverno,False,44.919,14.36,6.4925,6.56,3.8270000000000004,PM2.5,até 22 °C,70-85%
2022,7,2022-07-01,Sudeste,RJ,Rio de Janeiro,25.1,43.2,22.52,0.63,23.07,26.0,61.1,46.41,Boa,Jul,3,Inverno,False,22.590000000000003,10.8,5.63,5.04,2.307,PM2.5,25-28 °C,55-70%
2022,7,2022-07-01,Sudeste,RJ,Niterói,40.92,71.03,31.23,0.97,34.89,26.1,55.4,73.67,Moderada,Jul,3,Inverno,False,36.828,17.7575,7.8075,7.76,3.4890000000000003,PM2.5,25-28 °C,55-70%
2022,7,2022-07-01,Sudeste,RJ,Nova Iguaçu,39.93,75.35,21.2,1.21,20.81,23.9,72.5,71.86,Moderada,Jul,3,Inverno,False,35.937,18.8375,5.3,9.68,2.081,PM2.5,22-25 °C,70-85%
2022,7,2022-07-01,Sudeste,RJ,Petrópolis,19.0,64.42,9.43,1.67,51.27,31.3,92.5,54.07,Moderada,Jul,3,Inverno,False,17.1,16.105,2.3575,13.36,5.127000000000001,PM2.5,acima de 28 °C,acima de 85%
2022,7,2022-07-01,Sudeste,MG,Belo Horizonte,51.96,92.65,32.5,1.63,48.56,24.4,57.4,95.91,Ruim,Jul,3,Inverno,True,46.764,23.1625,8.125,13.04,4.856000000000001,PM2.5,22-25 °C,55-70%
2022,7,2022-07-01,Sudeste,MG,Uberlândia,32.41,41.46,28.57,1.32,30.35,22.4,72.7,60.3,Moderada,Jul,3,Inverno,False,29.168999999999997,10.365,7.1425,10.56,3.035,PM2.5,22-25 °C,70-85%
2022,7,2022-07-01,Sudeste,MG,Juiz de Fora,41.15,70.28,27.45,0.82,50.02,27.2,53.0,73.04,Moderada,Jul,3,Inverno,False,37.035,17.57,6.8625,6.56,5.002000000000001,PM2.5,25-28 °C,até 55%
2022,7,2022-07-01,Sudeste,ES,Vitória,37.5,91.0,20.05,1.68,36.37,21.4,79.2,78.56,Moderada,Jul,3,Inverno,False,33.75,22.75,5.0125,13.44,3.637,PM2.5,até 22 °C,70-85%
2022,7,2022-07-01,Sudeste,ES,Vila Velha,37.47,95.73,20.78,0.32,37.09,22.6,61.3,69.1,Moderada,Jul,3,Inverno,False,33.723,23.9325,5.195,2.56,3.7090000000000005,PM2.5,22-25 °C,55-70%
2022,7,2022-07-01,Sudeste,ES,Serra,34.86,82.36,28.54,1.58,46.43,24.7,60.3,76.41,Moderada,Jul,3,Inverno,False,31.374,20.59,7.135,12.64,4.643,PM2.5,22-25 °C,55-70%
2022,7,2022-07-01,Sul,PR,Curitiba,35.09,71.61,20.36,0.87,31.44,25.5,46.0,64.71,Moderada,Jul,3,Inverno,False,31.581000000000003,17.9025,5.09,6.96,3.144,PM2.5,25-28 °C,até 55%
2022,7,2022-07-01,Sul,PR,Londrina,39.54,24.33,13.81,1.78,28.5,21.3,73.4,62.21,Moderada,Jul,3,Inverno,False,35.586,6.0825,3.4525,14.24,2.85,PM2.5,até 22 °C,70-85%
2022,7,2022-07-01,Sul,SC,Florianópolis,41.34,60.3,31.9,1.42,55.81,23.1,46.0,77.23,Moderada,Jul,3,Inverno,False,37.206,15.075,7.975,11.36,5.581,PM2.5,22-25 °C,até 55%
2022,7,2022-07-01,Sul,SC,Joinville,33.0,65.86,26.62,1.77,39.94,26.4,75.6,71.01,Moderada,Jul,3,Inverno,False,29.7,16.465,6.655,14.16,3.9939999999999998,PM2.5,25-28 °C,70-85%
2022,7,2022-07-01,Sul,RS,Porto Alegre,30.76,60.98,16.81,0.41,24.38,25.0,52.7,52.85,Moderada,Jul,3,Inverno,False,27.684,15.245,4.2025,3.28,2.438,PM2.5,22-25 °C,até 55%
2022,7,2022-07-01,Sul,RS,Caxias do Sul,34.35,75.48,31.61,1.33,39.28,27.1,42.3,72.27,Moderada,Jul,3,Inverno,False,30.915000000000003,18.87,7.9025,10.64,3.9280000000000004,PM2.5,25-28 °C,até 55%
2022,8,2022-08-01,Norte,AM,Manaus,26.07,37.79,25.11,1.7,49.36,26.9,68.3,57.74,Moderada,Ago,3,Inverno,False,23.463,9.4475,6.2775,13.6,4.936,PM2.5,25-28 °C,55-70%
2022,8,2022-08-01,Norte,PA,Belém,35.28,78.62,21.25,0.54,24.43,20.0,58.6,63.49,Moderada,Ago,3,Inverno,False,31.752000000000002,19.655,5.3125,4.32,2.443,PM2.5,até 22 °C,55-70%
2022,8,2022-08-01,Norte,PA,Santarém,27.28,81.26,31.88,1.62,42.57,24.1,70.9,70.05,Moderada,Ago,3,Inverno,False,24.552000000000003,20.315,7.97,12.96,4.257000000000001,PM2.5,22-25 °C,70-85%
2022,8,2022-08-01,Norte,RO,Porto Velho,43.23,40.97,30.61,0.59,30.92,21.8,44.4,64.62,Moderada,Ago,3,Inverno,False,38.907,10.2425,7.6525,4.72,3.0920000000000005,PM2.5,até 22 °C,até 55%
2022,8,2022-08-01,Norte,TO,Palmas,22.79,79.73,17.48,0.58,37.61,27.3,41.8,53.18,Moderada,Ago,3,Inverno,False,20.511,19.9325,4.37,4.64,3.761,PM2.5,25-28 °C,até 55%
2022,8,2022-08-01,Nordeste,BA,Salvador,14.54,79.84,28.26,1.0,46.74,26.9,43.3,52.79,Moderada,Ago,3,Inverno,False,13.086,19.96,7.065,8.0,4.674,PM10,25-28 °C,até 55%
2022,8,2022-08-01,Nordeste,BA,Feira de Santana,34.99,77.13,17.12,1.77,19.13,25.7,70.7,71.1,Moderada,Ago,3,Inverno,False,31.491000000000003,19.2825,4.28,14.16,1.913,PM2.5,25-28 °C,70-85%
2022,8,2022-08-01,Nordeste,PE,Recife,39.57,85.43,26.3,0.83,42.5,28.8,82.7,74.47,Moderada,Ago,3,Inverno,False,35.613,21.3575,6.575,6.64,4.25,PM2.5,acima de 28 °C,70-85%
2022,8,2022-08-01,Nordeste,PE,Jaboatão dos Guararapes,32.81,39.55,13.14,1.57,27.44,27.6,88.3,57.97,Moderada,Ago,3,Inverno,False,29.529000000000003,9.8875,3.285,12.56,2.744,PM2.5,25-28 °C,acima de 85%
2022,8,2022-08-01,Nordeste,CE,Fortaleza,29.21,61.8,29.49,0.33,29.33,30.3,64.7,54.7,Moderada,Ago,3,Inverno,False,26.289,15.45,7.3725,2.64,2.933,PM2.5,acima de 28 °C,55-70%
2022,8,2022-08-01,Nordeste,CE,Juazeiro do Norte,24.39,43.28,27.9,1.67,51.17,28.7,41.5,58.19,Moderada,Ago,3,Inverno,False,21.951,10.82,6.975,13.36,5.117000000000001,PM2.5,acima de 28 °C,até 55%
2022,8,2022-08-01,Nordeste,MA,São Luís,30.61,55.58,16.58,0.49,43.45,33.5,62.1,53.87,Moderada,Ago,3,Inverno,False,27.549,13.895,4.145,3.92,4.345000000000001,PM2.5,acima de 28 °C,55-70%
2022,8,2022-08-01,Nordeste,PB,João Pessoa,36.28,58.21,25.28,1.58,41.97,19.2,45.1,70.34,Moderada,Ago,3,Inverno,False,32.652,14.5525,6.32,12.64,4.197,PM2.5,até 22 °C,até 55%
2022,8,2022-08-01,Centro-Oeste,DF,Brasília,35.7,55.29,13.21,0.76,43.39,26.8,85.2,59.66,Moderada,Ago,3,Inverno,False,32.13,13.8225,3.3025,6.08,4.339,PM2.5,25-28 °C,acima de 85%
2022,8,2022-08-01,Centro-Oeste,GO,Goiânia,21.18,103.46,28.97,1.56,26.24,22.4,45.3,67.3,Moderada,Ago,3,Inverno,False,19.062,25.865,7.2425,12.48,2.624,PM10,22-25 °C,até 55%
2022,8,2022-08-01,Centro-Oeste,GO,Aparecida de Goiânia,32.49,62.0,31.56,1.08,32.56,29.8,58.2,64.52,Moderada,Ago,3,Inverno,False,29.241000000000003,15.5,7.89,8.64,3.2560000000000002,PM2.5,acima de 28 °C,55-70%
2022,8,2022-08-01,Centro-Oeste,MT,Cuiabá,46.89,103.71,29.55,1.69,26.56,24.3,56.0,91.68,Ruim,Ago,3,Inverno,True,42.201,25.9275,7.3875,13.52,2.656,PM2.5,22-25 °C,55-70%
2022,8,2022-08-01,Centro-Oeste,MS,Campo Grande,39.09,85.43,34.31,0.74,6.39,23.4,55.4,71.71,Moderada,Ago,3,Inverno,False,35.181000000000004,21.3575,8.5775,5.92,0.639,PM2.5,22-25 °C,55-70%
2022,8,2022-08-01,Sudeste,SP,São Paulo,42.59,66.78,29.79,1.43,43.33,25.4,44.6,78.26,Moderada,Ago,3,Inverno,False,38.331,16.695,7.4475,11.44,4.333,PM2.5,25-28 °C,até 55%
2022,8,2022-08-01,Sudeste,SP,Campinas,16.14,79.14,19.91,1.17,50.83,22.4,45.6,53.74,Moderada,Ago,3,Inverno,False,14.526000000000002,19.785,4.9775,9.36,5.083,PM10,22-25 °C,até 55%
2022,8,2022-08-01,Sudeste,SP,Ribeirão Preto,11.45,60.51,18.72,1.23,19.61,29.2,65.6,41.89,Boa,Ago,3,Inverno,False,10.305,15.1275,4.68,9.84,1.961,PM10,acima de 28 °C,55-70%
2022,8,2022-08-01,Sudeste,RJ,Rio de Janeiro,45.35,102.7,8.98,0.57,42.26,23.7,48.0,77.51,Moderada,Ago,3,Inverno,False,40.815000000000005,25.675,2.245,4.56,4.226,PM2.5,22-25 °C,até 55%
2022,8,2022-08-01,Sudeste,RJ,Niterói,42.93,74.19,28.43,0.6,39.66,28.8,66.4,73.02,Moderada,Ago,3,Inverno,False,38.637,18.5475,7.1075,4.8,3.9659999999999997,PM2.5,acima de 28 °C,55-70%
2022,8,2022-08-01,Sudeste,RJ,Nova Iguaçu,34.43,42.78,30.11,0.8,39.83,24.3,56.4,59.62,Moderada,Ago,3,Inverno,False,30.987000000000002,10.695,7.5275,6.4,3.983,PM2.5,22-25 °C,55-70%
2022,8,2022-08-01,Sudeste,RJ,Petrópolis,16.47,40.5,25.94,1.67,48.12,27.0,76.5,49.61,Boa,Ago,3,Inverno,False,14.822999999999999,10.125,6.485,13.36,4.812,PM2.5,25-28 °C,70-85%
2022,8,2022-08-01,Sudeste,MG,Belo Horizonte,27.49,84.47,33.93,1.79,41.36,24.0,92.6,72.78,Moderada,Ago,3,Inverno,False,24.741,21.1175,8.4825,14.32,4.136,PM2.5,22-25 °C,acima de 85%
2022,8,2022-08-01,Sudeste,MG,Uberlândia,41.56,63.41,34.02,0.93,44.21,24.2,41.7,73.6,Moderada,Ago,3,Inverno,False,37.404,15.8525,8.505,7.44,4.421,PM2.5,22-25 °C,até 55%
2022,8,2022-08-01,Sudeste,MG,Juiz de Fora,28.78,55.21,32.45,1.25,43.35,21.8,84.9,62.15,Moderada,Ago,3,Inverno,False,25.902,13.8025,8.1125,10.0,4.335,PM2.5,até 22 °C,70-85%
2022,8,2022-08-01,Sudeste,ES,Vitória,33.53,94.45,33.86,1.32,22.21,25.2,47.7,75.02,Moderada,Ago,3,Inverno,False,30.177000000000003,23.6125,8.465,10.56,2.221,PM2.5,25-28 °C,até 55%
2022,8,2022-08-01,Sudeste,ES,Vila Velha,45.6,99.29,29.3,0.91,24.4,27.8,51.3,82.94,Ruim,Ago,3,Inverno,True,41.04,24.8225,7.325,7.28,2.44,PM2.5,25-28 °C,até 55%
2022,8,2022-08-01,Sudeste,ES,Serra,24.27,47.99,16.66,1.46,40.05,24.1,44.7,53.7,Moderada,Ago,3,Inverno,False,21.843,11.9975,4.165,11.68,4.005,PM2.5,22-25 °C,até 55%
2022,8,2022-08-01,Sul,PR,Curitiba,30.93,67.23,36.67,0.47,43.22,27.3,82.3,61.91,Moderada,Ago,3,Inverno,False,27.837,16.8075,9.1675,3.76,4.322,PM2.5,25-28 °C,70-85%
2022,8,2022-08-01,Sul,PR,Londrina,31.98,62.05,34.69,0.72,41.99,25.1,62.2,62.94,Moderada,Ago,3,Inverno,False,28.782,15.5125,8.6725,5.76,4.199000000000001,PM2.5,25-28 °C,55-70%
2022,8,2022-08-01,Sul,SC,Florianópolis,42.5,96.29,23.75,1.71,37.68,23.9,62.4,85.73,Ruim,Ago,3,Inverno,True,38.25,24.0725,5.9375,13.68,3.7680000000000002,PM2.5,22-25 °C,55-70%
2022,8,2022-08-01,Sul,SC,Joinville,53.66,86.92,18.81,0.43,30.35,25.7,91.1,81.24,Ruim,Ago,3,Inverno,True,48.294,21.73,4.7025,3.44,3.035,PM2.5,25-28 °C,acima de 85%
2022,8,2022-08-01,Sul,RS,Porto Alegre,39.88,65.91,27.18,1.33,40.4,32.9,84.2,73.87,Moderada,Ago,3,Inverno,False,35.892,16.4775,6.795,10.64,4.04,PM2.5,acima de 28 °C,70-85%
2022,8,2022-08-01,Sul,RS,Caxias do Sul,45.75,72.53,30.53,1.14,39.61,25.1,52.9,80.04,Ruim,Ago,3,Inverno,True,41.175000000000004,18.1325,7.6325,9.12,3.9610000000000003,PM2.5,25-28 °C,até 55%
2022,9,2022-09-01,Norte,AM,Manaus,29.84,61.48,21.31,0.68,43.63,25.9,94.3,57.34,Moderada,Set,3,Primavera,False,26.856,15.37,5.3275,5.44,4.363,PM2.5,25-28 °C,acima de 85%
2022,9,2022-09-01,Norte,PA,Belém,21.3,60.51,21.85,0.93,43.68,22.2,89.4,51.58,Moderada,Set,3,Primavera,False,19.17,15.1275,5.4625,7.44,4.368,PM2.5,22-25 °C,acima de 85%
2022,9,2022-09-01,Norte,PA,Santarém,34.51,40.74,38.95,1.26,37.67,24.4,94.8,64.81,Moderada,Set,3,Primavera,False,31.058999999999997,10.185,9.7375,10.08,3.7670000000000003,PM2.5,22-25 °C,acima de 85%
2022,9,2022-09-01,Norte,RO,Porto Velho,31.72,66.38,28.14,1.52,49.97,28.9,52.8,69.32,Moderada,Set,3,Primavera,False,28.548,16.595,7.035,12.16,4.997,PM2.5,acima de 28 °C,até 55%
2022,9,2022-09-01,Norte,TO,Palmas,43.31,28.39,22.7,1.22,37.23,22.9,76.0,65.21,Moderada,Set,3,Primavera,False,38.979000000000006,7.0975,5.675,9.76,3.723,PM2.5,22-25 °C,70-85%
2022,9,2022-09-01,Nordeste,BA,Salvador,52.28,78.11,27.42,1.16,36.16,21.3,57.2,86.33,Ruim,Set,3,Primavera,True,47.052,19.5275,6.855,9.28,3.6159999999999997,PM2.5,até 22 °C,55-70%
2022,9,2022-09-01,Nordeste,BA,Feira de Santana,37.84,75.83,22.01,1.01,40.56,16.4,92.7,70.68,Moderada,Set,3,Primavera,False,34.056000000000004,18.9575,5.5025,8.08,4.056,PM2.5,até 22 °C,acima de 85%
2022,9,2022-09-01,Nordeste,PE,Recife,46.33,59.89,22.03,0.39,27.55,24.8,64.2,68.02,Moderada,Set,3,Primavera,False,41.697,14.9725,5.5075,3.12,2.7550000000000003,PM2.5,22-25 °C,55-70%
2022,9,2022-09-01,Nordeste,PE,Jaboatão dos Guararapes,39.1,74.37,13.84,1.4,44.8,19.8,68.2,72.95,Moderada,Set,3,Primavera,False,35.190000000000005,18.5925,3.46,11.2,4.4799999999999995,PM2.5,até 22 °C,55-70%
2022,9,2022-09-01,Nordeste,CE,Fortaleza,43.31,70.04,24.3,0.67,34.12,29.3,71.4,71.34,Moderada,Set,3,Primavera,False,38.979000000000006,17.51,6.075,5.36,3.412,PM2.5,acima de 28 °C,70-85%
2022,9,2022-09-01,Nordeste,CE,Juazeiro do Norte,37.48,80.48,27.53,0.4,31.02,23.7,61.4,67.02,Moderada,Set,3,Primavera,False,33.732,20.12,6.8825,3.2,3.1020000000000003,PM2.5,22-25 °C,55-70%
2022,9,2022-09-01,Nordeste,MA,São Luís,36.73,107.92,29.58,0.82,45.42,21.5,58.6,78.57,Moderada,Set,3,Primavera,False,33.056999999999995,26.98,7.395,6.56,4.542000000000001,PM2.5,até 22 °C,55-70%
2022,9,2022-09-01,Nordeste,PB,João Pessoa,35.63,68.04,29.41,0.35,60.71,29.2,73.0,65.31,Moderada,Set,3,Primavera,False,32.067,17.01,7.3525,2.8,6.071000000000001,PM2.5,acima de 28 °C,70-85%
2022,9,2022-09-01,Centro-Oeste,DF,Brasília,45.62,64.62,19.66,1.09,33.68,23.0,94.8,74.22,Moderada,Set,3,Primavera,False,41.058,16.155,4.915,8.72,3.3680000000000003,PM2.5,22-25 °C,acima de 85%
2022,9,2022-09-01,Centro-Oeste,GO,Goiânia,22.28,57.99,17.64,0.61,36.95,26.4,93.5,47.56,Boa,Set,3,Primavera,False,20.052000000000003,14.4975,4.41,4.88,3.6950000000000003,PM2.5,25-28 °C,acima de 85%
2022,9,2022-09-01,Centro-Oeste,GO,Aparecida de Goiânia,11.41,73.63,20.98,1.24,44.36,34.6,70.1,48.28,Boa,Set,3,Primavera,False,10.269,18.4075,5.245,9.92,4.436,PM10,acima de 28 °C,70-85%
2022,9,2022-09-01,Centro-Oeste,MT,Cuiabá,35.09,64.39,17.83,0.94,29.32,19.6,59.8,62.63,Moderada,Set,3,Primavera,False,31.581000000000003,16.0975,4.4575,7.52,2.9320000000000004,PM2.5,até 22 °C,55-70%
2022,9,2022-09-01,Centro-Oeste,MS,Campo Grande,24.62,98.35,25.59,1.22,40.58,24.4,69.2,66.96,Moderada,Set,3,Primavera,False,22.158,24.5875,6.3975,9.76,4.058,PM10,22-25 °C,55-70%
2022,9,2022-09-01,Sudeste,SP,São Paulo,36.72,72.75,21.69,0.48,49.84,23.4,41.8,65.52,Moderada,Set,3,Primavera,False,33.048,18.1875,5.4225,3.84,4.984000000000001,PM2.5,22-25 °C,até 55%
2022,9,2022-09-01,Sudeste,SP,Campinas,38.97,61.98,22.8,1.73,54.33,17.1,89.6,75.54,Moderada,Set,3,Primavera,False,35.073,15.495,5.7,13.84,5.433,PM2.5,até 22 °C,acima de 85%
2022,9,2022-09-01,Sudeste,SP,Ribeirão Preto,30.69,56.72,29.41,0.66,20.79,26.0,56.2,56.54,Moderada,Set,3,Primavera,False,27.621000000000002,14.18,7.3525,5.28,2.079,PM2.5,25-28 °C,55-70%
2022,9,2022-09-01,Sudeste,RJ,Rio de Janeiro,28.66,48.43,18.7,1.32,43.16,22.0,85.0,57.45,Moderada,Set,3,Primavera,False,25.794,12.1075,4.675,10.56,4.316,PM2.5,até 22 °C,70-85%
2022,9,2022-09-01,Sudeste,RJ,Niterói,24.74,75.7,28.69,1.24,32.42,24.2,91.1,61.52,Moderada,Set,3,Primavera,False,22.266,18.925,7.1725,9.92,3.2420000000000004,PM2.5,22-25 °C,acima de 85%
2022,9,2022-09-01,Sudeste,RJ,Nova Iguaçu,37.3,71.24,32.51,1.52,16.87,28.3,51.7,73.35,Moderada,Set,3,Primavera,False,33.57,17.81,8.1275,12.16,1.6870000000000003,PM2.5,acima de 28 °C,até 55%
2022,9,2022-09-01,Sudeste,RJ,Petrópolis,53.41,46.28,23.86,1.09,38.29,22.8,51.0,78.19,Moderada,Set,3,Primavera,False,48.068999999999996,11.57,5.965,8.72,3.829,PM2.5,22-25 °C,até 55%
2022,9,2022-09-01,Sudeste,MG,Belo Horizonte,41.3,63.27,27.17,1.0,43.26,20.8,70.2,72.13,Moderada,Set,3,Primavera,False,37.17,15.8175,6.7925,8.0,4.326,PM2.5,até 22 °C,70-85%
2022,9,2022-09-01,Sudeste,MG,Uberlândia,42.63,83.31,24.76,1.27,43.48,23.7,42.2,79.87,Moderada,Set,3,Primavera,False,38.367000000000004,20.8275,6.19,10.16,4.348,PM2.5,22-25 °C,até 55%
2022,9,2022-09-01,Sudeste,MG,Juiz de Fora,46.79,68.86,34.32,0.59,36.44,22.2,55.2,76.27,Moderada,Set,3,Primavera,False,42.111,17.215,8.58,4.72,3.644,PM2.5,22-25 °C,55-70%
2022,9,2022-09-01,Sudeste,ES,Vitória,23.13,55.44,26.66,0.37,29.11,22.4,41.8,47.18,Boa,Set,3,Primavera,False,20.817,13.86,6.665,2.96,2.911,PM2.5,22-25 °C,até 55%
2022,9,2022-09-01,Sudeste,ES,Vila Velha,45.3,75.11,19.57,1.57,35.39,19.4,53.6,80.51,Ruim,Set,3,Primavera,True,40.769999999999996,18.7775,4.8925,12.56,3.539,PM2.5,até 22 °C,até 55%
2022,9,2022-09-01,Sudeste,ES,Serra,36.35,65.27,23.22,1.8,34.62,26.8,73.5,72.69,Moderada,Set,3,Primavera,False,32.715,16.3175,5.805,14.4,3.4619999999999997,PM2.5,25-28 °C,70-85%
2022,9,2022-09-01,Sul,PR,Curitiba,38.22,44.78,23.77,1.56,49.09,23.8,84.2,68.92,Moderada,Set,3,Primavera,False,34.398,11.195,5.9425,12.48,4.909000000000001,PM2.5,22-25 °C,70-85%
2022,9,2022-09-01,Sul,PR,Londrina,33.85,69.35,27.36,1.12,33.92,23.3,45.6,67.02,Moderada,Set,3,Primavera,False,30.465000000000003,17.3375,6.84,8.96,3.3920000000000003,PM2.5,22-25 °C,até 55%
2022,9,2022-09-01,Sul,SC,Florianópolis,35.29,92.9,22.06,1.52,56.18,22.4,81.6,78.28,Moderada,Set,3,Primavera,False,31.761,23.225,5.515,12.16,5.618,PM2.5,22-25 °C,70-85%
2022,9,2022-09-01,Sul,SC,Joinville,29.03,80.53,20.55,0.62,52.35,26.5,65.1,61.6,Moderada,Set,3,Primavera,False,26.127000000000002,20.1325,5.1375,4.96,5.235,PM2.5,25-28 °C,55-70%
2022,9,2022-09-01,Sul,RS,Porto Alegre,29.77,78.96,17.42,1.59,18.73,28.2,76.4,65.48,Moderada,Set,3,Primavera,False,26.793,19.74,4.355,12.72,1.8730000000000002,PM2.5,acima de 28 °C,70-85%
2022,9,2022-09-01,Sul,RS,Caxias do Sul,49.67,57.48,17.62,1.73,33.61,23.5,94.3,80.68,Ruim,Set,3,Primavera,True,44.703,14.37,4.405,13.84,3.361,PM2.5,22-25 °C,acima de 85%
2022,10,2022-10-01,Norte,AM,Manaus,35.55,48.79,14.19,1.11,47.84,25.3,52.1,61.38,Moderada,Out,4,Primavera,False,31.994999999999997,12.1975,3.5475,8.88,4.784000000000001,PM2.5,25-28 °C,até 55%
2022,10,2022-10-01,Norte,PA,Belém,35.47,43.11,25.52,1.37,26.93,25.8,46.3,62.69,Moderada,Out,4,Primavera,False,31.923,10.7775,6.38,10.96,2.693,PM2.5,25-28 °C,até 55%
2022,10,2022-10-01,Norte,PA,Santarém,23.02,66.53,7.75,1.52,16.59,25.7,69.8,53.09,Moderada,Out,4,Primavera,False,20.718,16.6325,1.9375,12.16,1.659,PM2.5,25-28 °C,55-70%
2022,10,2022-10-01,Norte,RO,Porto Velho,36.35,54.41,28.67,0.34,20.95,28.3,59.2,58.27,Moderada,Out,4,Primavera,False,32.715,13.6025,7.1675,2.72,2.095,PM2.5,acima de 28 °C,55-70%
2022,10,2022-10-01,Norte,TO,Palmas,27.46,79.11,22.13,1.23,38.18,22.9,80.6,63.66,Moderada,Out,4,Primavera,False,24.714000000000002,19.7775,5.5325,9.84,3.818,PM2.5,22-25 °C,70-85%
2022,10,2022-10-01,Nordeste,BA,Salvador,29.12,64.28,16.53,1.43,41.71,21.3,50.4,62.05,Moderada,Out,4,Primavera,False,26.208000000000002,16.07,4.1325,11.44,4.171,PM2.5,até 22 °C,até 55%
2022,10,2022-10-01,Nordeste,BA,Feira de Santana,48.5,70.64,15.51,1.73,34.59,32.9,64.8,82.53,Ruim,Out,4,Primavera,True,43.65,17.66,3.8775,13.84,3.4590000000000005,PM2.5,acima de 28 °C,55-70%
2022,10,2022-10-01,Nordeste,PE,Recife,29.85,77.73,31.78,0.76,29.54,22.0,85.2,63.25,Moderada,Out,4,Primavera,False,26.865000000000002,19.4325,7.945,6.08,2.954,PM2.5,até 22 °C,acima de 85%
2022,10,2022-10-01,Nordeste,PE,Jaboatão dos Guararapes,25.54,47.39,26.17,0.38,41.59,21.0,78.4,48.56,Boa,Out,4,Primavera,False,22.986,11.8475,6.5425,3.04,4.159000000000001,PM2.5,até 22 °C,70-85%
2022,10,2022-10-01,Nordeste,CE,Fortaleza,39.02,98.28,21.16,1.05,36.33,26.1,62.3,77.03,Moderada,Out,4,Primavera,False,35.118,24.57,5.29,8.4,3.633,PM2.5,25-28 °C,55-70%
2022,10,2022-10-01,Nordeste,CE,Juazeiro do Norte,45.0,62.97,14.95,0.54,41.8,28.9,71.6,68.49,Moderada,Out,4,Primavera,False,40.5,15.7425,3.7375,4.32,4.18,PM2.5,acima de 28 °C,70-85%
2022,10,2022-10-01,Nordeste,MA,São Luís,23.48,80.65,18.97,1.3,38.61,28.0,59.4,60.32,Moderada,Out,4,Primavera,False,21.132,20.1625,4.7425,10.4,3.861,PM2.5,25-28 °C,55-70%
2022,10,2022-10-01,Nordeste,PB,João Pessoa,19.38,99.04,29.74,1.03,32.13,21.6,83.8,61.05,Moderada,Out,4,Primavera,False,17.442,24.76,7.435,8.24,3.2130000000000005,PM10,até 22 °C,70-85%
2022,10,2022-10-01,Centro-Oeste,DF,Brasília,38.95,57.69,42.22,0.45,38.5,21.4,41.5,67.5,Moderada,Out,4,Primavera,False,35.05500000000001,14.4225,10.555,3.6,3.85,PM2.5,até 22 °C,até 55%
2022,10,2022-10-01,Centro-Oeste,GO,Goiânia,34.83,70.58,24.86,0.73,38.58,27.4,89.7,64.88,Moderada,Out,4,Primavera,False,31.346999999999998,17.645,6.215,5.84,3.858,PM2.5,25-28 °C,acima de 85%
2022,10,2022-10-01,Centro-Oeste,GO,Aparecida de Goiânia,29.96,87.46,36.04,0.85,52.52,26.6,46.1,69.92,Moderada,Out,4,Primavera,False,26.964000000000002,21.865,9.01,6.8,5.252000000000001,PM2.5,25-28 °C,até 55%
2022,10,2022-10-01,Centro-Oeste,MT,Cuiabá,37.51,85.25,13.15,1.26,33.44,24.5,74.0,71.78,Moderada,Out,4,Primavera,False,33.759,21.3125,3.2875,10.08,3.344,PM2.5,22-25 °C,70-85%
2022,10,2022-10-01,Centro-Oeste,MS,Campo Grande,31.74,54.52,33.12,1.54,32.03,27.8,44.2,65.98,Moderada,Out,4,Primavera,False,28.566,13.63,8.28,12.32,3.2030000000000003,PM2.5,25-28 °C,até 55%
2022,10,2022-10-01,Sudeste,SP,São Paulo,20.99,64.37,4.77,0.36,31.78,25.0,72.3,42.24,Boa,Out,4,Primavera,False,18.891,16.0925,1.1925,2.88,3.1780000000000004,PM2.5,22-25 °C,70-85%
2022,10,2022-10-01,Sudeste,SP,Campinas,27.33,37.65,34.56,1.43,37.91,29.3,91.0,57.89,Moderada,Out,4,Primavera,False,24.596999999999998,9.4125,8.64,11.44,3.791,PM2.5,acima de 28 °C,acima de 85%
2022,10,2022-10-01,Sudeste,SP,Ribeirão Preto,13.14,60.22,17.25,0.49,64.91,31.1,54.9,41.58,Boa,Out,4,Primavera,False,11.826,15.055,4.3125,3.92,6.491,PM10,acima de 28 °C,até 55%
2022,10,2022-10-01,Sudeste,RJ,Rio de Janeiro,16.65,82.42,25.11,1.02,39.36,28.5,52.2,53.97,Moderada,Out,4,Primavera,False,14.985,20.605,6.2775,8.16,3.936,PM10,acima de 28 °C,até 55%
2022,10,2022-10-01,Sudeste,RJ,Niterói,39.48,54.4,23.45,1.13,20.29,29.1,75.2,66.07,Moderada,Out,4,Primavera,False,35.532,13.6,5.8625,9.04,2.029,PM2.5,acima de 28 °C,70-85%
2022,10,2022-10-01,Sudeste,RJ,Nova Iguaçu,44.51,65.38,17.78,0.86,37.0,24.2,52.3,71.39,Moderada,Out,4,Primavera,False,40.059,16.345,4.445,6.88,3.7,PM2.5,22-25 °C,até 55%
2022,10,2022-10-01,Sudeste,RJ,Petrópolis,31.01,114.31,5.96,1.23,40.81,24.4,82.0,71.91,Moderada,Out,4,Primavera,False,27.909000000000002,28.5775,1.49,9.84,4.081,PM10,22-25 °C,70-85%
2022,10,2022-10-01,Sudeste,MG,Belo Horizonte,29.39,63.72,34.73,0.53,49.5,22.9,84.3,60.27,Moderada,Out,4,Primavera,False,26.451,15.93,8.6825,4.24,4.95,PM2.5,22-25 °C,70-85%
2022,10,2022-10-01,Sudeste,MG,Uberlândia,24.56,96.5,20.94,1.32,56.02,28.3,80.8,67.65,Moderada,Out,4,Primavera,False,22.104,24.125,5.235,10.56,5.602,PM10,acima de 28 °C,70-85%
2022,10,2022-10-01,Sudeste,MG,Juiz de Fora,36.24,46.88,19.74,1.33,33.35,27.4,45.6,63.22,Moderada,Out,4,Primavera,False,32.616,11.72,4.935,10.64,3.3350000000000004,PM2.5,25-28 °C,até 55%
2022,10,2022-10-01,Sudeste,ES,Vitória,33.85,57.16,17.12,0.43,56.41,29.9,85.0,58.12,Moderada,Out,4,Primavera,False,30.465000000000003,14.29,4.28,3.44,5.641,PM2.5,acima de 28 °C,70-85%
2022,10,2022-10-01,Sudeste,ES,Vila Velha,33.81,36.37,12.72,0.48,42.93,25.6,64.6,50.85,Moderada,Out,4,Primavera,False,30.429000000000002,9.0925,3.18,3.84,4.293,PM2.5,25-28 °C,55-70%
2022,10,2022-10-01,Sudeste,ES,Serra,34.23,80.17,31.64,1.25,32.09,29.2,77.2,71.96,Moderada,Out,4,Primavera,False,30.807,20.0425,7.91,10.0,3.2090000000000005,PM2.5,acima de 28 °C,70-85%
2022,10,2022-10-01,Sul,PR,Curitiba,36.91,81.02,32.01,1.12,30.52,24.7,68.1,73.49,Moderada,Out,4,Primavera,False,33.219,20.255,8.0025,8.96,3.052,PM2.5,22-25 °C,55-70%
2022,10,2022-10-01,Sul,PR,Londrina,21.47,79.26,23.82,0.88,47.74,27.1,87.5,56.94,Moderada,Out,4,Primavera,False,19.323,19.815,5.955,7.04,4.774,PM10,25-28 °C,acima de 85%
2022,10,2022-10-01,Sul,SC,Florianópolis,25.22,54.11,19.94,1.02,46.14,23.2,46.6,53.96,Moderada,Out,4,Primavera,False,22.698,13.5275,4.985,8.16,4.614,PM2.5,22-25 °C,até 55%
2022,10,2022-10-01,Sul,SC,Joinville,41.58,53.97,37.09,0.41,40.3,21.5,73.1,67.51,Moderada,Out,4,Primavera,False,37.422,13.4925,9.2725,3.28,4.03,PM2.5,até 22 °C,70-85%
2022,10,2022-10-01,Sul,RS,Porto Alegre,26.49,86.15,32.8,1.4,44.1,28.2,42.8,69.23,Moderada,Out,4,Primavera,False,23.840999999999998,21.5375,8.2,11.2,4.41,PM2.5,acima de 28 °C,até 55%
2022,10,2022-10-01,Sul,RS,Caxias do Sul,42.01,68.05,34.77,1.76,30.23,29.1,50.5,80.59,Ruim,Out,4,Primavera,True,37.809,17.0125,8.6925,14.08,3.023,PM2.5,acima de 28 °C,até 55%
2022,11,2022-11-01,Norte,AM,Manaus,19.38,29.27,38.43,1.65,38.13,25.6,45.3,51.36,Moderada,Nov,4,Primavera,False,17.442,7.3175,9.6075,13.2,3.8130000000000006,PM2.5,25-28 °C,até 55%
2022,11,2022-11-01,Norte,PA,Belém,30.44,57.31,21.98,1.27,27.2,24.0,86.0,60.09,Moderada,Nov,4,Primavera,False,27.396,14.3275,5.495,10.16,2.72,PM2.5,22-25 °C,acima de 85%
2022,11,2022-11-01,Norte,PA,Santarém,45.0,87.35,23.33,0.43,42.07,24.9,72.2,75.85,Moderada,Nov,4,Primavera,False,40.5,21.8375,5.8325,3.44,4.207,PM2.5,22-25 °C,70-85%
2022,11,2022-11-01,Norte,RO,Porto Velho,30.42,80.73,24.75,0.8,29.34,27.6,79.5,63.09,Moderada,Nov,4,Primavera,False,27.378000000000004,20.1825,6.1875,6.4,2.934,PM2.5,25-28 °C,70-85%
2022,11,2022-11-01,Norte,TO,Palmas,36.02,100.79,29.24,0.8,27.44,24.3,61.2,74.1,Moderada,Nov,4,Primavera,False,32.418000000000006,25.1975,7.31,6.4,2.744,PM2.5,22-25 °C,55-70%
2022,11,2022-11-01,Nordeste,BA,Salvador,26.87,64.45,24.28,1.55,33.19,28.6,41.2,62.08,Moderada,Nov,4,Primavera,False,24.183,16.1125,6.07,12.4,3.319,PM2.5,acima de 28 °C,até 55%
2022,11,2022-11-01,Nordeste,BA,Feira de Santana,45.16,55.58,47.01,1.63,46.99,26.7,66.7,84.0,Ruim,Nov,4,Primavera,True,40.644,13.895,11.7525,13.04,4.699000000000001,PM2.5,25-28 °C,55-70%
2022,11,2022-11-01,Nordeste,PE,Recife,23.21,79.38,20.69,0.47,43.45,25.2,79.7,54.05,Moderada,Nov,4,Primavera,False,20.889000000000003,19.845,5.1725,3.76,4.345000000000001,PM2.5,25-28 °C,70-85%
2022,11,2022-11-01,Nordeste,PE,Jaboatão dos Guararapes,35.79,74.26,26.09,0.4,25.6,26.8,73.2,63.08,Moderada,Nov,4,Primavera,False,32.211,18.565,6.5225,3.2,2.5600000000000005,PM2.5,25-28 °C,70-85%
2022,11,2022-11-01,Nordeste,CE,Fortaleza,19.06,61.55,21.12,0.31,37.96,28.1,54.1,44.12,Boa,Nov,4,Primavera,False,17.154,15.3875,5.28,2.48,3.7960000000000003,PM2.5,acima de 28 °C,até 55%
2022,11,2022-11-01,Nordeste,CE,Juazeiro do Norte,27.91,85.36,20.18,1.74,38.67,22.5,69.3,69.27,Moderada,Nov,4,Primavera,False,25.119,21.34,5.045,13.92,3.8670000000000004,PM2.5,22-25 °C,55-70%
2022,11,2022-11-01,Nordeste,MA,São Luís,23.88,61.68,34.52,1.33,56.66,26.4,84.4,61.83,Moderada,Nov,4,Primavera,False,21.492,15.42,8.63,10.64,5.666,PM2.5,25-28 °C,70-85%
2022,11,2022-11-01,Nordeste,PB,João Pessoa,44.03,56.89,23.65,0.97,41.23,23.5,86.0,71.66,Moderada,Nov,4,Primavera,False,39.627,14.2225,5.9125,7.76,4.123,PM2.5,22-25 °C,acima de 85%
2022,11,2022-11-01,Centro-Oeste,DF,Brasília,45.24,71.55,25.83,1.61,32.56,25.2,94.8,81.2,Ruim,Nov,4,Primavera,True,40.716,17.8875,6.4575,12.88,3.2560000000000002,PM2.5,25-28 °C,acima de 85%
2022,11,2022-11-01,Centro-Oeste,GO,Goiânia,26.53,110.73,1.98,1.59,56.18,27.4,67.3,70.4,Moderada,Nov,4,Primavera,False,23.877000000000002,27.6825,0.495,12.72,5.618,PM10,25-28 °C,55-70%
2022,11,2022-11-01,Centro-Oeste,GO,Aparecida de Goiânia,37.5,81.78,25.85,1.75,36.87,18.6,62.2,78.31,Moderada,Nov,4,Primavera,False,33.75,20.445,6.4625,14.0,3.687,PM2.5,até 22 °C,55-70%
2022,11,2022-11-01,Centro-Oeste,MT,Cuiabá,36.03,65.4,11.59,1.51,36.97,25.4,58.2,67.43,Moderada,Nov,4,Primavera,False,32.427,16.35,2.8975,12.08,3.697,PM2.5,25-28 °C,55-70%
2022,11,2022-11-01,Centro-Oeste,MS,Campo Grande,37.54,76.23,37.69,1.68,24.97,22.6,84.3,78.21,Moderada,Nov,4,Primavera,False,33.786,19.0575,9.4225,13.44,2.497,PM2.5,22-25 °C,70-85%
2022,11,2022-11-01,Sudeste,SP,São Paulo,36.72,63.37,19.55,0.54,22.0,29.3,63.7,60.32,Moderada,Nov,4,Primavera,False,33.048,15.8425,4.8875,4.32,2.2,PM2.5,acima de 28 °C,55-70%
2022,11,2022-11-01,Sudeste,SP,Campinas,39.35,57.09,30.49,0.75,47.62,24.6,69.6,68.1,Moderada,Nov,4,Primavera,False,35.415,14.2725,7.6225,6.0,4.762,PM2.5,22-25 °C,55-70%
2022,11,2022-11-01,Sudeste,SP,Ribeirão Preto,23.65,91.71,31.12,1.17,33.19,19.8,82.2,64.63,Moderada,Nov,4,Primavera,False,21.285,22.9275,7.78,9.36,3.319,PM10,até 22 °C,70-85%
2022,11,2022-11-01,Sudeste,RJ,Rio de Janeiro,37.29,66.88,17.64,0.81,33.71,24.6,89.1,64.57,Moderada,Nov,4,Primavera,False,33.561,16.72,4.41,6.48,3.3710000000000004,PM2.5,22-25 °C,acima de 85%
2022,11,2022-11-01,Sudeste,RJ,Niterói,38.7,78.48,18.92,1.08,63.43,30.9,93.0,74.15,Moderada,Nov,4,Primavera,False,34.830000000000005,19.62,4.73,8.64,6.343,PM2.5,acima de 28 °C,acima de 85%
2022,11,2022-11-01,Sudeste,RJ,Nova Iguaçu,37.63,57.37,25.64,1.77,50.11,24.5,80.5,73.81,Moderada,Nov,4,Primavera,False,33.867000000000004,14.3425,6.41,14.16,5.011,PM2.5,22-25 °C,70-85%
2022,11,2022-11-01,Sudeste,RJ,Petrópolis,29.66,60.05,14.3,1.74,40.54,19.0,67.0,63.28,Moderada,Nov,4,Primavera,False,26.694,15.0125,3.575,13.92,4.054,PM2.5,até 22 °C,55-70%
2022,11,2022-11-01,Sudeste,MG,Belo Horizonte,40.09,57.13,32.43,1.41,29.99,22.9,55.2,72.76,Moderada,Nov,4,Primavera,False,36.081,14.2825,8.1075,11.28,2.999,PM2.5,22-25 °C,55-70%
2022,11,2022-11-01,Sudeste,MG,Uberlândia,29.16,61.43,40.86,0.39,35.79,21.4,62.5,58.51,Moderada,Nov,4,Primavera,False,26.244,15.3575,10.215,3.12,3.579,PM2.5,até 22 °C,55-70%
2022,11,2022-11-01,Sudeste,MG,Juiz de Fora,37.68,120.37,32.93,0.37,33.78,22.0,62.0,78.54,Moderada,Nov,4,Primavera,False,33.912,30.0925,8.2325,2.96,3.378,PM2.5,até 22 °C,55-70%
2022,11,2022-11-01,Sudeste,ES,Vitória,37.45,54.1,29.09,0.58,35.51,27.4,88.5,62.69,Moderada,Nov,4,Primavera,False,33.705000000000005,13.525,7.2725,4.64,3.551,PM2.5,25-28 °C,acima de 85%
2022,11,2022-11-01,Sudeste,ES,Vila Velha,36.78,14.98,22.82,1.39,37.47,25.0,92.4,57.39,Moderada,Nov,4,Primavera,False,33.102000000000004,3.745,5.705,11.12,3.747,PM2.5,22-25 °C,acima de 85%
2022,11,2022-11-01,Sudeste,ES,Serra,42.61,76.23,24.39,0.53,44.11,21.1,93.1,72.19,Moderada,Nov,4,Primavera,False,38.349000000000004,19.0575,6.0975,4.24,4.4110000000000005,PM2.5,até 22 °C,acima de 85%
2022,11,2022-11-01,Sul,PR,Curitiba,48.36,95.81,11.35,0.41,47.32,26.3,73.9,78.35,Moderada,Nov,4,Primavera,False,43.524,23.9525,2.8375,3.28,4.732,PM2.5,25-28 °C,70-85%
2022,11,2022-11-01,Sul,PR,Londrina,42.57,73.94,30.13,1.2,57.42,23.1,89.6,79.7,Moderada,Nov,4,Primavera,False,38.313,18.485,7.5325,9.6,5.742000000000001,PM2.5,22-25 °C,acima de 85%
2022,11,2022-11-01,Sul,SC,Florianópolis,43.79,43.48,18.46,1.32,22.34,21.9,47.7,67.66,Moderada,Nov,4,Primavera,False,39.411,10.87,4.615,10.56,2.234,PM2.5,até 22 °C,até 55%
2022,11,2022-11-01,Sul,SC,Joinville,36.02,80.21,33.2,0.6,38.31,26.6,83.5,69.44,Moderada,Nov,4,Primavera,False,32.418000000000006,20.0525,8.3,4.8,3.8310000000000004,PM2.5,25-28 °C,70-85%
2022,11,2022-11-01,Sul,RS,Porto Alegre,23.93,75.74,35.34,1.37,39.01,22.2,77.5,64.18,Moderada,Nov,4,Primavera,False,21.537,18.935,8.835,10.96,3.901,PM2.5,22-25 °C,70-85%
2022,11,2022-11-01,Sul,RS,Caxias do Sul,29.46,83.64,34.7,0.86,53.12,22.1,63.9,68.27,Moderada,Nov,4,Primavera,False,26.514000000000003,20.91,8.675,6.88,5.312,PM2.5,22-25 °C,55-70%
2022,12,2022-12-01,Norte,AM,Manaus,48.33,92.8,15.77,0.77,18.3,29.4,45.7,78.65,Moderada,Dez,4,Verão,False,43.497,23.2,3.9425,6.16,1.83,PM2.5,acima de 28 °C,até 55%
2022,12,2022-12-01,Norte,PA,Belém,40.29,91.04,37.68,0.51,38.89,22.3,50.9,76.42,Moderada,Dez,4,Verão,False,36.261,22.76,9.42,4.08,3.8890000000000002,PM2.5,22-25 °C,até 55%
2022,12,2022-12-01,Norte,PA,Santarém,37.82,59.61,18.23,1.75,37.07,20.7,83.8,71.18,Moderada,Dez,4,Verão,False,34.038000000000004,14.9025,4.5575,14.0,3.7070000000000003,PM2.5,até 22 °C,70-85%
2022,12,2022-12-01,Norte,RO,Porto Velho,37.25,86.98,13.45,1.07,14.22,23.9,64.8,68.62,Moderada,Dez,4,Verão,False,33.525,21.745,3.3625,8.56,1.4220000000000002,PM2.5,22-25 °C,55-70%
2022,12,2022-12-01,Norte,TO,Palmas,45.57,70.19,16.09,0.89,44.98,23.0,54.5,74.17,Moderada,Dez,4,Verão,False,41.013,17.5475,4.0225,7.12,4.498,PM2.5,22-25 °C,até 55%
2022,12,2022-12-01,Nordeste,BA,Salvador,36.07,87.97,21.91,0.84,56.34,24.1,85.4,72.31,Moderada,Dez,4,Verão,False,32.463,21.9925,5.4775,6.72,5.634,PM2.5,22-25 °C,acima de 85%
2022,12,2022-12-01,Nordeste,BA,Feira de Santana,35.83,43.87,18.19,0.57,44.39,24.7,55.6,56.79,Moderada,Dez,4,Verão,False,32.247,10.9675,4.5475,4.56,4.439,PM2.5,22-25 °C,55-70%
2022,12,2022-12-01,Nordeste,PE,Recife,35.27,78.98,36.73,0.83,25.84,24.2,78.4,69.86,Moderada,Dez,4,Verão,False,31.743000000000002,19.745,9.1825,6.64,2.584,PM2.5,22-25 °C,70-85%
2022,12,2022-12-01,Nordeste,PE,Jaboatão dos Guararapes,53.71,65.17,35.78,0.83,37.16,28.6,51.7,83.92,Ruim,Dez,4,Verão,True,48.339,16.2925,8.945,6.64,3.7159999999999997,PM2.5,acima de 28 °C,até 55%
2022,12,2022-12-01,Nordeste,CE,Fortaleza,38.54,6.72,20.0,1.46,39.57,27.1,70.7,56.98,Moderada,Dez,4,Verão,False,34.686,1.68,5.0,11.68,3.9570000000000003,PM2.5,25-28 °C,70-85%
2022,12,2022-12-01,Nordeste,CE,Juazeiro do Norte,39.82,64.71,28.48,1.55,33.75,21.1,54.8,74.91,Moderada,Dez,4,Verão,False,35.838,16.1775,7.12,12.4,3.375,PM2.5,até 22 °C,até 55%
2022,12,2022-12-01,Nordeste,MA,São Luís,27.22,93.89,31.59,1.65,40.08,27.3,88.2,73.11,Moderada,Dez,4,Verão,False,24.498,23.4725,7.8975,13.2,4.008,PM2.5,25-28 °C,acima de 85%
2022,12,2022-12-01,Nordeste,PB,João Pessoa,14.7,77.01,15.32,1.61,41.51,25.3,91.0,53.31,Moderada,Dez,4,Verão,False,13.23,19.2525,3.83,12.88,4.151,PM10,25-28 °C,acima de 85%
2022,12,2022-12-01,Centro-Oeste,DF,Brasília,20.57,60.83,27.01,1.02,49.21,25.2,58.4,53.57,Moderada,Dez,4,Verão,False,18.513,15.2075,6.7525,8.16,4.921,PM2.5,25-28 °C,55-70%
2022,12,2022-12-01,Centro-Oeste,GO,Goiânia,23.27,74.65,38.59,0.35,30.01,28.0,47.5,55.04,Moderada,Dez,4,Verão,False,20.943,18.6625,9.6475,2.8,3.0010000000000003,PM2.5,25-28 °C,até 55%
2022,12,2022-12-01,Centro-Oeste,GO,Aparecida de Goiânia,37.72,26.47,34.02,0.63,52.06,25.1,61.6,59.31,Moderada,Dez,4,Verão,False,33.948,6.6175,8.505,5.04,5.206,PM2.5,25-28 °C,55-70%
2022,12,2022-12-01,Centro-Oeste,MT,Cuiabá,34.05,63.29,21.21,1.1,33.57,24.8,93.6,63.93,Moderada,Dez,4,Verão,False,30.645,15.8225,5.3025,8.8,3.357,PM2.5,22-25 °C,acima de 85%
2022,12,2022-12-01,Centro-Oeste,MS,Campo Grande,31.49,61.7,9.7,1.08,43.94,24.3,45.9,59.19,Moderada,Dez,4,Verão,False,28.340999999999998,15.425,2.425,8.64,4.394,PM2.5,22-25 °C,até 55%
2022,12,2022-12-01,Sudeste,SP,São Paulo,33.27,41.42,28.62,0.48,36.41,26.4,83.2,54.97,Moderada,Dez,4,Verão,False,29.943000000000005,10.355,7.155,3.84,3.641,PM2.5,25-28 °C,70-85%
2022,12,2022-12-01,Sudeste,SP,Campinas,27.25,78.94,5.9,0.64,37.6,24.4,86.0,54.61,Moderada,Dez,4,Verão,False,24.525000000000002,19.735,1.475,5.12,3.7600000000000002,PM2.5,22-25 °C,acima de 85%
2022,12,2022-12-01,Sudeste,SP,Ribeirão Preto,56.8,82.89,33.41,0.37,50.5,26.5,41.2,88.17,Ruim,Dez,4,Verão,True,51.12,20.7225,8.3525,2.96,5.050000000000001,PM2.5,25-28 °C,até 55%
2022,12,2022-12-01,Sudeste,RJ,Rio de Janeiro,40.88,101.38,15.41,0.74,42.38,23.3,60.1,76.18,Moderada,Dez,4,Verão,False,36.792,25.345,3.8525,5.92,4.238,PM2.5,22-25 °C,55-70%
2022,12,2022-12-01,Sudeste,RJ,Niterói,48.63,52.89,14.05,0.95,58.17,28.9,58.2,73.9,Moderada,Dez,4,Verão,False,43.767,13.2225,3.5125,7.6,5.817,PM2.5,acima de 28 °C,55-70%
2022,12,2022-12-01,Sudeste,RJ,Nova Iguaçu,46.55,68.18,33.78,1.09,35.86,28.3,51.3,79.66,Moderada,Dez,4,Verão,False,41.894999999999996,17.045,8.445,8.72,3.5860000000000003,PM2.5,acima de 28 °C,até 55%
2022,12,2022-12-01,Sudeste,RJ,Petrópolis,32.34,73.54,23.8,0.99,48.31,20.9,78.6,66.18,Moderada,Dez,4,Verão,False,29.106000000000005,18.385,5.95,7.92,4.831,PM2.5,até 22 °C,70-85%
2022,12,2022-12-01,Sudeste,MG,Belo Horizonte,46.47,67.32,23.82,0.84,33.39,23.3,80.3,74.68,Moderada,Dez,4,Verão,False,41.823,16.83,5.955,6.72,3.3390000000000004,PM2.5,22-25 °C,70-85%
2022,12,2022-12-01,Sudeste,MG,Uberlândia,19.11,72.56,13.57,1.51,50.85,28.3,43.1,55.9,Moderada,Dez,4,Verão,False,17.199,18.14,3.3925,12.08,5.085000000000001,PM10,acima de 28 °C,até 55%
2022,12,2022-12-01,Sudeste,MG,Juiz de Fora,20.93,91.99,11.97,0.7,36.34,23.4,74.4,54.03,Moderada,Dez,4,Verão,False,18.837,22.9975,2.9925,5.6,3.6340000000000003,PM10,22-25 °C,70-85%
2022,12,2022-12-01,Sudeste,ES,Vitória,33.52,58.5,32.24,0.78,45.65,30.3,40.1,63.66,Moderada,Dez,4,Verão,False,30.168000000000003,14.625,8.06,6.24,4.565,PM2.5,acima de 28 °C,até 55%
2022,12,2022-12-01,Sudeste,ES,Vila Velha,42.75,64.78,34.23,1.25,29.68,22.3,84.7,76.2,Moderada,Dez,4,Verão,False,38.475,16.195,8.5575,10.0,2.968,PM2.5,22-25 °C,70-85%
2022,12,2022-12-01,Sudeste,ES,Serra,38.65,77.19,33.2,0.44,38.41,27.8,72.1,69.75,Moderada,Dez,4,Verão,False,34.785,19.2975,8.3,3.52,3.8409999999999997,PM2.5,25-28 °C,70-85%
2022,12,2022-12-01,Sul,PR,Curitiba,38.42,57.56,26.38,0.91,27.38,31.6,67.7,65.61,Moderada,Dez,4,Verão,False,34.578,14.39,6.595,7.28,2.738,PM2.5,acima de 28 °C,55-70%
2022,12,2022-12-01,Sul,PR,Londrina,16.69,47.17,38.3,1.37,26.13,27.6,87.5,49.94,Boa,Dez,4,Verão,False,15.021,11.7925,9.575,10.96,2.613,PM2.5,25-28 °C,acima de 85%
2022,12,2022-12-01,Sul,SC,Florianópolis,23.71,64.85,19.79,1.66,48.36,27.8,77.1,60.63,Moderada,Dez,4,Verão,False,21.339000000000002,16.2125,4.9475,13.28,4.836,PM2.5,25-28 °C,70-85%
2022,12,2022-12-01,Sul,SC,Joinville,23.94,62.31,30.62,0.7,46.73,23.9,81.3,55.03,Moderada,Dez,4,Verão,False,21.546000000000003,15.5775,7.655,5.6,4.673,PM2.5,22-25 °C,70-85%
2022,12,2022-12-01,Sul,RS,Porto Alegre,47.29,87.92,16.42,1.05,39.16,23.4,40.3,80.96,Ruim,Dez,4,Verão,True,42.561,21.98,4.105,8.4,3.916,PM2.5,22-25 °C,até 55%
2022,12,2022-12-01,Sul,RS,Caxias do Sul,22.92,38.96,15.45,1.49,39.15,24.3,59.7,50.09,Moderada,Dez,4,Verão,False,20.628000000000004,9.74,3.8625,11.92,3.915,PM2.5,22-25 °C,55-70%
2023,1,2023-01-01,Norte,AM,Manaus,25.65,52.91,39.66,0.76,36.68,27.7,87.6,56.0,Moderada,Jan,1,Verão,False,23.085,13.2275,9.915,6.08,3.668,PM2.5,25-28 °C,acima de 85%
2023,1,2023-01-01,Norte,PA,Belém,37.92,73.73,21.43,1.19,51.92,23.4,79.1,72.61,Moderada,Jan,1,Verão,False,34.128,18.4325,5.3575,9.52,5.192,PM2.5,22-25 °C,70-85%
2023,1,2023-01-01,Norte,PA,Santarém,44.93,77.75,31.55,0.77,30.97,25.7,45.2,77.0,Moderada,Jan,1,Verão,False,40.437,19.4375,7.8875,6.16,3.097,PM2.5,25-28 °C,até 55%
2023,1,2023-01-01,Norte,RO,Porto Velho,26.2,59.63,14.42,0.99,49.05,27.1,87.8,54.88,Moderada,Jan,1,Verão,False,23.58,14.9075,3.605,7.92,4.905,PM2.5,25-28 °C,acima de 85%
2023,1,2023-01-01,Norte,TO,Palmas,35.1,40.45,33.27,1.56,35.97,27.5,56.8,66.13,Moderada,Jan,1,Verão,False,31.590000000000003,10.1125,8.3175,12.48,3.597,PM2.5,25-28 °C,55-70%
2023,1,2023-01-01,Nordeste,BA,Salvador,25.16,93.82,22.24,0.82,61.52,27.3,61.6,64.41,Moderada,Jan,1,Verão,False,22.644000000000002,23.455,5.56,6.56,6.152000000000001,PM10,25-28 °C,55-70%
2023,1,2023-01-01,Nordeste,BA,Feira de Santana,40.06,64.67,15.58,1.46,50.31,27.0,60.4,72.83,Moderada,Jan,1,Verão,False,36.054,16.1675,3.895,11.68,5.031000000000001,PM2.5,25-28 °C,55-70%
2023,1,2023-01-01,Nordeste,PE,Recife,29.07,82.28,24.86,0.9,48.26,25.6,78.0,64.96,Moderada,Jan,1,Verão,False,26.163,20.57,6.215,7.2,4.8260000000000005,PM2.5,25-28 °C,70-85%
2023,1,2023-01-01,Nordeste,PE,Jaboatão dos Guararapes,57.09,88.05,20.03,0.97,20.65,29.2,40.7,88.2,Ruim,Jan,1,Verão,True,51.38100000000001,22.0125,5.0075,7.76,2.065,PM2.5,acima de 28 °C,até 55%
2023,1,2023-01-01,Nordeste,CE,Fortaleza,29.33,59.89,11.77,1.17,50.03,21.8,79.3,58.71,Moderada,Jan,1,Verão,False,26.397,14.9725,2.9425,9.36,5.003,PM2.5,até 22 °C,70-85%
2023,1,2023-01-01,Nordeste,CE,Juazeiro do Norte,31.43,67.9,26.24,0.32,40.41,22.1,71.7,58.45,Moderada,Jan,1,Verão,False,28.287,16.975,6.56,2.56,4.0409999999999995,PM2.5,22-25 °C,70-85%
2023,1,2023-01-01,Nordeste,MA,São Luís,43.49,73.44,8.78,0.92,43.46,28.7,63.3,71.41,Moderada,Jan,1,Verão,False,39.141000000000005,18.36,2.195,7.36,4.346,PM2.5,acima de 28 °C,55-70%
2023,1,2023-01-01,Nordeste,PB,João Pessoa,16.22,58.68,29.09,0.82,39.33,23.6,83.7,47.0,Boa,Jan,1,Verão,False,14.597999999999999,14.67,7.2725,6.56,3.933,PM10,22-25 °C,70-85%
2023,1,2023-01-01,Centro-Oeste,DF,Brasília,39.83,71.68,18.01,1.54,44.97,22.3,59.4,75.1,Moderada,Jan,1,Verão,False,35.847,17.92,4.5025,12.32,4.497,PM2.5,22-25 °C,55-70%
2023,1,2023-01-01,Centro-Oeste,GO,Goiânia,30.96,65.03,16.21,1.46,54.49,21.4,62.3,65.27,Moderada,Jan,1,Verão,False,27.864,16.2575,4.0525,11.68,5.449000000000001,PM2.5,até 22 °C,55-70%
2023,1,2023-01-01,Centro-Oeste,GO,Aparecida de Goiânia,22.32,83.7,16.32,0.67,32.84,21.5,88.7,53.76,Moderada,Jan,1,Verão,False,20.088,20.925,4.08,5.36,3.2840000000000007,PM10,até 22 °C,acima de 85%
2023,1,2023-01-01,Centro-Oeste,MT,Cuiabá,37.04,70.44,33.56,1.44,48.81,27.5,67.9,75.75,Moderada,Jan,1,Verão,False,33.336,17.61,8.39,11.52,4.881,PM2.5,25-28 °C,55-70%
2023,1,2023-01-01,Centro-Oeste,MS,Campo Grande,31.13,84.62,14.42,1.12,56.35,30.7,94.7,67.41,Moderada,Jan,1,Verão,False,28.017,21.155,3.605,8.96,5.635000000000001,PM2.5,acima de 28 °C,acima de 85%
2023,1,2023-01-01,Sudeste,SP,São Paulo,27.66,33.88,22.55,0.53,38.54,24.6,75.5,47.11,Boa,Jan,1,Verão,False,24.894000000000002,8.47,5.6375,4.24,3.854,PM2.5,22-25 °C,70-85%
2023,1,2023-01-01,Sudeste,SP,Campinas,29.76,66.91,24.52,1.79,45.88,29.1,48.0,68.51,Moderada,Jan,1,Verão,False,26.784000000000002,16.7275,6.13,14.32,4.588,PM2.5,acima de 28 °C,até 55%
2023,1,2023-01-01,Sudeste,SP,Ribeirão Preto,33.31,80.6,25.71,0.74,46.2,28.1,92.5,67.1,Moderada,Jan,1,Verão,False,29.979000000000003,20.15,6.4275,5.92,4.62,PM2.5,acima de 28 °C,acima de 85%
2023,1,2023-01-01,Sudeste,RJ,Rio de Janeiro,39.87,71.74,24.38,1.66,24.68,23.5,54.7,75.68,Moderada,Jan,1,Verão,False,35.882999999999996,17.935,6.095,13.28,2.468,PM2.5,22-25 °C,até 55%
2023,1,2023-01-01,Sudeste,RJ,Niterói,29.34,69.94,10.15,0.89,26.48,29.4,74.7,56.18,Moderada,Jan,1,Verão,False,26.406,17.485,2.5375,7.12,2.648,PM2.5,acima de 28 °C,70-85%
2023,1,2023-01-01,Sudeste,RJ,Nova Iguaçu,40.32,73.25,13.52,1.13,33.79,26.9,89.4,70.42,Moderada,Jan,1,Verão,False,36.288000000000004,18.3125,3.38,9.04,3.379,PM2.5,25-28 °C,acima de 85%
2023,1,2023-01-01,Sudeste,RJ,Petrópolis,28.89,68.72,26.46,1.32,43.46,20.3,62.6,64.69,Moderada,Jan,1,Verão,False,26.001,17.18,6.615,10.56,4.346,PM2.5,até 22 °C,55-70%
2023,1,2023-01-01,Sudeste,MG,Belo Horizonte,50.59,62.82,31.72,0.32,50.02,21.9,46.2,76.7,Moderada,Jan,1,Verão,False,45.531000000000006,15.705,7.93,2.56,5.002000000000001,PM2.5,até 22 °C,até 55%
2023,1,2023-01-01,Sudeste,MG,Uberlândia,41.07,80.35,28.2,0.64,27.35,29.2,45.8,71.97,Moderada,Jan,1,Verão,False,36.963,20.0875,7.05,5.12,2.7350000000000003,PM2.5,acima de 28 °C,até 55%
2023,1,2023-01-01,Sudeste,MG,Juiz de Fora,23.76,77.29,28.67,0.71,14.64,21.7,62.5,55.04,Moderada,Jan,1,Verão,False,21.384,19.3225,7.1675,5.68,1.4640000000000002,PM2.5,até 22 °C,55-70%
2023,1,2023-01-01,Sudeste,ES,Vitória,24.46,74.84,22.92,0.79,33.02,18.0,53.6,56.05,Moderada,Jan,1,Verão,False,22.014000000000003,18.71,5.73,6.32,3.3020000000000005,PM2.5,até 22 °C,até 55%
2023,1,2023-01-01,Sudeste,ES,Vila Velha,42.95,83.25,28.78,0.49,24.56,26.7,68.9,73.08,Moderada,Jan,1,Verão,False,38.655,20.8125,7.195,3.92,2.456,PM2.5,25-28 °C,55-70%
2023,1,2023-01-01,Sudeste,ES,Serra,36.36,58.05,9.39,1.53,33.22,29.5,77.9,65.16,Moderada,Jan,1,Verão,False,32.724000000000004,14.5125,2.3475,12.24,3.322,PM2.5,acima de 28 °C,70-85%
2023,1,2023-01-01,Sul,PR,Curitiba,34.91,91.73,34.02,1.48,36.14,26.0,55.8,78.32,Moderada,Jan,1,Verão,False,31.418999999999997,22.9325,8.505,11.84,3.6140000000000003,PM2.5,25-28 °C,55-70%
2023,1,2023-01-01,Sul,PR,Londrina,56.94,59.96,42.46,1.25,37.6,27.7,63.6,90.64,Ruim,Jan,1,Verão,True,51.246,14.99,10.615,10.0,3.7600000000000002,PM2.5,25-28 °C,55-70%
2023,1,2023-01-01,Sul,SC,Florianópolis,44.5,85.46,18.65,1.49,55.79,25.2,85.5,83.55,Ruim,Jan,1,Verão,True,40.050000000000004,21.365,4.6625,11.92,5.579000000000001,PM2.5,25-28 °C,acima de 85%
2023,1,2023-01-01,Sul,SC,Joinville,45.94,58.41,18.88,1.02,45.04,28.1,91.9,73.31,Moderada,Jan,1,Verão,False,41.346,14.6025,4.72,8.16,4.5040000000000004,PM2.5,acima de 28 °C,acima de 85%
2023,1,2023-01-01,Sul,RS,Porto Alegre,33.02,74.79,21.63,1.29,34.53,27.5,70.4,67.6,Moderada,Jan,1,Verão,False,29.718000000000004,18.6975,5.4075,10.32,3.4530000000000003,PM2.5,25-28 °C,70-85%
2023,1,2023-01-01,Sul,RS,Caxias do Sul,33.98,66.34,23.82,1.21,39.92,29.0,49.2,66.77,Moderada,Jan,1,Verão,False,30.581999999999997,16.585,5.955,9.68,3.9920000000000004,PM2.5,acima de 28 °C,até 55%
2023,2,2023-02-01,Norte,AM,Manaus,35.97,69.36,21.96,0.81,45.25,25.2,49.6,66.21,Moderada,Fev,1,Verão,False,32.373,17.34,5.49,6.48,4.525,PM2.5,25-28 °C,até 55%
2023,2,2023-02-01,Norte,PA,Belém,25.27,63.52,7.68,0.47,31.38,29.6,66.4,47.47,Boa,Fev,1,Verão,False,22.743,15.88,1.92,3.76,3.138,PM2.5,acima de 28 °C,55-70%
2023,2,2023-02-01,Norte,PA,Santarém,42.44,42.44,23.63,1.29,44.34,25.2,83.4,69.49,Moderada,Fev,1,Verão,False,38.196,10.61,5.9075,10.32,4.434,PM2.5,25-28 °C,70-85%
2023,2,2023-02-01,Norte,RO,Porto Velho,48.2,56.42,22.36,0.71,39.68,22.6,54.5,72.75,Moderada,Fev,1,Verão,False,43.38,14.105,5.59,5.68,3.968,PM2.5,22-25 °C,até 55%
2023,2,2023-02-01,Norte,TO,Palmas,30.51,72.98,32.14,1.66,40.32,28.5,61.9,71.03,Moderada,Fev,1,Verão,False,27.459000000000003,18.245,8.035,13.28,4.032,PM2.5,acima de 28 °C,55-70%
2023,2,2023-02-01,Nordeste,BA,Salvador,32.54,62.87,25.73,0.95,41.52,24.2,54.8,63.18,Moderada,Fev,1,Verão,False,29.286,15.7175,6.4325,7.6,4.152,PM2.5,22-25 °C,até 55%
2023,2,2023-02-01,Nordeste,BA,Feira de Santana,27.43,72.68,34.71,1.15,44.75,20.4,68.9,65.18,Moderada,Fev,1,Verão,False,24.687,18.17,8.6775,9.2,4.4750000000000005,PM2.5,até 22 °C,55-70%
2023,2,2023-02-01,Nordeste,PE,Recife,27.49,52.55,24.68,0.79,30.23,27.3,58.7,53.37,Moderada,Fev,1,Verão,False,24.741,13.1375,6.17,6.32,3.023,PM2.5,25-28 °C,55-70%
2023,2,2023-02-01,Nordeste,PE,Jaboatão dos Guararapes,38.66,73.64,16.21,0.98,58.8,29.8,65.3,70.97,Moderada,Fev,1,Verão,False,34.794,18.41,4.0525,7.84,5.88,PM2.5,acima de 28 °C,55-70%
2023,2,2023-02-01,Nordeste,CE,Fortaleza,31.17,60.27,17.98,1.22,28.83,22.8,59.7,60.27,Moderada,Fev,1,Verão,False,28.053,15.0675,4.495,9.76,2.883,PM2.5,22-25 °C,55-70%
2023,2,2023-02-01,Nordeste,CE,Juazeiro do Norte,31.94,61.56,35.77,0.74,46.56,23.0,61.7,63.68,Moderada,Fev,1,Verão,False,28.746000000000002,15.39,8.9425,5.92,4.656000000000001,PM2.5,22-25 °C,55-70%
2023,2,2023-02-01,Nordeste,MA,São Luís,25.11,103.82,36.27,0.37,36.79,28.5,73.3,64.28,Moderada,Fev,1,Verão,False,22.599,25.955,9.0675,2.96,3.6790000000000003,PM10,acima de 28 °C,70-85%
2023,2,2023-02-01,Nordeste,PB,João Pessoa,31.66,77.32,10.2,0.59,42.62,27.4,73.9,59.32,Moderada,Fev,1,Verão,False,28.494,19.33,2.55,4.72,4.262,PM2.5,25-28 °C,70-85%
2023,2,2023-02-01,Centro-Oeste,DF,Brasília,30.0,58.5,23.63,1.53,38.99,26.6,69.0,63.69,Moderada,Fev,1,Verão,False,27.0,14.625,5.9075,12.24,3.8990000000000005,PM2.5,25-28 °C,55-70%
2023,2,2023-02-01,Centro-Oeste,GO,Goiânia,29.11,78.89,33.54,0.91,56.37,22.8,59.0,67.23,Moderada,Fev,1,Verão,False,26.199,19.7225,8.385,7.28,5.6370000000000005,PM2.5,22-25 °C,55-70%
2023,2,2023-02-01,Centro-Oeste,GO,Aparecida de Goiânia,28.0,50.63,21.85,0.6,42.25,25.7,88.9,52.31,Moderada,Fev,1,Verão,False,25.2,12.6575,5.4625,4.8,4.2250000000000005,PM2.5,25-28 °C,acima de 85%
2023,2,2023-02-01,Centro-Oeste,MT,Cuiabá,36.36,63.25,31.54,0.33,41.51,23.9,60.7,63.25,Moderada,Fev,1,Verão,False,32.724000000000004,15.8125,7.885,2.64,4.151,PM2.5,22-25 °C,55-70%
2023,2,2023-02-01,Centro-Oeste,MS,Campo Grande,41.72,60.1,25.87,0.61,42.67,33.2,82.4,68.18,Moderada,Fev,1,Verão,False,37.548,15.025,6.4675,4.88,4.267,PM2.5,acima de 28 °C,70-85%
2023,2,2023-02-01,Sudeste,SP,São Paulo,34.53,96.05,18.17,0.4,43.58,27.4,56.3,67.18,Moderada,Fev,1,Verão,False,31.077,24.0125,4.5425,3.2,4.358,PM2.5,25-28 °C,55-70%
2023,2,2023-02-01,Sudeste,SP,Campinas,12.79,55.96,20.8,1.64,19.17,24.8,76.8,45.76,Boa,Fev,1,Verão,False,11.511,13.99,5.2,13.12,1.9170000000000003,PM10,22-25 °C,70-85%
2023,2,2023-02-01,Sudeste,SP,Ribeirão Preto,31.67,93.42,48.36,1.39,60.72,23.2,60.1,81.1,Ruim,Fev,1,Verão,True,28.503000000000004,23.355,12.09,11.12,6.072,PM2.5,22-25 °C,55-70%
2023,2,2023-02-01,Sudeste,RJ,Rio de Janeiro,37.8,71.18,26.05,1.11,50.87,25.0,61.9,72.28,Moderada,Fev,1,Verão,False,34.019999999999996,17.795,6.5125,8.88,5.087,PM2.5,22-25 °C,55-70%
2023,2,2023-02-01,Sudeste,RJ,Niterói,19.98,95.63,31.29,1.47,34.65,25.2,62.5,64.9,Moderada,Fev,1,Verão,False,17.982,23.9075,7.8225,11.76,3.465,PM10,25-28 °C,55-70%
2023,2,2023-02-01,Sudeste,RJ,Nova Iguaçu,29.08,86.78,21.08,1.34,49.71,25.6,89.9,68.81,Moderada,Fev,1,Verão,False,26.172,21.695,5.27,10.72,4.971,PM2.5,25-28 °C,acima de 85%
2023,2,2023-02-01,Sudeste,RJ,Petrópolis,29.49,104.87,16.83,0.83,56.99,25.1,74.1,69.32,Moderada,Fev,1,Verão,False,26.541,26.2175,4.2075,6.64,5.699000000000001,PM2.5,25-28 °C,70-85%
2023,2,2023-02-01,Sudeste,MG,Belo Horizonte,40.07,87.71,21.81,1.6,47.14,22.8,87.4,80.94,Ruim,Fev,1,Verão,True,36.063,21.9275,5.4525,12.8,4.714,PM2.5,22-25 °C,acima de 85%
2023,2,2023-02-01,Sudeste,MG,Uberlândia,42.13,91.64,22.85,1.68,48.76,23.7,46.5,84.87,Ruim,Fev,1,Verão,True,37.917,22.91,5.7125,13.44,4.876,PM2.5,22-25 °C,até 55%
2023,2,2023-02-01,Sudeste,MG,Juiz de Fora,27.98,43.79,23.08,1.42,46.14,27.1,55.3,57.84,Moderada,Fev,1,Verão,False,25.182000000000002,10.9475,5.77,11.36,4.614,PM2.5,25-28 °C,55-70%
2023,2,2023-02-01,Sudeste,ES,Vitória,45.08,64.9,29.93,1.19,35.78,24.9,65.9,77.35,Moderada,Fev,1,Verão,False,40.572,16.225,7.4825,9.52,3.5780000000000003,PM2.5,22-25 °C,55-70%
2023,2,2023-02-01,Sudeste,ES,Vila Velha,38.75,57.25,11.69,1.02,50.4,26.3,65.1,65.3,Moderada,Fev,1,Verão,False,34.875,14.3125,2.9225,8.16,5.04,PM2.5,25-28 °C,55-70%
2023,2,2023-02-01,Sudeste,ES,Serra,43.33,86.1,14.57,1.12,26.12,27.2,62.5,75.74,Moderada,Fev,1,Verão,False,38.997,21.525,3.6425,8.96,2.612,PM2.5,25-28 °C,55-70%
2023,2,2023-02-01,Sul,PR,Curitiba,24.3,44.91,26.59,0.39,39.99,30.2,90.6,46.86,Boa,Fev,1,Verão,False,21.87,11.2275,6.6475,3.12,3.9990000000000006,PM2.5,acima de 28 °C,acima de 85%
2023,2,2023-02-01,Sul,PR,Londrina,36.26,52.2,20.8,0.34,63.11,27.4,89.7,59.88,Moderada,Fev,1,Verão,False,32.634,13.05,5.2,2.72,6.311,PM2.5,25-28 °C,acima de 85%
2023,2,2023-02-01,Sul,SC,Florianópolis,27.65,45.24,22.59,1.2,46.97,29.0,50.2,56.11,Moderada,Fev,1,Verão,False,24.884999999999998,11.31,5.6475,9.6,4.697,PM2.5,acima de 28 °C,até 55%
2023,2,2023-02-01,Sul,SC,Joinville,39.06,59.0,20.6,0.73,31.68,26.1,80.8,64.03,Moderada,Fev,1,Verão,False,35.154,14.75,5.15,5.84,3.168,PM2.5,25-28 °C,70-85%
2023,2,2023-02-01,Sul,RS,Porto Alegre,35.39,77.37,20.74,1.44,45.4,23.0,94.6,72.43,Moderada,Fev,1,Verão,False,31.851000000000003,19.3425,5.185,11.52,4.54,PM2.5,22-25 °C,acima de 85%
2023,2,2023-02-01,Sul,RS,Caxias do Sul,56.78,78.14,28.1,1.26,26.05,24.4,48.1,90.35,Ruim,Fev,1,Verão,True,51.102000000000004,19.535,7.025,10.08,2.6050000000000004,PM2.5,22-25 °C,até 55%
2023,3,2023-03-01,Norte,AM,Manaus,33.24,83.77,30.92,0.54,38.97,23.0,54.6,66.78,Moderada,Mar,1,Outono,False,29.916000000000004,20.9425,7.73,4.32,3.8970000000000002,PM2.5,22-25 °C,até 55%
2023,3,2023-03-01,Norte,PA,Belém,37.58,52.36,42.04,0.7,36.89,25.7,70.4,66.73,Moderada,Mar,1,Outono,False,33.822,13.09,10.51,5.6,3.689,PM2.5,25-28 °C,70-85%
2023,3,2023-03-01,Norte,PA,Santarém,38.8,74.19,35.06,0.98,22.3,24.7,94.7,72.31,Moderada,Mar,1,Outono,False,34.92,18.5475,8.765,7.84,2.23,PM2.5,22-25 °C,acima de 85%
2023,3,2023-03-01,Norte,RO,Porto Velho,27.98,56.32,33.28,1.1,40.33,24.3,69.1,60.44,Moderada,Mar,1,Outono,False,25.182000000000002,14.08,8.32,8.8,4.033,PM2.5,22-25 °C,55-70%
2023,3,2023-03-01,Norte,TO,Palmas,37.34,65.24,30.18,0.8,42.72,22.0,70.6,68.12,Moderada,Mar,1,Outono,False,33.606,16.31,7.545,6.4,4.272,PM2.5,até 22 °C,70-85%
2023,3,2023-03-01,Nordeste,BA,Salvador,34.66,65.83,32.14,0.84,30.47,23.1,78.2,65.41,Moderada,Mar,1,Outono,False,31.194,16.4575,8.035,6.72,3.047,PM2.5,22-25 °C,70-85%
2023,3,2023-03-01,Nordeste,BA,Feira de Santana,29.64,101.64,14.6,1.29,46.41,29.0,87.5,70.69,Moderada,Mar,1,Outono,False,26.676000000000002,25.41,3.65,10.32,4.641,PM2.5,acima de 28 °C,acima de 85%
2023,3,2023-03-01,Nordeste,PE,Recife,29.69,70.42,17.48,0.96,33.11,23.7,86.7,59.72,Moderada,Mar,1,Outono,False,26.721,17.605,4.37,7.68,3.311,PM2.5,22-25 °C,acima de 85%
2023,3,2023-03-01,Nordeste,PE,Jaboatão dos Guararapes,30.76,37.26,14.66,0.46,29.75,21.6,46.6,47.29,Boa,Mar,1,Outono,False,27.684,9.315,3.665,3.68,2.975,PM2.5,até 22 °C,até 55%
2023,3,2023-03-01,Nordeste,CE,Fortaleza,42.56,84.73,26.32,0.53,47.25,24.7,82.4,75.02,Moderada,Mar,1,Outono,False,38.304,21.1825,6.58,4.24,4.7250000000000005,PM2.5,22-25 °C,70-85%
2023,3,2023-03-01,Nordeste,CE,Juazeiro do Norte,30.71,57.73,12.2,1.68,42.22,28.0,86.4,62.76,Moderada,Mar,1,Outono,False,27.639000000000003,14.4325,3.05,13.44,4.222,PM2.5,25-28 °C,acima de 85%
2023,3,2023-03-01,Nordeste,MA,São Luís,33.65,57.14,44.54,1.75,23.25,24.8,40.3,72.07,Moderada,Mar,1,Outono,False,30.285,14.285,11.135,14.0,2.325,PM2.5,22-25 °C,até 55%
2023,3,2023-03-01,Nordeste,PB,João Pessoa,32.83,94.51,32.17,0.82,34.39,26.4,74.8,71.19,Moderada,Mar,1,Outono,False,29.547,23.6275,8.0425,6.56,3.439,PM2.5,25-28 °C,70-85%
2023,3,2023-03-01,Centro-Oeste,DF,Brasília,37.44,43.76,21.87,1.41,39.21,31.8,43.5,65.32,Moderada,Mar,1,Outono,False,33.696,10.94,5.4675,11.28,3.9210000000000003,PM2.5,acima de 28 °C,até 55%
2023,3,2023-03-01,Centro-Oeste,GO,Goiânia,37.79,90.02,40.87,0.8,14.94,21.5,68.0,74.63,Moderada,Mar,1,Outono,False,34.011,22.505,10.2175,6.4,1.494,PM2.5,até 22 °C,55-70%
2023,3,2023-03-01,Centro-Oeste,GO,Aparecida de Goiânia,31.7,60.45,38.1,1.08,52.87,29.8,64.3,67.1,Moderada,Mar,1,Outono,False,28.53,15.1125,9.525,8.64,5.287,PM2.5,acima de 28 °C,55-70%
2023,3,2023-03-01,Centro-Oeste,MT,Cuiabá,50.26,13.65,28.72,1.36,38.41,26.1,64.8,70.54,Moderada,Mar,1,Outono,False,45.234,3.4125,7.18,10.88,3.8409999999999997,PM2.5,25-28 °C,55-70%
2023,3,2023-03-01,Centro-Oeste,MS,Campo Grande,21.97,54.77,8.7,1.04,39.81,24.7,41.4,47.93,Boa,Mar,1,Outono,False,19.773,13.6925,2.175,8.32,3.9810000000000003,PM2.5,22-25 °C,até 55%
2023,3,2023-03-01,Sudeste,SP,São Paulo,29.4,82.81,16.14,1.28,42.33,23.6,68.9,65.67,Moderada,Mar,1,Outono,False,26.46,20.7025,4.035,10.24,4.233,PM2.5,22-25 °C,55-70%
2023,3,2023-03-01,Sudeste,SP,Campinas,27.53,89.02,12.58,1.33,31.86,32.1,92.3,64.03,Moderada,Mar,1,Outono,False,24.777,22.255,3.145,10.64,3.186,PM2.5,acima de 28 °C,acima de 85%
2023,3,2023-03-01,Sudeste,SP,Ribeirão Preto,48.89,70.71,5.96,0.95,40.83,26.4,59.2,74.84,Moderada,Mar,1,Outono,False,44.001000000000005,17.6775,1.49,7.6,4.083,PM2.5,25-28 °C,55-70%
2023,3,2023-03-01,Sudeste,RJ,Rio de Janeiro,38.14,71.62,29.11,0.49,43.19,25.0,53.9,67.78,Moderada,Mar,1,Outono,False,34.326,17.905,7.2775,3.92,4.319,PM2.5,22-25 °C,até 55%
2023,3,2023-03-01,Sudeste,RJ,Niterói,49.72,71.51,16.3,1.57,37.57,24.8,62.7,83.06,Ruim,Mar,1,Outono,True,44.748,17.8775,4.075,12.56,3.757,PM2.5,22-25 °C,55-70%
2023,3,2023-03-01,Sudeste,RJ,Nova Iguaçu,28.66,84.53,12.84,0.93,50.3,23.5,50.1,62.6,Moderada,Mar,1,Outono,False,25.794,21.1325,3.21,7.44,5.03,PM2.5,22-25 °C,até 55%
2023,3,2023-03-01,Sudeste,RJ,Petrópolis,38.82,80.78,34.18,1.06,38.0,24.0,62.7,75.99,Moderada,Mar,1,Outono,False,34.938,20.195,8.545,8.48,3.8000000000000003,PM2.5,22-25 °C,55-70%
2023,3,2023-03-01,Sudeste,MG,Belo Horizonte,33.92,80.67,9.53,0.95,51.01,22.8,66.5,65.8,Moderada,Mar,1,Outono,False,30.528000000000002,20.1675,2.3825,7.6,5.101,PM2.5,22-25 °C,55-70%
2023,3,2023-03-01,Sudeste,MG,Uberlândia,28.51,69.27,20.66,0.82,40.63,24.8,87.4,58.76,Moderada,Mar,1,Outono,False,25.659000000000002,17.3175,5.165,6.56,4.063000000000001,PM2.5,22-25 °C,acima de 85%
2023,3,2023-03-01,Sudeste,MG,Juiz de Fora,39.46,99.52,26.05,1.17,35.08,23.3,77.4,79.8,Moderada,Mar,1,Outono,False,35.514,24.88,6.5125,9.36,3.508,PM2.5,22-25 °C,70-85%
2023,3,2023-03-01,Sudeste,ES,Vitória,42.75,70.38,31.83,1.29,38.8,27.1,53.9,78.21,Moderada,Mar,1,Outono,False,38.475,17.595,7.9575,10.32,3.88,PM2.5,25-28 °C,até 55%
2023,3,2023-03-01,Sudeste,ES,Vila Velha,41.97,42.05,21.76,0.83,22.32,23.6,94.7,62.61,Moderada,Mar,1,Outono,False,37.773,10.5125,5.44,6.64,2.232,PM2.5,22-25 °C,acima de 85%
2023,3,2023-03-01,Sudeste,ES,Serra,37.94,57.59,8.63,1.76,45.09,24.0,85.3,69.3,Moderada,Mar,1,Outono,False,34.146,14.3975,2.1575,14.08,4.509,PM2.5,22-25 °C,acima de 85%
2023,3,2023-03-01,Sul,PR,Curitiba,44.69,63.41,24.47,1.8,41.94,23.6,89.5,80.77,Ruim,Mar,1,Outono,True,40.221,15.8525,6.1175,14.4,4.194,PM2.5,22-25 °C,acima de 85%
2023,3,2023-03-01,Sul,PR,Londrina,42.81,69.98,39.24,0.9,28.43,25.3,73.1,75.87,Moderada,Mar,1,Outono,False,38.529,17.495,9.81,7.2,2.843,PM2.5,25-28 °C,70-85%
2023,3,2023-03-01,Sul,SC,Florianópolis,45.5,59.47,32.42,1.79,62.6,27.8,70.7,84.49,Ruim,Mar,1,Outono,True,40.95,14.8675,8.105,14.32,6.260000000000001,PM2.5,25-28 °C,70-85%
2023,3,2023-03-01,Sul,SC,Joinville,24.46,89.61,26.7,0.53,39.96,24.9,43.4,59.31,Moderada,Mar,1,Outono,False,22.014000000000003,22.4025,6.675,4.24,3.9960000000000004,PM10,22-25 °C,até 55%
2023,3,2023-03-01,Sul,RS,Porto Alegre,49.99,50.94,19.32,0.55,32.24,24.3,87.6,70.14,Moderada,Mar,1,Outono,False,44.991,12.735,4.83,4.4,3.224,PM2.5,22-25 °C,acima de 85%
2023,3,2023-03-01,Sul,RS,Caxias do Sul,33.52,46.91,35.17,1.28,53.98,25.0,54.5,66.35,Moderada,Mar,1,Outono,False,30.168000000000003,11.7275,8.7925,10.24,5.398,PM2.5,22-25 °C,até 55%
2023,4,2023-04-01,Norte,AM,Manaus,27.02,65.88,32.24,1.6,32.74,28.1,76.3,64.9,Moderada,Abr,2,Outono,False,24.318,16.47,8.06,12.8,3.2740000000000005,PM2.5,acima de 28 °C,70-85%
2023,4,2023-04-01,Norte,PA,Belém,40.32,79.49,22.71,1.45,44.2,21.0,66.8,77.87,Moderada,Abr,2,Outono,False,36.288000000000004,19.8725,5.6775,11.6,4.420000000000001,PM2.5,até 22 °C,55-70%
2023,4,2023-04-01,Norte,PA,Santarém,31.32,99.47,24.11,0.72,22.89,25.0,66.8,67.12,Moderada,Abr,2,Outono,False,28.188000000000002,24.8675,6.0275,5.76,2.289,PM2.5,22-25 °C,55-70%
2023,4,2023-04-01,Norte,RO,Porto Velho,41.45,71.07,28.58,0.88,54.71,25.8,57.2,74.73,Moderada,Abr,2,Outono,False,37.30500000000001,17.7675,7.145,7.04,5.471,PM2.5,25-28 °C,55-70%
2023,4,2023-04-01,Norte,TO,Palmas,21.15,88.45,23.21,0.86,40.05,23.2,67.9,57.86,Moderada,Abr,2,Outono,False,19.035,22.1125,5.8025,6.88,4.005,PM10,22-25 °C,55-70%
2023,4,2023-04-01,Nordeste,BA,Salvador,40.3,54.58,25.43,1.04,51.6,23.8,66.7,69.75,Moderada,Abr,2,Outono,False,36.269999999999996,13.645,6.3575,8.32,5.16,PM2.5,22-25 °C,55-70%
2023,4,2023-04-01,Nordeste,BA,Feira de Santana,47.29,109.41,36.39,0.95,41.75,27.8,65.2,90.78,Ruim,Abr,2,Outono,True,42.561,27.3525,9.0975,7.6,4.175,PM2.5,25-28 °C,55-70%
2023,4,2023-04-01,Nordeste,PE,Recife,38.04,91.51,22.31,1.01,44.73,22.8,83.4,75.25,Moderada,Abr,2,Outono,False,34.236,22.8775,5.5775,8.08,4.473,PM2.5,22-25 °C,70-85%
2023,4,2023-04-01,Nordeste,PE,Jaboatão dos Guararapes,33.71,23.28,19.14,1.05,55.09,24.8,63.3,54.83,Moderada,Abr,2,Outono,False,30.339000000000002,5.82,4.785,8.4,5.509,PM2.5,22-25 °C,55-70%
2023,4,2023-04-01,Nordeste,CE,Fortaleza,39.73,84.97,22.16,0.54,43.38,22.5,90.9,71.22,Moderada,Abr,2,Outono,False,35.757,21.2425,5.54,4.32,4.338,PM2.5,22-25 °C,acima de 85%
2023,4,2023-04-01,Nordeste,CE,Juazeiro do Norte,29.31,75.41,29.85,0.58,32.66,26.5,69.5,60.59,Moderada,Abr,2,Outono,False,26.378999999999998,18.8525,7.4625,4.64,3.266,PM2.5,25-28 °C,55-70%
2023,4,2023-04-01,Nordeste,MA,São Luís,35.62,78.55,27.95,1.29,30.26,26.3,64.6,72.01,Moderada,Abr,2,Outono,False,32.058,19.6375,6.9875,10.32,3.0260000000000002,PM2.5,25-28 °C,55-70%
2023,4,2023-04-01,Nordeste,PB,João Pessoa,29.31,95.39,30.01,0.9,39.66,24.8,51.2,68.91,Moderada,Abr,2,Outono,False,26.378999999999998,23.8475,7.5025,7.2,3.9659999999999997,PM2.5,22-25 °C,até 55%
2023,4,2023-04-01,Centro-Oeste,DF,Brasília,33.83,72.24,30.24,0.95,35.82,24.9,82.5,67.21,Moderada,Abr,2,Outono,False,30.447,18.06,7.56,7.6,3.5820000000000003,PM2.5,22-25 °C,70-85%
2023,4,2023-04-01,Centro-Oeste,GO,Goiânia,33.74,72.29,19.37,0.97,25.23,29.2,79.6,63.56,Moderada,Abr,2,Outono,False,30.366000000000003,18.0725,4.8425,7.76,2.523,PM2.5,acima de 28 °C,70-85%
2023,4,2023-04-01,Centro-Oeste,GO,Aparecida de Goiânia,18.11,75.87,35.78,1.76,36.0,28.6,89.9,61.9,Moderada,Abr,2,Outono,False,16.299,18.9675,8.945,14.08,3.6,PM10,acima de 28 °C,acima de 85%
2023,4,2023-04-01,Centro-Oeste,MT,Cuiabá,40.0,86.27,22.96,0.61,33.45,26.4,41.3,71.55,Moderada,Abr,2,Outono,False,36.0,21.5675,5.74,4.88,3.3450000000000006,PM2.5,25-28 °C,até 55%
2023,4,2023-04-01,Centro-Oeste,MS,Campo Grande,47.11,66.61,16.95,1.31,33.65,22.5,82.0,77.12,Moderada,Abr,2,Outono,False,42.399,16.6525,4.2375,10.48,3.365,PM2.5,22-25 °C,70-85%
2023,4,2023-04-01,Sudeste,SP,São Paulo,39.85,55.28,27.41,1.64,36.81,21.9,40.9,73.36,Moderada,Abr,2,Outono,False,35.865,13.82,6.8525,13.12,3.6810000000000005,PM2.5,até 22 °C,até 55%
2023,4,2023-04-01,Sudeste,SP,Campinas,24.76,79.54,32.81,1.23,41.24,19.7,54.8,64.35,Moderada,Abr,2,Outono,False,22.284000000000002,19.885,8.2025,9.84,4.1240000000000006,PM2.5,até 22 °C,até 55%
2023,4,2023-04-01,Sudeste,SP,Ribeirão Preto,47.96,57.03,28.17,1.66,35.84,22.5,63.7,81.33,Ruim,Abr,2,Outono,True,43.164,14.2575,7.0425,13.28,3.5840000000000005,PM2.5,22-25 °C,55-70%
2023,4,2023-04-01,Sudeste,RJ,Rio de Janeiro,30.34,77.59,37.38,1.77,40.48,24.5,79.6,74.3,Moderada,Abr,2,Outono,False,27.306,19.3975,9.345,14.16,4.048,PM2.5,22-25 °C,70-85%
2023,4,2023-04-01,Sudeste,RJ,Niterói,35.9,78.83,16.99,1.63,24.08,24.2,92.5,71.69,Moderada,Abr,2,Outono,False,32.31,19.7075,4.2475,13.04,2.408,PM2.5,22-25 °C,acima de 85%
2023,4,2023-04-01,Sudeste,RJ,Nova Iguaçu,31.17,73.96,29.34,1.76,40.63,23.4,65.8,72.06,Moderada,Abr,2,Outono,False,28.053,18.49,7.335,14.08,4.063000000000001,PM2.5,22-25 °C,55-70%
2023,4,2023-04-01,Sudeste,RJ,Petrópolis,54.71,69.44,20.6,0.39,28.78,21.9,48.4,77.72,Moderada,Abr,2,Outono,False,49.239000000000004,17.36,5.15,3.12,2.878,PM2.5,até 22 °C,até 55%
2023,4,2023-04-01,Sudeste,MG,Belo Horizonte,20.43,65.56,33.02,1.5,41.55,27.7,67.4,59.16,Moderada,Abr,2,Outono,False,18.387,16.39,8.255,12.0,4.155,PM2.5,25-28 °C,55-70%
2023,4,2023-04-01,Sudeste,MG,Uberlândia,36.99,92.4,31.5,1.39,39.5,24.2,84.7,79.36,Moderada,Abr,2,Outono,False,33.291000000000004,23.1,7.875,11.12,3.95,PM2.5,22-25 °C,70-85%
2023,4,2023-04-01,Sudeste,MG,Juiz de Fora,34.9,74.61,12.39,1.08,46.81,27.7,58.9,66.51,Moderada,Abr,2,Outono,False,31.41,18.6525,3.0975,8.64,4.681,PM2.5,25-28 °C,55-70%
2023,4,2023-04-01,Sudeste,ES,Vitória,24.96,73.16,29.29,1.61,29.41,25.5,55.8,63.9,Moderada,Abr,2,Outono,False,22.464000000000002,18.29,7.3225,12.88,2.9410000000000003,PM2.5,25-28 °C,55-70%
2023,4,2023-04-01,Sudeste,ES,Vila Velha,30.25,87.13,28.15,1.65,35.63,24.5,70.5,72.84,Moderada,Abr,2,Outono,False,27.225,21.7825,7.0375,13.2,3.5630000000000006,PM2.5,22-25 °C,70-85%
2023,4,2023-04-01,Sudeste,ES,Serra,26.07,59.6,44.69,0.7,34.29,28.4,78.0,58.55,Moderada,Abr,2,Outono,False,23.463,14.9,11.1725,5.6,3.4290000000000003,PM2.5,acima de 28 °C,70-85%
2023,4,2023-04-01,Sul,PR,Curitiba,17.51,64.58,18.82,1.28,43.75,23.5,47.1,51.18,Moderada,Abr,2,Outono,False,15.759000000000002,16.145,4.705,10.24,4.375,PM10,22-25 °C,até 55%
2023,4,2023-04-01,Sul,PR,Londrina,28.22,100.27,34.96,1.37,51.71,30.5,65.0,75.36,Moderada,Abr,2,Outono,False,25.398,25.0675,8.74,10.96,5.171,PM2.5,acima de 28 °C,55-70%
2023,4,2023-04-01,Sul,SC,Florianópolis,30.14,62.03,24.01,1.49,61.95,19.2,92.3,66.74,Moderada,Abr,2,Outono,False,27.126,15.5075,6.0025,11.92,6.195,PM2.5,até 22 °C,acima de 85%
2023,4,2023-04-01,Sul,SC,Joinville,36.17,51.63,22.96,0.73,41.97,26.2,71.2,61.24,Moderada,Abr,2,Outono,False,32.553000000000004,12.9075,5.74,5.84,4.197,PM2.5,25-28 °C,70-85%
2023,4,2023-04-01,Sul,RS,Porto Alegre,28.28,89.44,36.78,1.69,27.38,29.2,48.5,73.28,Moderada,Abr,2,Outono,False,25.452,22.36,9.195,13.52,2.738,PM2.5,acima de 28 °C,até 55%
2023,4,2023-04-01,Sul,RS,Caxias do Sul,25.27,66.52,13.67,1.56,36.65,25.7,89.6,58.95,Moderada,Abr,2,Outono,False,22.743,16.63,3.4175,12.48,3.665,PM2.5,25-28 °C,acima de 85%
2023,5,2023-05-01,Norte,AM,Manaus,48.8,111.9,16.85,0.69,50.46,28.7,45.3,86.71,Ruim,Mai,2,Outono,True,43.92,27.975,4.2125,5.52,5.046,PM2.5,acima de 28 °C,até 55%
2023,5,2023-05-01,Norte,PA,Belém,32.46,89.22,23.38,0.74,26.81,25.4,65.6,65.96,Moderada,Mai,2,Outono,False,29.214000000000002,22.305,5.845,5.92,2.681,PM2.5,25-28 °C,55-70%
2023,5,2023-05-01,Norte,PA,Santarém,39.79,48.53,22.01,0.66,42.43,28.7,63.5,62.97,Moderada,Mai,2,Outono,False,35.811,12.1325,5.5025,5.28,4.243,PM2.5,acima de 28 °C,55-70%
2023,5,2023-05-01,Norte,RO,Porto Velho,42.18,89.15,27.24,1.22,44.08,21.3,73.7,81.21,Ruim,Mai,2,Outono,True,37.962,22.2875,6.81,9.76,4.408,PM2.5,até 22 °C,70-85%
2023,5,2023-05-01,Norte,TO,Palmas,36.85,73.57,29.42,0.9,36.59,19.4,48.9,69.78,Moderada,Mai,2,Outono,False,33.165,18.3925,7.355,7.2,3.6590000000000007,PM2.5,até 22 °C,até 55%
2023,5,2023-05-01,Nordeste,BA,Salvador,23.86,71.7,37.03,1.03,54.19,22.4,44.0,62.33,Moderada,Mai,2,Outono,False,21.474,17.925,9.2575,8.24,5.4190000000000005,PM2.5,22-25 °C,até 55%
2023,5,2023-05-01,Nordeste,BA,Feira de Santana,25.74,78.28,24.18,0.92,59.12,29.2,61.8,62.04,Moderada,Mai,2,Outono,False,23.166,19.57,6.045,7.36,5.912,PM2.5,acima de 28 °C,55-70%
2023,5,2023-05-01,Nordeste,PE,Recife,35.42,65.34,24.79,0.69,29.18,21.9,83.1,62.83,Moderada,Mai,2,Outono,False,31.878000000000004,16.335,6.1975,5.52,2.918,PM2.5,até 22 °C,70-85%
2023,5,2023-05-01,Nordeste,PE,Jaboatão dos Guararapes,46.59,100.72,25.02,1.63,46.63,22.7,65.8,91.1,Ruim,Mai,2,Outono,True,41.931000000000004,25.18,6.255,13.04,4.663,PM2.5,22-25 °C,55-70%
2023,5,2023-05-01,Nordeste,CE,Fortaleza,45.4,50.71,29.36,0.78,40.84,26.4,92.4,71.17,Moderada,Mai,2,Outono,False,40.86,12.6775,7.34,6.24,4.0840000000000005,PM2.5,25-28 °C,acima de 85%
2023,5,2023-05-01,Nordeste,CE,Juazeiro do Norte,47.32,61.13,23.92,0.63,32.26,22.0,88.1,72.14,Moderada,Mai,2,Outono,False,42.588,15.2825,5.98,5.04,3.226,PM2.5,até 22 °C,acima de 85%
2023,5,2023-05-01,Nordeste,MA,São Luís,41.51,56.8,35.48,0.71,34.65,27.1,68.2,69.57,Moderada,Mai,2,Outono,False,37.359,14.2,8.87,5.68,3.465,PM2.5,25-28 °C,55-70%
2023,5,2023-05-01,Nordeste,PB,João Pessoa,48.69,66.47,10.02,0.94,24.48,26.5,63.0,72.89,Moderada,Mai,2,Outono,False,43.821,16.6175,2.505,7.52,2.4480000000000004,PM2.5,25-28 °C,55-70%
2023,5,2023-05-01,Centro-Oeste,DF,Brasília,53.44,62.3,28.74,1.67,59.88,26.1,54.1,90.17,Ruim,Mai,2,Outono,True,48.096,15.575,7.185,13.36,5.988,PM2.5,25-28 °C,até 55%
2023,5,2023-05-01,Centro-Oeste,GO,Goiânia,21.67,65.36,17.42,1.59,53.64,24.9,47.2,58.27,Moderada,Mai,2,Outono,False,19.503000000000004,16.34,4.355,12.72,5.364000000000001,PM2.5,22-25 °C,até 55%
2023,5,2023-05-01,Centro-Oeste,GO,Aparecida de Goiânia,23.46,83.03,29.08,0.57,50.72,29.6,80.2,58.79,Moderada,Mai,2,Outono,False,21.114,20.7575,7.27,4.56,5.072,PM2.5,acima de 28 °C,70-85%
2023,5,2023-05-01,Centro-Oeste,MT,Cuiabá,15.58,75.93,23.47,0.86,25.89,28.8,41.0,48.31,Boa,Mai,2,Outono,False,14.022,18.9825,5.8675,6.88,2.5890000000000004,PM10,acima de 28 °C,até 55%
2023,5,2023-05-01,Centro-Oeste,MS,Campo Grande,26.83,90.39,23.99,0.79,35.56,23.0,83.8,62.65,Moderada,Mai,2,Outono,False,24.147,22.5975,5.9975,6.32,3.5560000000000005,PM2.5,22-25 °C,70-85%
2023,5,2023-05-01,Sudeste,SP,São Paulo,46.01,66.97,20.44,0.5,48.47,27.8,86.5,72.13,Moderada,Mai,2,Outono,False,41.409,16.7425,5.11,4.0,4.847,PM2.5,25-28 °C,acima de 85%
2023,5,2023-05-01,Sudeste,SP,Campinas,21.76,103.52,40.02,1.23,39.02,26.1,54.8,69.24,Moderada,Mai,2,Outono,False,19.584000000000003,25.88,10.005,9.84,3.9020000000000006,PM10,25-28 °C,até 55%
2023,5,2023-05-01,Sudeste,SP,Ribeirão Preto,27.84,72.14,33.51,0.77,57.47,18.8,66.9,63.38,Moderada,Mai,2,Outono,False,25.056,18.035,8.3775,6.16,5.747,PM2.5,até 22 °C,55-70%
2023,5,2023-05-01,Sudeste,RJ,Rio de Janeiro,51.99,70.67,16.3,1.73,43.32,25.2,55.6,86.7,Ruim,Mai,2,Outono,True,46.791000000000004,17.6675,4.075,13.84,4.332,PM2.5,25-28 °C,55-70%
2023,5,2023-05-01,Sudeste,RJ,Niterói,41.08,85.37,23.6,1.17,28.13,25.3,58.5,76.35,Moderada,Mai,2,Outono,False,36.972,21.3425,5.9,9.36,2.813,PM2.5,25-28 °C,55-70%
2023,5,2023-05-01,Sudeste,RJ,Nova Iguaçu,43.86,85.15,22.01,1.56,34.43,20.6,73.0,82.18,Ruim,Mai,2,Outono,True,39.474000000000004,21.2875,5.5025,12.48,3.443,PM2.5,até 22 °C,70-85%
2023,5,2023-05-01,Sudeste,RJ,Petrópolis,44.25,78.49,27.73,1.61,39.8,22.4,73.7,83.22,Ruim,Mai,2,Outono,True,39.825,19.6225,6.9325,12.88,3.98,PM2.5,22-25 °C,70-85%
2023,5,2023-05-01,Sudeste,MG,Belo Horizonte,18.48,71.82,17.95,1.1,34.33,26.5,66.6,51.27,Moderada,Mai,2,Outono,False,16.632,17.955,4.4875,8.8,3.433,PM10,25-28 °C,55-70%
2023,5,2023-05-01,Sudeste,MG,Uberlândia,29.07,82.15,36.11,0.41,41.6,27.4,84.1,63.19,Moderada,Mai,2,Outono,False,26.163,20.5375,9.0275,3.28,4.16,PM2.5,25-28 °C,70-85%
2023,5,2023-05-01,Sudeste,MG,Juiz de Fora,37.42,70.91,23.5,1.66,37.91,19.0,84.0,74.35,Moderada,Mai,2,Outono,False,33.678000000000004,17.7275,5.875,13.28,3.791,PM2.5,até 22 °C,70-85%
2023,5,2023-05-01,Sudeste,ES,Vitória,32.19,59.31,30.37,0.83,36.53,23.1,88.2,61.66,Moderada,Mai,2,Outono,False,28.971,14.8275,7.5925,6.64,3.6530000000000005,PM2.5,22-25 °C,acima de 85%
2023,5,2023-05-01,Sudeste,ES,Vila Velha,43.13,49.29,25.89,1.61,44.2,21.2,70.3,74.89,Moderada,Mai,2,Outono,False,38.817,12.3225,6.4725,12.88,4.420000000000001,PM2.5,até 22 °C,70-85%
2023,5,2023-05-01,Sudeste,ES,Serra,45.23,47.16,14.67,0.52,35.18,21.9,66.4,63.85,Moderada,Mai,2,Outono,False,40.707,11.79,3.6675,4.16,3.5180000000000002,PM2.5,até 22 °C,55-70%
2023,5,2023-05-01,Sul,PR,Curitiba,15.43,84.27,26.54,1.12,41.53,22.1,55.9,54.72,Moderada,Mai,2,Outono,False,13.887,21.0675,6.635,8.96,4.1530000000000005,PM10,22-25 °C,55-70%
2023,5,2023-05-01,Sul,PR,Londrina,35.71,93.51,34.93,1.56,30.49,23.3,62.0,79.78,Moderada,Mai,2,Outono,False,32.139,23.3775,8.7325,12.48,3.049,PM2.5,22-25 °C,55-70%
2023,5,2023-05-01,Sul,SC,Florianópolis,32.61,93.05,35.87,1.48,56.01,26.5,63.6,79.0,Moderada,Mai,2,Outono,False,29.349,23.2625,8.9675,11.84,5.601,PM2.5,25-28 °C,55-70%
2023,5,2023-05-01,Sul,SC,Joinville,39.2,96.11,35.17,0.79,45.95,21.2,94.8,79.04,Moderada,Mai,2,Outono,False,35.28,24.0275,8.7925,6.32,4.595000000000001,PM2.5,até 22 °C,acima de 85%
2023,5,2023-05-01,Sul,RS,Porto Alegre,27.02,74.31,39.35,1.79,25.26,24.6,85.7,69.54,Moderada,Mai,2,Outono,False,24.318,18.5775,9.8375,14.32,2.5260000000000002,PM2.5,22-25 °C,acima de 85%
2023,5,2023-05-01,Sul,RS,Caxias do Sul,39.05,74.12,39.98,0.62,50.16,22.9,65.1,73.62,Moderada,Mai,2,Outono,False,35.144999999999996,18.53,9.995,4.96,5.016,PM2.5,22-25 °C,55-70%
2023,6,2023-06-01,Norte,AM,Manaus,36.63,64.14,33.42,1.1,57.33,20.1,85.5,71.9,Moderada,Jun,2,Inverno,False,32.967000000000006,16.035,8.355,8.8,5.7330000000000005,PM2.5,até 22 °C,acima de 85%
2023,6,2023-06-01,Norte,PA,Belém,35.54,71.21,20.0,1.18,45.98,18.5,78.3,68.81,Moderada,Jun,2,Inverno,False,31.986,17.8025,5.0,9.44,4.598,PM2.5,até 22 °C,70-85%
2023,6,2023-06-01,Norte,PA,Santarém,31.66,67.19,14.27,0.6,48.83,26.1,93.8,58.55,Moderada,Jun,2,Inverno,False,28.494,16.7975,3.5675,4.8,4.883,PM2.5,25-28 °C,acima de 85%
2023,6,2023-06-01,Norte,RO,Porto Velho,35.91,78.41,30.24,1.4,45.72,26.9,41.1,75.23,Moderada,Jun,2,Inverno,False,32.318999999999996,19.6025,7.56,11.2,4.572,PM2.5,25-28 °C,até 55%
2023,6,2023-06-01,Norte,TO,Palmas,25.03,42.42,15.61,0.57,41.83,21.6,86.2,45.8,Boa,Jun,2,Inverno,False,22.527,10.605,3.9025,4.56,4.183,PM2.5,até 22 °C,acima de 85%
2023,6,2023-06-01,Nordeste,BA,Salvador,29.91,52.43,32.11,1.69,27.15,23.8,65.0,64.3,Moderada,Jun,2,Inverno,False,26.919,13.1075,8.0275,13.52,2.715,PM2.5,22-25 °C,55-70%
2023,6,2023-06-01,Nordeste,BA,Feira de Santana,40.19,81.73,25.61,1.35,44.93,23.1,47.5,78.3,Moderada,Jun,2,Inverno,False,36.171,20.4325,6.4025,10.8,4.493,PM2.5,22-25 °C,até 55%
2023,6,2023-06-01,Nordeste,PE,Recife,23.82,70.08,23.5,0.8,45.63,25.2,93.1,55.76,Moderada,Jun,2,Inverno,False,21.438000000000002,17.52,5.875,6.4,4.563000000000001,PM2.5,25-28 °C,acima de 85%
2023,6,2023-06-01,Nordeste,PE,Jaboatão dos Guararapes,41.99,90.65,24.37,0.52,28.2,26.3,90.1,73.57,Moderada,Jun,2,Inverno,False,37.791000000000004,22.6625,6.0925,4.16,2.8200000000000003,PM2.5,25-28 °C,acima de 85%
2023,6,2023-06-01,Nordeste,CE,Fortaleza,36.2,87.54,21.9,0.97,42.88,29.0,48.8,71.96,Moderada,Jun,2,Inverno,False,32.580000000000005,21.885,5.475,7.76,4.288,PM2.5,acima de 28 °C,até 55%
2023,6,2023-06-01,Nordeste,CE,Juazeiro do Norte,31.02,51.89,26.91,0.41,46.22,23.6,42.2,55.52,Moderada,Jun,2,Inverno,False,27.918,12.9725,6.7275,3.28,4.622,PM2.5,22-25 °C,até 55%
2023,6,2023-06-01,Nordeste,MA,São Luís,41.08,63.67,23.21,0.63,45.02,25.0,84.0,68.21,Moderada,Jun,2,Inverno,False,36.972,15.9175,5.8025,5.04,4.502000000000001,PM2.5,22-25 °C,70-85%
2023,6,2023-06-01,Nordeste,PB,João Pessoa,30.55,91.4,12.98,0.57,38.96,22.0,72.5,62.07,Moderada,Jun,2,Inverno,False,27.495,22.85,3.245,4.56,3.8960000000000004,PM2.5,até 22 °C,70-85%
2023,6,2023-06-01,Centro-Oeste,DF,Brasília,49.65,60.25,18.83,0.95,35.45,22.7,59.5,75.57,Moderada,Jun,2,Inverno,False,44.685,15.0625,4.7075,7.6,3.5450000000000004,PM2.5,22-25 °C,55-70%
2023,6,2023-06-01,Centro-Oeste,GO,Goiânia,41.3,92.88,25.44,0.86,41.76,26.0,57.2,77.79,Moderada,Jun,2,Inverno,False,37.17,23.22,6.36,6.88,4.176,PM2.5,25-28 °C,55-70%
2023,6,2023-06-01,Centro-Oeste,GO,Aparecida de Goiânia,28.23,66.97,38.46,1.51,54.6,22.2,50.4,69.28,Moderada,Jun,2,Inverno,False,25.407,16.7425,9.615,12.08,5.460000000000001,PM2.5,22-25 °C,até 55%
2023,6,2023-06-01,Centro-Oeste,MT,Cuiabá,28.13,52.53,25.38,0.36,43.26,23.8,82.8,51.96,Moderada,Jun,2,Inverno,False,25.317,13.1325,6.345,2.88,4.326,PM2.5,22-25 °C,70-85%
2023,6,2023-06-01,Centro-Oeste,MS,Campo Grande,33.01,72.38,13.89,1.77,40.69,27.5,57.3,69.47,Moderada,Jun,2,Inverno,False,29.709,18.095,3.4725,14.16,4.069,PM2.5,25-28 °C,55-70%
2023,6,2023-06-01,Sudeste,SP,São Paulo,37.58,78.36,30.71,0.76,66.81,24.4,42.8,73.85,Moderada,Jun,2,Inverno,False,33.822,19.59,7.6775,6.08,6.681000000000001,PM2.5,22-25 °C,até 55%
2023,6,2023-06-01,Sudeste,SP,Campinas,31.36,79.61,33.1,0.89,30.05,26.2,76.2,66.55,Moderada,Jun,2,Inverno,False,28.224,19.9025,8.275,7.12,3.0050000000000003,PM2.5,25-28 °C,70-85%
2023,6,2023-06-01,Sudeste,SP,Ribeirão Preto,30.44,81.73,19.34,1.55,50.33,27.3,65.8,70.06,Moderada,Jun,2,Inverno,False,27.396,20.4325,4.835,12.4,5.033,PM2.5,25-28 °C,55-70%
2023,6,2023-06-01,Sudeste,RJ,Rio de Janeiro,7.87,86.34,23.88,1.63,34.44,24.2,60.3,51.09,Moderada,Jun,2,Inverno,False,7.083,21.585,5.97,13.04,3.444,PM10,22-25 °C,55-70%
2023,6,2023-06-01,Sudeste,RJ,Niterói,36.96,54.97,21.39,0.44,49.91,26.6,47.2,60.82,Moderada,Jun,2,Inverno,False,33.264,13.7425,5.3475,3.52,4.991,PM2.5,25-28 °C,até 55%
2023,6,2023-06-01,Sudeste,RJ,Nova Iguaçu,53.41,70.06,29.33,0.34,41.62,24.2,89.0,79.76,Moderada,Jun,2,Inverno,False,48.068999999999996,17.515,7.3325,2.72,4.162,PM2.5,22-25 °C,acima de 85%
2023,6,2023-06-01,Sudeste,RJ,Petrópolis,42.23,72.31,31.93,0.34,49.81,22.3,88.8,71.74,Moderada,Jun,2,Inverno,False,38.007,18.0775,7.9825,2.72,4.981000000000001,PM2.5,22-25 °C,acima de 85%
2023,6,2023-06-01,Sudeste,MG,Belo Horizonte,24.16,50.51,30.84,0.91,47.44,28.5,66.7,54.12,Moderada,Jun,2,Inverno,False,21.744,12.6275,7.71,7.28,4.744,PM2.5,acima de 28 °C,55-70%
2023,6,2023-06-01,Sudeste,MG,Uberlândia,30.9,72.6,16.33,0.37,29.26,24.3,87.0,55.96,Moderada,Jun,2,Inverno,False,27.81,18.15,4.0825,2.96,2.926,PM2.5,22-25 °C,acima de 85%
2023,6,2023-06-01,Sudeste,MG,Juiz de Fora,35.93,80.24,21.3,0.85,39.65,25.7,69.8,68.49,Moderada,Jun,2,Inverno,False,32.337,20.06,5.325,6.8,3.965,PM2.5,25-28 °C,55-70%
2023,6,2023-06-01,Sudeste,ES,Vitória,47.39,48.0,20.37,0.85,45.54,21.1,53.0,71.13,Moderada,Jun,2,Inverno,False,42.651,12.0,5.0925,6.8,4.554,PM2.5,até 22 °C,até 55%
2023,6,2023-06-01,Sudeste,ES,Vila Velha,40.24,72.88,8.41,0.9,26.41,28.5,59.8,66.36,Moderada,Jun,2,Inverno,False,36.216,18.22,2.1025,7.2,2.641,PM2.5,acima de 28 °C,55-70%
2023,6,2023-06-01,Sudeste,ES,Serra,49.52,58.53,27.18,1.6,54.31,24.7,75.4,84.24,Ruim,Jun,2,Inverno,True,44.568000000000005,14.6325,6.795,12.8,5.431000000000001,PM2.5,22-25 °C,70-85%
2023,6,2023-06-01,Sul,PR,Curitiba,20.23,63.39,32.63,1.51,40.24,27.3,67.7,58.35,Moderada,Jun,2,Inverno,False,18.207,15.8475,8.1575,12.08,4.024,PM2.5,25-28 °C,55-70%
2023,6,2023-06-01,Sul,PR,Londrina,31.95,80.96,31.14,1.44,37.65,26.9,80.1,72.07,Moderada,Jun,2,Inverno,False,28.755,20.24,7.785,11.52,3.765,PM2.5,25-28 °C,70-85%
2023,6,2023-06-01,Sul,SC,Florianópolis,40.15,52.82,30.84,0.73,34.38,24.1,55.0,66.33,Moderada,Jun,2,Inverno,False,36.135,13.205,7.71,5.84,3.4380000000000006,PM2.5,22-25 °C,até 55%
2023,6,2023-06-01,Sul,SC,Joinville,43.45,72.49,21.88,0.49,32.45,27.4,88.3,69.9,Moderada,Jun,2,Inverno,False,39.105000000000004,18.1225,5.47,3.92,3.2450000000000006,PM2.5,25-28 °C,acima de 85%
2023,6,2023-06-01,Sul,RS,Porto Alegre,46.85,68.64,24.28,1.1,48.75,22.7,71.5,79.03,Moderada,Jun,2,Inverno,False,42.165,17.16,6.07,8.8,4.875,PM2.5,22-25 °C,70-85%
2023,6,2023-06-01,Sul,RS,Caxias do Sul,26.5,91.23,26.61,0.57,45.0,25.7,71.8,62.4,Moderada,Jun,2,Inverno,False,23.85,22.8075,6.6525,4.56,4.5,PM2.5,25-28 °C,70-85%
2023,7,2023-07-01,Norte,AM,Manaus,29.81,86.32,23.59,0.41,33.72,23.4,82.3,60.94,Moderada,Jul,3,Inverno,False,26.829,21.58,5.8975,3.28,3.372,PM2.5,22-25 °C,70-85%
2023,7,2023-07-01,Norte,PA,Belém,27.21,84.6,20.94,0.48,31.36,22.5,76.2,57.83,Moderada,Jul,3,Inverno,False,24.489,21.15,5.235,3.84,3.136,PM2.5,22-25 °C,70-85%
2023,7,2023-07-01,Norte,PA,Santarém,28.54,69.93,38.37,0.3,48.39,19.8,75.3,60.03,Moderada,Jul,3,Inverno,False,25.686,17.4825,9.5925,2.4,4.839,PM2.5,até 22 °C,70-85%
2023,7,2023-07-01,Norte,RO,Porto Velho,38.2,67.14,35.33,1.34,28.72,28.9,80.0,73.59,Moderada,Jul,3,Inverno,False,34.38,16.785,8.8325,10.72,2.872,PM2.5,acima de 28 °C,70-85%
2023,7,2023-07-01,Norte,TO,Palmas,33.84,68.18,23.77,0.68,46.95,24.6,68.8,63.61,Moderada,Jul,3,Inverno,False,30.456000000000003,17.045,5.9425,5.44,4.695,PM2.5,22-25 °C,55-70%
2023,7,2023-07-01,Nordeste,BA,Salvador,34.71,95.59,25.87,0.66,52.39,22.3,73.6,72.16,Moderada,Jul,3,Inverno,False,31.239,23.8975,6.4675,5.28,5.239000000000001,PM2.5,22-25 °C,70-85%
2023,7,2023-07-01,Nordeste,BA,Feira de Santana,30.87,101.83,37.21,0.33,46.68,20.1,52.2,69.85,Moderada,Jul,3,Inverno,False,27.783,25.4575,9.3025,2.64,4.668,PM2.5,até 22 °C,até 55%
2023,7,2023-07-01,Nordeste,PE,Recife,39.87,77.86,34.33,1.37,25.71,23.2,41.2,77.46,Moderada,Jul,3,Inverno,False,35.882999999999996,19.465,8.5825,10.96,2.571,PM2.5,22-25 °C,até 55%
2023,7,2023-07-01,Nordeste,PE,Jaboatão dos Guararapes,31.88,91.49,29.57,0.82,49.04,26.7,41.3,70.44,Moderada,Jul,3,Inverno,False,28.692,22.8725,7.3925,6.56,4.904,PM2.5,25-28 °C,até 55%
2023,7,2023-07-01,Nordeste,CE,Fortaleza,57.86,113.74,16.87,1.23,44.8,23.9,46.6,99.02,Ruim,Jul,3,Inverno,True,52.074,28.435,4.2175,9.84,4.4799999999999995,PM2.5,22-25 °C,até 55%
2023,7,2023-07-01,Nordeste,CE,Juazeiro do Norte,44.1,65.82,21.61,0.91,26.32,17.8,78.9,71.5,Moderada,Jul,3,Inverno,False,39.690000000000005,16.455,5.4025,7.28,2.632,PM2.5,até 22 °C,70-85%
2023,7,2023-07-01,Nordeste,MA,São Luís,43.12,55.64,26.63,1.56,37.79,23.3,58.5,75.66,Moderada,Jul,3,Inverno,False,38.808,13.91,6.6575,12.48,3.779,PM2.5,22-25 °C,55-70%
2023,7,2023-07-01,Nordeste,PB,João Pessoa,21.02,80.06,17.21,1.52,45.87,32.0,54.3,59.97,Moderada,Jul,3,Inverno,False,18.918,20.015,4.3025,12.16,4.587,PM10,acima de 28 °C,até 55%
2023,7,2023-07-01,Centro-Oeste,DF,Brasília,31.66,68.26,24.99,0.53,47.12,26.2,50.1,60.79,Moderada,Jul,3,Inverno,False,28.494,17.065,6.2475,4.24,4.712,PM2.5,25-28 °C,até 55%
2023,7,2023-07-01,Centro-Oeste,GO,Goiânia,21.98,58.91,14.82,0.32,37.65,23.0,84.5,44.54,Boa,Jul,3,Inverno,False,19.782,14.7275,3.705,2.56,3.765,PM2.5,22-25 °C,70-85%
2023,7,2023-07-01,Centro-Oeste,GO,Aparecida de Goiânia,18.97,59.31,27.53,0.3,34.34,19.0,76.8,44.62,Boa,Jul,3,Inverno,False,17.073,14.8275,6.8825,2.4,3.4340000000000006,PM2.5,até 22 °C,70-85%
2023,7,2023-07-01,Centro-Oeste,MT,Cuiabá,28.73,39.9,36.31,0.87,24.22,25.2,51.2,54.28,Moderada,Jul,3,Inverno,False,25.857,9.975,9.0775,6.96,2.422,PM2.5,25-28 °C,até 55%
2023,7,2023-07-01,Centro-Oeste,MS,Campo Grande,37.46,49.5,23.52,1.25,25.43,28.8,65.7,64.49,Moderada,Jul,3,Inverno,False,33.714,12.375,5.88,10.0,2.543,PM2.5,acima de 28 °C,55-70%
2023,7,2023-07-01,Sudeste,SP,São Paulo,44.91,97.51,36.49,1.79,44.76,25.3,85.2,92.69,Ruim,Jul,3,Inverno,True,40.419,24.3775,9.1225,14.32,4.476,PM2.5,25-28 °C,acima de 85%
2023,7,2023-07-01,Sudeste,SP,Campinas,27.14,56.99,39.46,0.77,51.03,22.8,70.4,59.83,Moderada,Jul,3,Inverno,False,24.426000000000002,14.2475,9.865,6.16,5.103000000000001,PM2.5,22-25 °C,70-85%
2023,7,2023-07-01,Sudeste,SP,Ribeirão Preto,42.86,41.78,13.91,0.31,35.97,23.5,52.9,58.56,Moderada,Jul,3,Inverno,False,38.574,10.445,3.4775,2.48,3.597,PM2.5,22-25 °C,até 55%
2023,7,2023-07-01,Sudeste,RJ,Rio de Janeiro,26.32,99.28,32.58,0.32,30.22,28.5,86.1,62.26,Moderada,Jul,3,Inverno,False,23.688000000000002,24.82,8.145,2.56,3.0220000000000002,PM10,acima de 28 °C,acima de 85%
2023,7,2023-07-01,Sudeste,RJ,Niterói,40.15,77.74,22.86,0.92,32.91,33.4,92.6,71.96,Moderada,Jul,3,Inverno,False,36.135,19.435,5.715,7.36,3.291,PM2.5,acima de 28 °C,acima de 85%
2023,7,2023-07-01,Sudeste,RJ,Nova Iguaçu,45.82,84.17,20.08,0.53,44.5,32.6,47.7,76.02,Moderada,Jul,3,Inverno,False,41.238,21.0425,5.02,4.24,4.45,PM2.5,acima de 28 °C,até 55%
2023,7,2023-07-01,Sudeste,RJ,Petrópolis,29.23,27.94,16.19,0.84,53.91,25.3,62.1,49.46,Boa,Jul,3,Inverno,False,26.307000000000002,6.985,4.0475,6.72,5.391,PM2.5,25-28 °C,55-70%
2023,7,2023-07-01,Sudeste,MG,Belo Horizonte,33.46,82.34,24.3,1.67,49.55,22.2,92.3,75.07,Moderada,Jul,3,Inverno,False,30.114,20.585,6.075,13.36,4.955,PM2.5,22-25 °C,acima de 85%
2023,7,2023-07-01,Sudeste,MG,Uberlândia,21.04,89.85,33.47,0.83,62.34,27.8,68.6,62.64,Moderada,Jul,3,Inverno,False,18.936,22.4625,8.3675,6.64,6.234000000000001,PM10,25-28 °C,55-70%
2023,7,2023-07-01,Sudeste,MG,Juiz de Fora,40.17,87.18,18.93,1.79,54.94,25.3,78.8,82.5,Ruim,Jul,3,Inverno,True,36.153000000000006,21.795,4.7325,14.32,5.494,PM2.5,25-28 °C,70-85%
2023,7,2023-07-01,Sudeste,ES,Vitória,43.02,41.01,26.16,1.37,52.4,24.3,91.7,71.68,Moderada,Jul,3,Inverno,False,38.718,10.2525,6.54,10.96,5.24,PM2.5,22-25 °C,acima de 85%
2023,7,2023-07-01,Sudeste,ES,Vila Velha,43.28,52.06,28.23,1.65,40.15,24.1,53.6,76.23,Moderada,Jul,3,Inverno,False,38.952000000000005,13.015,7.0575,13.2,4.015,PM2.5,22-25 °C,até 55%
2023,7,2023-07-01,Sudeste,ES,Serra,32.03,99.73,34.73,0.79,17.92,20.0,88.7,70.52,Moderada,Jul,3,Inverno,False,28.827,24.9325,8.6825,6.32,1.7920000000000003,PM2.5,até 22 °C,acima de 85%
2023,7,2023-07-01,Sul,PR,Curitiba,23.64,63.49,24.58,0.97,32.85,20.5,84.0,54.37,Moderada,Jul,3,Inverno,False,21.276,15.8725,6.145,7.76,3.285,PM2.5,até 22 °C,70-85%
2023,7,2023-07-01,Sul,PR,Londrina,44.14,53.52,13.42,0.56,50.91,23.4,50.0,66.07,Moderada,Jul,3,Inverno,False,39.726,13.38,3.355,4.48,5.091,PM2.5,22-25 °C,até 55%
2023,7,2023-07-01,Sul,SC,Florianópolis,46.71,55.04,19.93,0.97,38.98,28.2,76.8,72.41,Moderada,Jul,3,Inverno,False,42.039,13.76,4.9825,7.76,3.8979999999999997,PM2.5,acima de 28 °C,70-85%
2023,7,2023-07-01,Sul,SC,Joinville,42.37,96.85,46.38,1.34,42.14,26.1,50.3,88.89,Ruim,Jul,3,Inverno,True,38.132999999999996,24.2125,11.595,10.72,4.214,PM2.5,25-28 °C,até 55%
2023,7,2023-07-01,Sul,RS,Porto Alegre,41.77,64.47,20.56,0.94,37.5,23.7,57.6,70.14,Moderada,Jul,3,Inverno,False,37.593,16.1175,5.14,7.52,3.75,PM2.5,22-25 °C,55-70%
2023,7,2023-07-01,Sul,RS,Caxias do Sul,34.33,77.04,23.17,1.37,31.78,19.8,54.4,70.08,Moderada,Jul,3,Inverno,False,30.897,19.26,5.7925,10.96,3.1780000000000004,PM2.5,até 22 °C,até 55%
2023,8,2023-08-01,Norte,AM,Manaus,31.78,23.64,37.73,0.84,35.55,28.5,93.6,54.2,Moderada,Ago,3,Inverno,False,28.602,5.91,9.4325,6.72,3.5549999999999997,PM2.5,acima de 28 °C,acima de 85%
2023,8,2023-08-01,Norte,PA,Belém,21.55,68.98,12.46,1.1,17.64,20.9,75.4,50.29,Moderada,Ago,3,Inverno,False,19.395,17.245,3.115,8.8,1.7640000000000002,PM2.5,até 22 °C,70-85%
2023,8,2023-08-01,Norte,PA,Santarém,18.62,59.93,21.48,1.49,47.41,22.5,66.3,53.78,Moderada,Ago,3,Inverno,False,16.758000000000003,14.9825,5.37,11.92,4.741,PM2.5,22-25 °C,55-70%
2023,8,2023-08-01,Norte,RO,Porto Velho,41.26,68.63,29.13,1.21,40.28,21.2,66.2,75.27,Moderada,Ago,3,Inverno,False,37.134,17.1575,7.2825,9.68,4.0280000000000005,PM2.5,até 22 °C,55-70%
2023,8,2023-08-01,Norte,TO,Palmas,41.59,54.61,19.14,1.07,40.38,25.3,65.0,68.47,Moderada,Ago,3,Inverno,False,37.431000000000004,13.6525,4.785,8.56,4.038,PM2.5,25-28 °C,55-70%
2023,8,2023-08-01,Nordeste,BA,Salvador,29.05,82.07,18.28,0.81,45.26,24.3,43.1,62.21,Moderada,Ago,3,Inverno,False,26.145,20.5175,4.57,6.48,4.526,PM2.5,22-25 °C,até 55%
2023,8,2023-08-01,Nordeste,BA,Feira de Santana,40.58,65.7,25.96,0.96,51.83,22.4,66.5,72.32,Moderada,Ago,3,Inverno,False,36.522,16.425,6.49,7.68,5.183,PM2.5,22-25 °C,55-70%
2023,8,2023-08-01,Nordeste,PE,Recife,33.89,42.81,5.26,1.07,54.48,27.3,77.3,56.51,Moderada,Ago,3,Inverno,False,30.501,10.7025,1.315,8.56,5.448,PM2.5,25-28 °C,70-85%
2023,8,2023-08-01,Nordeste,PE,Jaboatão dos Guararapes,34.08,90.98,36.13,1.59,24.39,21.1,60.4,77.58,Moderada,Ago,3,Inverno,False,30.672,22.745,9.0325,12.72,2.439,PM2.5,até 22 °C,55-70%
2023,8,2023-08-01,Nordeste,CE,Fortaleza,30.87,56.1,18.91,0.41,33.17,21.3,75.6,53.11,Moderada,Ago,3,Inverno,False,27.783,14.025,4.7275,3.28,3.317,PM2.5,até 22 °C,70-85%
2023,8,2023-08-01,Nordeste,CE,Juazeiro do Norte,38.2,85.52,17.78,0.4,48.21,25.0,61.2,68.24,Moderada,Ago,3,Inverno,False,34.38,21.38,4.445,3.2,4.821000000000001,PM2.5,22-25 °C,55-70%
2023,8,2023-08-01,Nordeste,MA,São Luís,34.0,44.77,21.29,0.69,32.53,28.4,78.9,55.92,Moderada,Ago,3,Inverno,False,30.6,11.1925,5.3225,5.52,3.253,PM2.5,acima de 28 °C,70-85%
2023,8,2023-08-01,Nordeste,PB,João Pessoa,60.01,33.54,36.51,1.42,45.66,27.6,72.5,87.48,Ruim,Ago,3,Inverno,True,54.009,8.385,9.1275,11.36,4.566,PM2.5,25-28 °C,70-85%
2023,8,2023-08-01,Centro-Oeste,DF,Brasília,27.84,53.97,20.59,1.4,36.6,25.3,57.2,58.59,Moderada,Ago,3,Inverno,False,25.056,13.4925,5.1475,11.2,3.66,PM2.5,25-28 °C,55-70%
2023,8,2023-08-01,Centro-Oeste,GO,Goiânia,38.26,81.76,26.45,0.7,49.07,17.3,56.1,71.97,Moderada,Ago,3,Inverno,False,34.434,20.44,6.6125,5.6,4.907,PM2.5,até 22 °C,55-70%
2023,8,2023-08-01,Centro-Oeste,GO,Aparecida de Goiânia,19.79,66.61,28.34,1.58,29.32,26.4,77.4,57.11,Moderada,Ago,3,Inverno,False,17.811,16.6525,7.085,12.64,2.9320000000000004,PM2.5,25-28 °C,70-85%
2023,8,2023-08-01,Centro-Oeste,MT,Cuiabá,39.27,77.3,30.02,0.35,35.61,18.8,82.1,68.52,Moderada,Ago,3,Inverno,False,35.343,19.325,7.505,2.8,3.561,PM2.5,até 22 °C,70-85%
2023,8,2023-08-01,Centro-Oeste,MS,Campo Grande,42.35,96.37,21.44,1.03,44.5,26.8,51.7,80.23,Ruim,Ago,3,Inverno,True,38.115,24.0925,5.36,8.24,4.45,PM2.5,25-28 °C,até 55%
2023,8,2023-08-01,Sudeste,SP,São Paulo,35.82,59.58,24.17,1.33,44.11,25.7,57.4,68.21,Moderada,Ago,3,Inverno,False,32.238,14.895,6.0425,10.64,4.4110000000000005,PM2.5,25-28 °C,55-70%
2023,8,2023-08-01,Sudeste,SP,Campinas,42.79,82.71,27.4,0.72,58.08,27.5,66.2,77.59,Moderada,Ago,3,Inverno,False,38.511,20.6775,6.85,5.76,5.808,PM2.5,25-28 °C,55-70%
2023,8,2023-08-01,Sudeste,SP,Ribeirão Preto,34.77,58.83,22.7,0.85,44.07,28.3,75.9,62.85,Moderada,Ago,3,Inverno,False,31.293000000000003,14.7075,5.675,6.8,4.407,PM2.5,acima de 28 °C,70-85%
2023,8,2023-08-01,Sudeste,RJ,Rio de Janeiro,47.76,71.0,12.45,1.54,47.94,18.6,60.0,81.0,Ruim,Ago,3,Inverno,True,42.984,17.75,3.1125,12.32,4.794,PM2.5,até 22 °C,55-70%
2023,8,2023-08-01,Sudeste,RJ,Niterói,18.01,35.92,18.31,0.49,30.81,23.4,92.2,36.79,Boa,Ago,3,Inverno,False,16.209000000000003,8.98,4.5775,3.92,3.081,PM2.5,22-25 °C,acima de 85%
2023,8,2023-08-01,Sudeste,RJ,Nova Iguaçu,29.38,48.5,18.11,0.57,40.86,20.0,92.1,51.71,Moderada,Ago,3,Inverno,False,26.442,12.125,4.5275,4.56,4.086,PM2.5,até 22 °C,acima de 85%
2023,8,2023-08-01,Sudeste,RJ,Petrópolis,40.03,59.33,25.73,1.69,55.12,27.7,57.6,76.29,Moderada,Ago,3,Inverno,False,36.027,14.8325,6.4325,13.52,5.5120000000000005,PM2.5,25-28 °C,55-70%
2023,8,2023-08-01,Sudeste,MG,Belo Horizonte,39.91,96.65,39.79,1.07,42.68,25.2,44.8,82.84,Ruim,Ago,3,Inverno,True,35.919,24.1625,9.9475,8.56,4.268,PM2.5,25-28 °C,até 55%
2023,8,2023-08-01,Sudeste,MG,Uberlândia,25.06,80.42,11.37,0.38,26.73,19.7,56.9,51.23,Moderada,Ago,3,Inverno,False,22.554,20.105,2.8425,3.04,2.673,PM2.5,até 22 °C,55-70%
2023,8,2023-08-01,Sudeste,MG,Juiz de Fora,31.8,88.9,24.44,1.72,40.74,26.7,47.5,74.82,Moderada,Ago,3,Inverno,False,28.62,22.225,6.11,13.76,4.074000000000001,PM2.5,25-28 °C,até 55%
2023,8,2023-08-01,Sudeste,ES,Vitória,26.35,62.6,14.84,0.5,38.09,28.7,93.3,50.86,Moderada,Ago,3,Inverno,False,23.715000000000003,15.65,3.71,4.0,3.8090000000000006,PM2.5,acima de 28 °C,acima de 85%
2023,8,2023-08-01,Sudeste,ES,Vila Velha,22.25,53.16,16.24,1.38,22.99,25.0,46.0,50.7,Moderada,Ago,3,Inverno,False,20.025000000000002,13.29,4.06,11.04,2.299,PM2.5,22-25 °C,até 55%
2023,8,2023-08-01,Sudeste,ES,Serra,19.56,111.12,19.08,1.03,39.38,26.2,41.0,62.31,Moderada,Ago,3,Inverno,False,17.604,27.78,4.77,8.24,3.9380000000000006,PM10,25-28 °C,até 55%
2023,8,2023-08-01,Sul,PR,Curitiba,38.27,85.53,27.44,1.58,50.97,27.3,74.1,80.44,Ruim,Ago,3,Inverno,True,34.443000000000005,21.3825,6.86,12.64,5.097,PM2.5,25-28 °C,70-85%
2023,8,2023-08-01,Sul,PR,Londrina,35.02,83.29,10.96,1.05,53.48,26.6,77.8,68.8,Moderada,Ago,3,Inverno,False,31.518000000000004,20.8225,2.74,8.4,5.348,PM2.5,25-28 °C,70-85%
2023,8,2023-08-01,Sul,SC,Florianópolis,35.45,93.14,17.71,1.45,43.58,29.1,54.1,75.62,Moderada,Ago,3,Inverno,False,31.905000000000005,23.285,4.4275,11.6,4.358,PM2.5,acima de 28 °C,até 55%
2023,8,2023-08-01,Sul,SC,Joinville,37.55,75.11,13.99,1.03,25.1,24.1,67.1,66.79,Moderada,Ago,3,Inverno,False,33.795,18.7775,3.4975,8.24,2.5100000000000002,PM2.5,22-25 °C,55-70%
2023,8,2023-08-01,Sul,RS,Porto Alegre,18.98,82.08,30.05,1.55,49.79,25.0,44.1,62.51,Moderada,Ago,3,Inverno,False,17.082,20.52,7.5125,12.4,4.979,PM10,22-25 °C,até 55%
2023,8,2023-08-01,Sul,RS,Caxias do Sul,30.16,110.12,22.77,0.89,45.46,26.3,56.1,72.07,Moderada,Ago,3,Inverno,False,27.144000000000002,27.53,5.6925,7.12,4.546,PM10,25-28 °C,55-70%
2023,9,2023-09-01,Norte,AM,Manaus,31.11,88.17,21.72,1.67,48.99,25.4,82.4,73.76,Moderada,Set,3,Primavera,False,27.999,22.0425,5.43,13.36,4.899000000000001,PM2.5,25-28 °C,70-85%
2023,9,2023-09-01,Norte,PA,Belém,39.2,61.5,25.74,0.41,33.71,24.2,92.9,63.77,Moderada,Set,3,Primavera,False,35.28,15.375,6.435,3.28,3.3710000000000004,PM2.5,22-25 °C,acima de 85%
2023,9,2023-09-01,Norte,PA,Santarém,31.94,57.95,13.92,0.95,30.97,25.1,87.7,57.38,Moderada,Set,3,Primavera,False,28.746000000000002,14.4875,3.48,7.6,3.097,PM2.5,25-28 °C,acima de 85%
2023,9,2023-09-01,Norte,RO,Porto Velho,37.11,71.54,31.52,1.61,39.46,25.1,80.8,76.03,Moderada,Set,3,Primavera,False,33.399,17.885,7.88,12.88,3.946,PM2.5,25-28 °C,70-85%
2023,9,2023-09-01,Norte,TO,Palmas,41.74,70.45,33.83,1.4,38.5,25.3,66.0,78.68,Moderada,Set,3,Primavera,False,37.566,17.6125,8.4575,11.2,3.85,PM2.5,25-28 °C,55-70%
2023,9,2023-09-01,Nordeste,BA,Salvador,39.78,71.98,34.83,1.41,35.75,22.7,51.6,77.34,Moderada,Set,3,Primavera,False,35.802,17.995,8.7075,11.28,3.575,PM2.5,22-25 °C,até 55%
2023,9,2023-09-01,Nordeste,BA,Feira de Santana,25.24,68.71,14.54,0.72,28.69,22.8,77.4,52.17,Moderada,Set,3,Primavera,False,22.715999999999998,17.1775,3.635,5.76,2.869,PM2.5,22-25 °C,70-85%
2023,9,2023-09-01,Nordeste,PE,Recife,37.71,46.41,26.22,0.38,39.23,28.8,49.2,59.04,Moderada,Set,3,Primavera,False,33.939,11.6025,6.555,3.04,3.923,PM2.5,acima de 28 °C,até 55%
2023,9,2023-09-01,Nordeste,PE,Jaboatão dos Guararapes,35.66,58.88,22.4,0.69,25.21,26.0,45.1,60.46,Moderada,Set,3,Primavera,False,32.094,14.72,5.6,5.52,2.5210000000000004,PM2.5,25-28 °C,até 55%
2023,9,2023-09-01,Nordeste,CE,Fortaleza,51.53,79.01,33.68,1.62,40.29,23.5,46.4,91.54,Ruim,Set,3,Primavera,True,46.377,19.7525,8.42,12.96,4.029,PM2.5,22-25 °C,até 55%
2023,9,2023-09-01,Nordeste,CE,Juazeiro do Norte,42.92,33.99,11.78,1.77,36.47,19.5,53.8,67.84,Moderada,Set,3,Primavera,False,38.628,8.4975,2.945,14.16,3.6470000000000002,PM2.5,até 22 °C,até 55%
2023,9,2023-09-01,Nordeste,MA,São Luís,38.28,62.3,21.01,0.63,4.62,28.1,42.8,60.75,Moderada,Set,3,Primavera,False,34.452000000000005,15.575,5.2525,5.04,0.462,PM2.5,acima de 28 °C,até 55%
2023,9,2023-09-01,Nordeste,PB,João Pessoa,33.17,67.9,28.25,1.43,46.32,24.1,58.8,69.99,Moderada,Set,3,Primavera,False,29.853,16.975,7.0625,11.44,4.632000000000001,PM2.5,22-25 °C,55-70%
2023,9,2023-09-01,Centro-Oeste,DF,Brasília,38.23,117.23,23.72,1.15,65.42,26.3,44.0,85.41,Ruim,Set,3,Primavera,True,34.407,29.3075,5.93,9.2,6.542000000000001,PM2.5,25-28 °C,até 55%
2023,9,2023-09-01,Centro-Oeste,GO,Goiânia,25.68,64.84,27.07,1.08,31.27,26.7,83.8,57.84,Moderada,Set,3,Primavera,False,23.112000000000002,16.21,6.7675,8.64,3.1270000000000002,PM2.5,25-28 °C,70-85%
2023,9,2023-09-01,Centro-Oeste,GO,Aparecida de Goiânia,39.76,48.43,26.06,0.31,47.12,25.8,77.7,61.6,Moderada,Set,3,Primavera,False,35.784,12.1075,6.515,2.48,4.712,PM2.5,25-28 °C,70-85%
2023,9,2023-09-01,Centro-Oeste,MT,Cuiabá,26.98,82.73,8.16,0.41,43.62,27.5,76.8,54.66,Moderada,Set,3,Primavera,False,24.282,20.6825,2.04,3.28,4.362,PM2.5,25-28 °C,70-85%
2023,9,2023-09-01,Centro-Oeste,MS,Campo Grande,31.7,72.32,22.12,1.41,35.13,27.4,78.8,66.94,Moderada,Set,3,Primavera,False,28.53,18.08,5.53,11.28,3.5130000000000003,PM2.5,25-28 °C,70-85%
2023,9,2023-09-01,Sudeste,SP,São Paulo,28.0,65.52,21.17,0.61,66.2,25.6,81.1,58.35,Moderada,Set,3,Primavera,False,25.2,16.38,5.2925,4.88,6.620000000000001,PM2.5,25-28 °C,70-85%
2023,9,2023-09-01,Sudeste,SP,Campinas,32.71,83.05,27.17,0.93,44.49,24.2,45.2,68.9,Moderada,Set,3,Primavera,False,29.439,20.7625,6.7925,7.44,4.449000000000001,PM2.5,22-25 °C,até 55%
2023,9,2023-09-01,Sudeste,SP,Ribeirão Preto,38.13,65.7,28.61,1.68,56.35,26.1,64.8,76.95,Moderada,Set,3,Primavera,False,34.317,16.425,7.1525,13.44,5.635000000000001,PM2.5,25-28 °C,55-70%
2023,9,2023-09-01,Sudeste,RJ,Rio de Janeiro,33.37,76.03,45.16,0.85,25.14,24.0,76.5,69.63,Moderada,Set,3,Primavera,False,30.032999999999998,19.0075,11.29,6.8,2.5140000000000002,PM2.5,22-25 °C,70-85%
2023,9,2023-09-01,Sudeste,RJ,Niterói,46.65,96.59,12.47,1.08,33.2,24.7,55.2,81.25,Ruim,Set,3,Primavera,True,41.985,24.1475,3.1175,8.64,3.3200000000000003,PM2.5,22-25 °C,55-70%
2023,9,2023-09-01,Sudeste,RJ,Nova Iguaçu,22.42,100.57,19.49,0.63,33.4,25.2,57.5,58.58,Moderada,Set,3,Primavera,False,20.178,25.1425,4.8725,5.04,3.34,PM10,25-28 °C,55-70%
2023,9,2023-09-01,Sudeste,RJ,Petrópolis,41.11,60.77,24.27,0.55,16.34,22.9,64.0,64.33,Moderada,Set,3,Primavera,False,36.999,15.1925,6.0675,4.4,1.6340000000000001,PM2.5,22-25 °C,55-70%
2023,9,2023-09-01,Sudeste,MG,Belo Horizonte,42.65,110.82,24.19,1.03,36.3,25.5,72.9,84.0,Ruim,Set,3,Primavera,True,38.385,27.705,6.0475,8.24,3.63,PM2.5,25-28 °C,70-85%
2023,9,2023-09-01,Sudeste,MG,Uberlândia,33.87,85.35,33.25,1.15,62.61,25.9,55.4,75.63,Moderada,Set,3,Primavera,False,30.482999999999997,21.3375,8.3125,9.2,6.261,PM2.5,25-28 °C,55-70%
2023,9,2023-09-01,Sudeste,MG,Juiz de Fora,45.91,88.29,33.07,0.63,47.02,21.5,81.5,81.36,Ruim,Set,3,Primavera,True,41.318999999999996,22.0725,8.2675,5.04,4.702000000000001,PM2.5,até 22 °C,70-85%
2023,9,2023-09-01,Sudeste,ES,Vitória,42.14,66.82,10.94,1.29,54.81,21.0,86.5,73.17,Moderada,Set,3,Primavera,False,37.926,16.705,2.735,10.32,5.481000000000001,PM2.5,até 22 °C,acima de 85%
2023,9,2023-09-01,Sudeste,ES,Vila Velha,35.56,84.79,25.02,0.69,44.65,25.0,77.6,69.47,Moderada,Set,3,Primavera,False,32.004000000000005,21.1975,6.255,5.52,4.465,PM2.5,22-25 °C,70-85%
2023,9,2023-09-01,Sudeste,ES,Serra,50.85,81.58,28.81,0.78,46.78,21.0,80.1,84.26,Ruim,Set,3,Primavera,True,45.765,20.395,7.2025,6.24,4.678,PM2.5,até 22 °C,70-85%
2023,9,2023-09-01,Sul,PR,Curitiba,22.61,50.33,19.14,1.13,39.07,24.1,90.3,50.63,Moderada,Set,3,Primavera,False,20.349,12.5825,4.785,9.04,3.907,PM2.5,22-25 °C,acima de 85%
2023,9,2023-09-01,Sul,PR,Londrina,39.19,80.67,15.22,1.2,38.05,26.6,41.9,72.62,Moderada,Set,3,Primavera,False,35.271,20.1675,3.805,9.6,3.8049999999999997,PM2.5,25-28 °C,até 55%
2023,9,2023-09-01,Sul,SC,Florianópolis,18.7,72.71,28.57,1.41,49.5,23.5,45.9,58.37,Moderada,Set,3,Primavera,False,16.83,18.1775,7.1425,11.28,4.95,PM10,22-25 °C,até 55%
2023,9,2023-09-01,Sul,SC,Joinville,13.37,78.71,32.94,1.07,37.14,23.3,52.1,52.2,Moderada,Set,3,Primavera,False,12.033,19.6775,8.235,8.56,3.7140000000000004,PM10,22-25 °C,até 55%
2023,9,2023-09-01,Sul,RS,Porto Alegre,42.65,39.13,23.74,1.62,50.74,24.3,74.2,72.09,Moderada,Set,3,Primavera,False,38.385,9.7825,5.935,12.96,5.074000000000001,PM2.5,22-25 °C,70-85%
2023,9,2023-09-01,Sul,RS,Caxias do Sul,33.42,56.25,29.08,0.59,37.13,26.0,88.7,59.84,Moderada,Set,3,Primavera,False,30.078000000000003,14.0625,7.27,4.72,3.7130000000000005,PM2.5,25-28 °C,acima de 85%
2023,10,2023-10-01,Norte,AM,Manaus,18.61,61.04,23.83,1.73,43.45,26.7,42.3,56.18,Moderada,Out,4,Primavera,False,16.749,15.26,5.9575,13.84,4.345000000000001,PM2.5,25-28 °C,até 55%
2023,10,2023-10-01,Norte,PA,Belém,25.33,72.12,35.45,1.12,51.83,20.9,60.7,63.88,Moderada,Out,4,Primavera,False,22.797,18.03,8.8625,8.96,5.183,PM2.5,até 22 °C,55-70%
2023,10,2023-10-01,Norte,PA,Santarém,20.18,44.0,27.7,1.45,40.95,19.5,86.0,51.79,Moderada,Out,4,Primavera,False,18.162,11.0,6.925,11.6,4.095000000000001,PM2.5,até 22 °C,acima de 85%
2023,10,2023-10-01,Norte,RO,Porto Velho,43.53,50.25,22.38,0.84,57.55,26.7,72.1,69.79,Moderada,Out,4,Primavera,False,39.177,12.5625,5.595,6.72,5.755,PM2.5,25-28 °C,70-85%
2023,10,2023-10-01,Norte,TO,Palmas,38.77,57.29,23.94,1.11,32.9,18.5,47.2,67.36,Moderada,Out,4,Primavera,False,34.893,14.3225,5.985,8.88,3.29,PM2.5,até 22 °C,até 55%
2023,10,2023-10-01,Nordeste,BA,Salvador,42.79,96.01,21.88,1.32,44.11,26.0,49.7,82.91,Ruim,Out,4,Primavera,True,38.511,24.0025,5.47,10.56,4.4110000000000005,PM2.5,25-28 °C,até 55%
2023,10,2023-10-01,Nordeste,BA,Feira de Santana,34.64,69.19,10.53,1.62,41.77,22.6,68.2,68.28,Moderada,Out,4,Primavera,False,31.176000000000002,17.2975,2.6325,12.96,4.1770000000000005,PM2.5,22-25 °C,55-70%
2023,10,2023-10-01,Nordeste,PE,Recife,32.52,58.67,13.7,0.32,45.74,21.5,74.4,54.5,Moderada,Out,4,Primavera,False,29.268000000000004,14.6675,3.425,2.56,4.574000000000001,PM2.5,até 22 °C,70-85%
2023,10,2023-10-01,Nordeste,PE,Jaboatão dos Guararapes,50.31,54.71,31.5,1.18,41.7,24.2,44.1,80.42,Ruim,Out,4,Primavera,True,45.279,13.6775,7.875,9.44,4.170000000000001,PM2.5,22-25 °C,até 55%
2023,10,2023-10-01,Nordeste,CE,Fortaleza,25.49,78.94,35.56,0.42,52.31,26.5,87.6,60.12,Moderada,Out,4,Primavera,False,22.941,19.735,8.89,3.36,5.231000000000001,PM2.5,25-28 °C,acima de 85%
2023,10,2023-10-01,Nordeste,CE,Juazeiro do Norte,48.71,59.57,15.76,0.9,41.04,26.3,93.2,73.97,Moderada,Out,4,Primavera,False,43.839,14.8925,3.94,7.2,4.104,PM2.5,25-28 °C,acima de 85%
2023,10,2023-10-01,Nordeste,MA,São Luís,44.38,85.21,38.51,0.34,55.06,29.0,58.9,79.1,Moderada,Out,4,Primavera,False,39.942,21.3025,9.6275,2.72,5.506,PM2.5,acima de 28 °C,55-70%
2023,10,2023-10-01,Nordeste,PB,João Pessoa,22.19,47.82,35.14,1.52,25.95,22.1,90.5,55.44,Moderada,Out,4,Primavera,False,19.971,11.955,8.785,12.16,2.595,PM2.5,22-25 °C,acima de 85%
2023,10,2023-10-01,Centro-Oeste,DF,Brasília,37.5,60.09,32.73,1.52,44.3,27.3,51.8,73.54,Moderada,Out,4,Primavera,False,33.75,15.0225,8.1825,12.16,4.43,PM2.5,25-28 °C,até 55%
2023,10,2023-10-01,Centro-Oeste,GO,Goiânia,29.11,72.59,18.1,1.28,47.85,27.8,78.7,63.88,Moderada,Out,4,Primavera,False,26.199,18.1475,4.525,10.24,4.785,PM2.5,25-28 °C,70-85%
2023,10,2023-10-01,Centro-Oeste,GO,Aparecida de Goiânia,22.02,66.05,21.61,1.01,21.99,28.6,94.2,52.02,Moderada,Out,4,Primavera,False,19.818,16.5125,5.4025,8.08,2.199,PM2.5,acima de 28 °C,acima de 85%
2023,10,2023-10-01,Centro-Oeste,MT,Cuiabá,47.93,70.84,34.28,1.33,30.37,28.1,68.1,83.09,Ruim,Out,4,Primavera,True,43.137,17.71,8.57,10.64,3.0370000000000004,PM2.5,acima de 28 °C,55-70%
2023,10,2023-10-01,Centro-Oeste,MS,Campo Grande,33.77,68.8,31.59,0.8,45.46,24.6,62.3,66.42,Moderada,Out,4,Primavera,False,30.393000000000004,17.2,7.8975,6.4,4.546,PM2.5,22-25 °C,55-70%
2023,10,2023-10-01,Sudeste,SP,São Paulo,28.16,80.41,10.68,1.69,35.74,26.5,86.6,65.19,Moderada,Out,4,Primavera,False,25.344,20.1025,2.67,13.52,3.5740000000000003,PM2.5,25-28 °C,acima de 85%
2023,10,2023-10-01,Sudeste,SP,Campinas,43.72,51.53,5.29,0.43,36.21,27.8,40.3,60.62,Moderada,Out,4,Primavera,False,39.348,12.8825,1.3225,3.44,3.6210000000000004,PM2.5,25-28 °C,até 55%
2023,10,2023-10-01,Sudeste,SP,Ribeirão Preto,34.95,90.55,27.59,1.39,40.08,25.9,66.5,76.09,Moderada,Out,4,Primavera,False,31.455000000000002,22.6375,6.8975,11.12,4.008,PM2.5,25-28 °C,55-70%
2023,10,2023-10-01,Sudeste,RJ,Rio de Janeiro,29.82,42.47,26.3,1.66,28.42,28.1,61.1,60.11,Moderada,Out,4,Primavera,False,26.838,10.6175,6.575,13.28,2.8420000000000005,PM2.5,acima de 28 °C,55-70%
2023,10,2023-10-01,Sudeste,RJ,Niterói,34.02,101.93,23.15,0.8,30.1,26.2,57.5,71.28,Moderada,Out,4,Primavera,False,30.618000000000002,25.4825,5.7875,6.4,3.0100000000000002,PM2.5,25-28 °C,55-70%
2023,10,2023-10-01,Sudeste,RJ,Nova Iguaçu,35.04,51.87,21.01,0.5,50.57,22.0,44.9,58.81,Moderada,Out,4,Primavera,False,31.536,12.9675,5.2525,4.0,5.057,PM2.5,até 22 °C,até 55%
2023,10,2023-10-01,Sudeste,RJ,Petrópolis,30.04,63.09,41.23,1.11,37.38,27.7,71.6,65.75,Moderada,Out,4,Primavera,False,27.036,15.7725,10.3075,8.88,3.7380000000000004,PM2.5,25-28 °C,70-85%
2023,10,2023-10-01,Sudeste,MG,Belo Horizonte,25.83,80.4,23.22,0.83,48.32,22.1,49.9,60.6,Moderada,Out,4,Primavera,False,23.247,20.1,5.805,6.64,4.832000000000001,PM2.5,22-25 °C,até 55%
2023,10,2023-10-01,Sudeste,MG,Uberlândia,28.04,59.69,14.45,0.63,47.05,21.5,86.5,53.51,Moderada,Out,4,Primavera,False,25.236,14.9225,3.6125,5.04,4.705,PM2.5,até 22 °C,acima de 85%
2023,10,2023-10-01,Sudeste,MG,Juiz de Fora,50.93,80.68,28.07,0.52,52.0,26.0,50.7,82.37,Ruim,Out,4,Primavera,True,45.837,20.17,7.0175,4.16,5.2,PM2.5,25-28 °C,até 55%
2023,10,2023-10-01,Sudeste,ES,Vitória,24.25,56.65,27.07,0.8,44.35,25.1,84.0,53.62,Moderada,Out,4,Primavera,False,21.825,14.1625,6.7675,6.4,4.4350000000000005,PM2.5,25-28 °C,70-85%
2023,10,2023-10-01,Sudeste,ES,Vila Velha,47.09,63.39,21.93,1.19,31.26,28.9,47.7,76.34,Moderada,Out,4,Primavera,False,42.38100000000001,15.8475,5.4825,9.52,3.1260000000000003,PM2.5,acima de 28 °C,até 55%
2023,10,2023-10-01,Sudeste,ES,Serra,47.0,44.65,21.18,1.8,28.78,29.6,93.9,76.03,Moderada,Out,4,Primavera,False,42.300000000000004,11.1625,5.295,14.4,2.878,PM2.5,acima de 28 °C,acima de 85%
2023,10,2023-10-01,Sul,PR,Curitiba,19.37,61.42,32.24,1.12,39.7,24.9,55.9,53.75,Moderada,Out,4,Primavera,False,17.433,15.355,8.06,8.96,3.9700000000000006,PM2.5,22-25 °C,55-70%
2023,10,2023-10-01,Sul,PR,Londrina,56.52,90.01,32.78,0.89,60.52,24.7,91.8,94.74,Ruim,Out,4,Primavera,True,50.868,22.5025,8.195,7.12,6.0520000000000005,PM2.5,22-25 °C,acima de 85%
2023,10,2023-10-01,Sul,SC,Florianópolis,25.74,82.75,31.53,0.91,40.79,24.7,44.1,63.13,Moderada,Out,4,Primavera,False,23.166,20.6875,7.8825,7.28,4.079,PM2.5,22-25 °C,até 55%
2023,10,2023-10-01,Sul,SC,Joinville,36.75,68.1,25.49,0.7,49.38,24.4,84.3,67.0,Moderada,Out,4,Primavera,False,33.075,17.025,6.3725,5.6,4.938000000000001,PM2.5,22-25 °C,70-85%
2023,10,2023-10-01,Sul,RS,Porto Alegre,47.75,107.59,15.3,0.43,29.27,22.7,62.4,80.04,Ruim,Out,4,Primavera,True,42.975,26.8975,3.825,3.44,2.927,PM2.5,22-25 °C,55-70%
2023,10,2023-10-01,Sul,RS,Caxias do Sul,47.95,58.49,31.41,0.98,45.99,24.4,88.6,78.04,Moderada,Out,4,Primavera,False,43.155,14.6225,7.8525,7.84,4.599,PM2.5,22-25 °C,acima de 85%
2023,11,2023-11-01,Norte,AM,Manaus,25.94,85.51,20.88,0.61,41.36,25.4,94.1,58.96,Moderada,Nov,4,Primavera,False,23.346,21.3775,5.22,4.88,4.136,PM2.5,25-28 °C,acima de 85%
2023,11,2023-11-01,Norte,PA,Belém,44.53,55.43,24.48,0.62,65.0,27.0,49.5,71.54,Moderada,Nov,4,Primavera,False,40.077000000000005,13.8575,6.12,4.96,6.5,PM2.5,25-28 °C,até 55%
2023,11,2023-11-01,Norte,PA,Santarém,48.05,90.2,34.89,1.64,53.41,24.8,94.7,92.99,Ruim,Nov,4,Primavera,True,43.245,22.55,8.7225,13.12,5.341,PM2.5,22-25 °C,acima de 85%
2023,11,2023-11-01,Norte,RO,Porto Velho,37.26,70.04,27.23,1.62,44.22,25.7,48.3,75.19,Moderada,Nov,4,Primavera,False,33.534,17.51,6.8075,12.96,4.422,PM2.5,25-28 °C,até 55%
2023,11,2023-11-01,Norte,TO,Palmas,34.63,45.28,15.07,0.87,56.35,20.2,83.0,58.82,Moderada,Nov,4,Primavera,False,31.167,11.32,3.7675,6.96,5.635000000000001,PM2.5,até 22 °C,70-85%
2023,11,2023-11-01,Nordeste,BA,Salvador,30.06,74.56,7.14,0.41,54.59,29.5,59.2,56.24,Moderada,Nov,4,Primavera,False,27.054,18.64,1.785,3.28,5.4590000000000005,PM2.5,acima de 28 °C,55-70%
2023,11,2023-11-01,Nordeste,BA,Feira de Santana,24.14,59.01,8.84,1.77,50.22,28.5,42.3,57.84,Moderada,Nov,4,Primavera,False,21.726000000000003,14.7525,2.21,14.16,5.022,PM2.5,acima de 28 °C,até 55%
2023,11,2023-11-01,Nordeste,PE,Recife,38.29,59.55,35.13,1.25,32.37,28.4,88.9,71.38,Moderada,Nov,4,Primavera,False,34.461,14.8875,8.7825,10.0,3.237,PM2.5,acima de 28 °C,acima de 85%
2023,11,2023-11-01,Nordeste,PE,Jaboatão dos Guararapes,47.91,81.61,26.48,0.97,35.16,29.7,89.7,81.41,Ruim,Nov,4,Primavera,True,43.119,20.4025,6.62,7.76,3.516,PM2.5,acima de 28 °C,acima de 85%
2023,11,2023-11-01,Nordeste,CE,Fortaleza,31.87,81.72,25.67,0.46,55.97,25.8,54.4,64.83,Moderada,Nov,4,Primavera,False,28.683,20.43,6.4175,3.68,5.597,PM2.5,25-28 °C,até 55%
2023,11,2023-11-01,Nordeste,CE,Juazeiro do Norte,35.42,68.08,28.79,1.78,34.51,22.6,56.6,73.75,Moderada,Nov,4,Primavera,False,31.878000000000004,17.02,7.1975,14.24,3.451,PM2.5,22-25 °C,55-70%
2023,11,2023-11-01,Nordeste,MA,São Luís,22.04,35.09,26.99,1.77,44.81,26.7,81.7,54.02,Moderada,Nov,4,Primavera,False,19.836,8.7725,6.7475,14.16,4.481000000000001,PM2.5,25-28 °C,70-85%
2023,11,2023-11-01,Nordeste,PB,João Pessoa,38.88,60.87,19.33,0.89,36.04,24.9,88.5,65.78,Moderada,Nov,4,Primavera,False,34.992000000000004,15.2175,4.8325,7.12,3.604,PM2.5,22-25 °C,acima de 85%
2023,11,2023-11-01,Centro-Oeste,DF,Brasília,49.28,70.41,14.36,1.73,42.61,24.8,42.0,83.63,Ruim,Nov,4,Primavera,True,44.352000000000004,17.6025,3.59,13.84,4.261,PM2.5,22-25 °C,até 55%
2023,11,2023-11-01,Centro-Oeste,GO,Goiânia,11.73,83.4,24.92,0.34,49.89,25.2,91.1,45.35,Boa,Nov,4,Primavera,False,10.557,20.85,6.23,2.72,4.989000000000001,PM10,25-28 °C,acima de 85%
2023,11,2023-11-01,Centro-Oeste,GO,Aparecida de Goiânia,27.43,81.95,17.02,0.92,55.84,24.1,74.1,62.34,Moderada,Nov,4,Primavera,False,24.687,20.4875,4.255,7.36,5.5840000000000005,PM2.5,22-25 °C,70-85%
2023,11,2023-11-01,Centro-Oeste,MT,Cuiabá,12.69,69.43,20.73,1.35,55.85,23.4,43.7,50.35,Moderada,Nov,4,Primavera,False,11.421,17.3575,5.1825,10.8,5.585000000000001,PM10,22-25 °C,até 55%
2023,11,2023-11-01,Centro-Oeste,MS,Campo Grande,39.04,89.64,28.45,0.83,37.93,25.3,64.7,75.1,Moderada,Nov,4,Primavera,False,35.136,22.41,7.1125,6.64,3.793,PM2.5,25-28 °C,55-70%
2023,11,2023-11-01,Sudeste,SP,São Paulo,38.68,87.49,24.84,0.65,28.49,23.6,41.1,70.98,Moderada,Nov,4,Primavera,False,34.812,21.8725,6.21,5.2,2.849,PM2.5,22-25 °C,até 55%
2023,11,2023-11-01,Sudeste,SP,Campinas,33.91,59.61,28.95,1.72,31.29,22.7,55.5,69.57,Moderada,Nov,4,Primavera,False,30.519,14.9025,7.2375,13.76,3.129,PM2.5,22-25 °C,55-70%
2023,11,2023-11-01,Sudeste,SP,Ribeirão Preto,38.59,53.17,31.28,0.65,35.83,30.1,48.1,64.62,Moderada,Nov,4,Primavera,False,34.731,13.2925,7.82,5.2,3.583,PM2.5,acima de 28 °C,até 55%
2023,11,2023-11-01,Sudeste,RJ,Rio de Janeiro,38.05,80.54,24.96,1.57,44.31,23.6,89.8,77.6,Moderada,Nov,4,Primavera,False,34.245,20.135,6.24,12.56,4.431,PM2.5,22-25 °C,acima de 85%
2023,11,2023-11-01,Sudeste,RJ,Niterói,29.49,85.01,20.17,0.59,45.94,25.3,40.7,62.14,Moderada,Nov,4,Primavera,False,26.541,21.2525,5.0425,4.72,4.594,PM2.5,25-28 °C,até 55%
2023,11,2023-11-01,Sudeste,RJ,Nova Iguaçu,32.76,101.23,24.06,0.66,53.57,26.3,61.3,71.47,Moderada,Nov,4,Primavera,False,29.483999999999998,25.3075,6.015,5.28,5.357,PM2.5,25-28 °C,55-70%
2023,11,2023-11-01,Sudeste,RJ,Petrópolis,40.11,102.03,21.66,0.75,32.04,22.1,40.2,76.24,Moderada,Nov,4,Primavera,False,36.099000000000004,25.5075,5.415,6.0,3.204,PM2.5,22-25 °C,até 55%
2023,11,2023-11-01,Sudeste,MG,Belo Horizonte,45.31,74.68,22.56,1.05,35.11,31.9,94.5,77.02,Moderada,Nov,4,Primavera,False,40.779,18.67,5.64,8.4,3.511,PM2.5,acima de 28 °C,acima de 85%
2023,11,2023-11-01,Sudeste,MG,Uberlândia,40.35,63.1,13.31,0.75,45.89,27.1,56.1,65.98,Moderada,Nov,4,Primavera,False,36.315000000000005,15.775,3.3275,6.0,4.589,PM2.5,25-28 °C,55-70%
2023,11,2023-11-01,Sudeste,MG,Juiz de Fora,27.07,65.96,44.87,1.02,46.1,26.8,92.4,64.84,Moderada,Nov,4,Primavera,False,24.363,16.49,11.2175,8.16,4.61,PM2.5,25-28 °C,acima de 85%
2023,11,2023-11-01,Sudeste,ES,Vitória,29.18,75.49,24.47,0.69,39.59,33.3,55.2,60.74,Moderada,Nov,4,Primavera,False,26.262,18.8725,6.1175,5.52,3.9590000000000005,PM2.5,acima de 28 °C,55-70%
2023,11,2023-11-01,Sudeste,ES,Vila Velha,32.57,88.63,9.08,0.36,42.77,23.8,79.6,60.9,Moderada,Nov,4,Primavera,False,29.313000000000002,22.1575,2.27,2.88,4.277,PM2.5,22-25 °C,70-85%
2023,11,2023-11-01,Sudeste,ES,Serra,30.46,39.05,17.31,1.06,40.32,24.5,85.2,53.99,Moderada,Nov,4,Primavera,False,27.414,9.7625,4.3275,8.48,4.032,PM2.5,22-25 °C,acima de 85%
2023,11,2023-11-01,Sul,PR,Curitiba,38.82,83.69,25.96,1.29,49.4,27.0,51.7,77.64,Moderada,Nov,4,Primavera,False,34.938,20.9225,6.49,10.32,4.94,PM2.5,25-28 °C,até 55%
2023,11,2023-11-01,Sul,PR,Londrina,38.7,27.76,30.2,1.23,34.42,25.1,94.5,62.62,Moderada,Nov,4,Primavera,False,34.830000000000005,6.94,7.55,9.84,3.442,PM2.5,25-28 °C,acima de 85%
2023,11,2023-11-01,Sul,SC,Florianópolis,41.96,92.85,18.41,1.17,49.98,25.8,55.8,79.93,Moderada,Nov,4,Primavera,False,37.764,23.2125,4.6025,9.36,4.998,PM2.5,25-28 °C,55-70%
2023,11,2023-11-01,Sul,SC,Joinville,53.64,41.06,20.98,1.32,37.03,23.5,74.1,78.08,Moderada,Nov,4,Primavera,False,48.276,10.265,5.245,10.56,3.7030000000000003,PM2.5,22-25 °C,70-85%
2023,11,2023-11-01,Sul,RS,Porto Alegre,28.17,60.33,12.43,0.98,32.93,22.2,43.0,54.68,Moderada,Nov,4,Primavera,False,25.353,15.0825,3.1075,7.84,3.293,PM2.5,22-25 °C,até 55%
2023,11,2023-11-01,Sul,RS,Caxias do Sul,58.36,29.61,26.4,1.77,52.5,23.3,42.5,85.95,Ruim,Nov,4,Primavera,True,52.524,7.4025,6.6,14.16,5.25,PM2.5,22-25 °C,até 55%
2023,12,2023-12-01,Norte,AM,Manaus,36.21,76.81,38.75,1.75,44.6,26.7,83.1,79.92,Moderada,Dez,4,Verão,False,32.589,19.2025,9.6875,14.0,4.46,PM2.5,25-28 °C,70-85%
2023,12,2023-12-01,Norte,PA,Belém,33.08,111.68,24.74,0.9,52.47,26.3,85.3,76.29,Moderada,Dez,4,Verão,False,29.772,27.92,6.185,7.2,5.247,PM2.5,25-28 °C,acima de 85%
2023,12,2023-12-01,Norte,PA,Santarém,36.2,67.45,24.85,0.66,47.05,20.4,91.0,65.61,Moderada,Dez,4,Verão,False,32.580000000000005,16.8625,6.2125,5.28,4.705,PM2.5,até 22 °C,acima de 85%
2023,12,2023-12-01,Norte,RO,Porto Velho,35.54,82.41,23.97,1.66,17.42,26.9,74.1,73.58,Moderada,Dez,4,Verão,False,31.986,20.6025,5.9925,13.28,1.7420000000000002,PM2.5,25-28 °C,70-85%
2023,12,2023-12-01,Norte,TO,Palmas,38.54,56.84,24.02,0.44,23.36,27.6,77.9,60.76,Moderada,Dez,4,Verão,False,34.686,14.21,6.005,3.52,2.336,PM2.5,25-28 °C,70-85%
2023,12,2023-12-01,Nordeste,BA,Salvador,43.51,74.44,20.74,1.5,52.64,22.8,43.7,80.22,Ruim,Dez,4,Verão,True,39.159,18.61,5.185,12.0,5.264,PM2.5,22-25 °C,até 55%
2023,12,2023-12-01,Nordeste,BA,Feira de Santana,18.59,50.11,13.61,1.51,33.2,32.1,84.7,48.1,Boa,Dez,4,Verão,False,16.731,12.5275,3.4025,12.08,3.3200000000000003,PM2.5,acima de 28 °C,70-85%
2023,12,2023-12-01,Nordeste,PE,Recife,49.1,62.08,17.5,0.51,46.33,26.0,81.9,72.82,Moderada,Dez,4,Verão,False,44.190000000000005,15.52,4.375,4.08,4.633,PM2.5,25-28 °C,70-85%
2023,12,2023-12-01,Nordeste,PE,Jaboatão dos Guararapes,43.38,86.2,21.21,1.25,51.79,20.7,68.7,81.04,Ruim,Dez,4,Verão,True,39.042,21.55,5.3025,10.0,5.179,PM2.5,até 22 °C,55-70%
2023,12,2023-12-01,Nordeste,CE,Fortaleza,41.13,101.99,28.85,1.22,42.7,28.0,43.5,83.78,Ruim,Dez,4,Verão,True,37.017,25.4975,7.2125,9.76,4.2700000000000005,PM2.5,25-28 °C,até 55%
2023,12,2023-12-01,Nordeste,CE,Juazeiro do Norte,29.47,50.75,23.17,1.09,38.7,27.7,73.4,57.6,Moderada,Dez,4,Verão,False,26.523,12.6875,5.7925,8.72,3.8700000000000006,PM2.5,25-28 °C,70-85%
2023,12,2023-12-01,Nordeste,MA,São Luís,50.39,76.62,35.06,0.4,42.05,20.7,51.4,80.67,Ruim,Dez,4,Verão,True,45.351,19.155,8.765,3.2,4.205,PM2.5,até 22 °C,até 55%
2023,12,2023-12-01,Nordeste,PB,João Pessoa,21.72,68.83,28.54,1.58,47.82,27.5,85.1,61.32,Moderada,Dez,4,Verão,False,19.548,17.2075,7.135,12.64,4.782,PM2.5,25-28 °C,acima de 85%
2023,12,2023-12-01,Centro-Oeste,DF,Brasília,29.52,67.93,26.75,1.72,39.76,25.2,66.1,68.01,Moderada,Dez,4,Verão,False,26.568,16.9825,6.6875,13.76,3.976,PM2.5,25-28 °C,55-70%
2023,12,2023-12-01,Centro-Oeste,GO,Goiânia,45.45,70.74,30.25,1.01,37.49,22.7,42.4,77.99,Moderada,Dez,4,Verão,False,40.905,17.685,7.5625,8.08,3.7490000000000006,PM2.5,22-25 °C,até 55%
2023,12,2023-12-01,Centro-Oeste,GO,Aparecida de Goiânia,27.24,62.35,27.57,0.67,32.09,22.9,79.8,55.53,Moderada,Dez,4,Verão,False,24.516,15.5875,6.8925,5.36,3.2090000000000005,PM2.5,22-25 °C,70-85%
2023,12,2023-12-01,Centro-Oeste,MT,Cuiabá,38.69,68.41,20.1,0.63,31.81,23.0,77.9,65.14,Moderada,Dez,4,Verão,False,34.821,17.1025,5.025,5.04,3.181,PM2.5,22-25 °C,70-85%
2023,12,2023-12-01,Centro-Oeste,MS,Campo Grande,48.84,52.48,11.14,0.86,49.64,23.7,81.4,71.74,Moderada,Dez,4,Verão,False,43.956,13.12,2.785,6.88,4.964,PM2.5,22-25 °C,70-85%
2023,12,2023-12-01,Sudeste,SP,São Paulo,54.83,84.22,28.82,0.85,51.46,24.5,42.3,89.56,Ruim,Dez,4,Verão,True,49.347,21.055,7.205,6.8,5.146000000000001,PM2.5,22-25 °C,até 55%
2023,12,2023-12-01,Sudeste,SP,Campinas,37.05,57.6,26.91,0.52,36.04,29.3,56.7,62.26,Moderada,Dez,4,Verão,False,33.345,14.4,6.7275,4.16,3.604,PM2.5,acima de 28 °C,55-70%
2023,12,2023-12-01,Sudeste,SP,Ribeirão Preto,23.62,77.29,26.53,0.66,31.77,23.2,42.4,55.69,Moderada,Dez,4,Verão,False,21.258000000000003,19.3225,6.6325,5.28,3.177,PM2.5,22-25 °C,até 55%
2023,12,2023-12-01,Sudeste,RJ,Rio de Janeiro,35.25,64.65,21.52,0.99,28.35,22.7,84.7,64.01,Moderada,Dez,4,Verão,False,31.725,16.1625,5.38,7.92,2.8350000000000004,PM2.5,22-25 °C,70-85%
2023,12,2023-12-01,Sudeste,RJ,Niterói,57.39,89.6,24.12,0.88,47.71,25.4,79.1,91.87,Ruim,Dez,4,Verão,True,51.651,22.4,6.03,7.04,4.771,PM2.5,25-28 °C,70-85%
2023,12,2023-12-01,Sudeste,RJ,Nova Iguaçu,26.42,74.99,42.98,0.74,38.54,23.3,53.1,63.08,Moderada,Dez,4,Verão,False,23.778000000000002,18.7475,10.745,5.92,3.854,PM2.5,22-25 °C,até 55%
2023,12,2023-12-01,Sudeste,RJ,Petrópolis,35.07,81.65,19.93,0.38,33.08,25.4,61.2,63.33,Moderada,Dez,4,Verão,False,31.563000000000002,20.4125,4.9825,3.04,3.308,PM2.5,25-28 °C,55-70%
2023,12,2023-12-01,Sudeste,MG,Belo Horizonte,45.24,90.29,19.19,1.75,29.15,28.0,86.9,85.04,Ruim,Dez,4,Verão,True,40.716,22.5725,4.7975,14.0,2.915,PM2.5,25-28 °C,acima de 85%
2023,12,2023-12-01,Sudeste,MG,Uberlândia,51.11,77.65,21.64,1.06,44.21,25.5,50.4,83.7,Ruim,Dez,4,Verão,True,45.999,19.4125,5.41,8.48,4.421,PM2.5,25-28 °C,até 55%
2023,12,2023-12-01,Sudeste,MG,Juiz de Fora,41.72,59.25,33.5,0.99,43.04,25.1,62.5,72.93,Moderada,Dez,4,Verão,False,37.548,14.8125,8.375,7.92,4.304,PM2.5,25-28 °C,55-70%
2023,12,2023-12-01,Sudeste,ES,Vitória,34.15,67.79,32.28,0.47,41.48,24.4,69.1,63.63,Moderada,Dez,4,Verão,False,30.735,16.9475,8.07,3.76,4.148,PM2.5,22-25 °C,55-70%
2023,12,2023-12-01,Sudeste,ES,Vila Velha,49.03,69.35,24.46,0.85,41.32,29.4,88.6,78.51,Moderada,Dez,4,Verão,False,44.127,17.3375,6.115,6.8,4.132000000000001,PM2.5,acima de 28 °C,acima de 85%
2023,12,2023-12-01,Sudeste,ES,Serra,28.95,50.18,23.99,1.48,32.57,27.3,51.7,59.68,Moderada,Dez,4,Verão,False,26.055,12.545,5.9975,11.84,3.257,PM2.5,25-28 °C,até 55%
2023,12,2023-12-01,Sul,PR,Curitiba,44.2,58.51,37.95,0.79,27.14,23.5,82.2,72.92,Moderada,Dez,4,Verão,False,39.78,14.6275,9.4875,6.32,2.7140000000000004,PM2.5,22-25 °C,70-85%
2023,12,2023-12-01,Sul,PR,Londrina,23.1,73.68,30.57,1.11,30.28,27.8,79.8,58.75,Moderada,Dez,4,Verão,False,20.790000000000003,18.42,7.6425,8.88,3.0280000000000005,PM2.5,25-28 °C,70-85%
2023,12,2023-12-01,Sul,SC,Florianópolis,32.92,86.69,23.61,0.44,44.43,24.4,74.2,65.17,Moderada,Dez,4,Verão,False,29.628000000000004,21.6725,5.9025,3.52,4.4430000000000005,PM2.5,22-25 °C,70-85%
2023,12,2023-12-01,Sul,SC,Joinville,33.13,84.35,22.77,1.67,33.91,27.7,90.8,73.32,Moderada,Dez,4,Verão,False,29.817000000000004,21.0875,5.6925,13.36,3.391,PM2.5,25-28 °C,acima de 85%
2023,12,2023-12-01,Sul,RS,Porto Alegre,33.22,71.62,18.37,1.22,40.07,27.7,57.3,66.13,Moderada,Dez,4,Verão,False,29.898,17.905,4.5925,9.76,4.007000000000001,PM2.5,25-28 °C,55-70%
2023,12,2023-12-01,Sul,RS,Caxias do Sul,30.47,95.95,15.21,0.78,49.04,27.8,77.3,66.34,Moderada,Dez,4,Verão,False,27.423,23.9875,3.8025,6.24,4.904,PM2.5,25-28 °C,70-85%
2024,1,2024-01-01,Norte,AM,Manaus,42.12,68.95,32.88,0.62,11.58,25.8,90.1,69.51,Moderada,Jan,1,Verão,False,37.908,17.2375,8.22,4.96,1.1580000000000001,PM2.5,25-28 °C,acima de 85%
2024,1,2024-01-01,Norte,PA,Belém,46.43,60.66,11.53,1.63,46.95,24.2,88.5,77.58,Moderada,Jan,1,Verão,False,41.787,15.165,2.8825,13.04,4.695,PM2.5,22-25 °C,acima de 85%
2024,1,2024-01-01,Norte,PA,Santarém,44.95,94.48,33.27,0.58,22.59,23.4,40.2,79.3,Moderada,Jan,1,Verão,False,40.455000000000005,23.62,8.3175,4.64,2.259,PM2.5,22-25 °C,até 55%
2024,1,2024-01-01,Norte,RO,Porto Velho,58.52,117.05,24.2,0.71,40.47,26.5,64.9,97.67,Ruim,Jan,1,Verão,True,52.668000000000006,29.2625,6.05,5.68,4.047,PM2.5,25-28 °C,55-70%
2024,1,2024-01-01,Norte,TO,Palmas,50.96,74.67,30.5,1.44,34.29,25.3,41.2,87.07,Ruim,Jan,1,Verão,True,45.864000000000004,18.6675,7.625,11.52,3.4290000000000003,PM2.5,25-28 °C,até 55%
2024,1,2024-01-01,Nordeste,BA,Salvador,31.17,83.44,42.23,0.64,57.44,22.9,65.0,70.31,Moderada,Jan,1,Verão,False,28.053,20.86,10.5575,5.12,5.744,PM2.5,22-25 °C,55-70%
2024,1,2024-01-01,Nordeste,BA,Feira de Santana,32.91,67.52,32.06,0.88,32.5,24.0,59.6,64.77,Moderada,Jan,1,Verão,False,29.618999999999996,16.88,8.015,7.04,3.25,PM2.5,22-25 °C,55-70%
2024,1,2024-01-01,Nordeste,PE,Recife,36.42,90.65,30.25,1.24,29.86,26.8,57.0,75.91,Moderada,Jan,1,Verão,False,32.778000000000006,22.6625,7.5625,9.92,2.986,PM2.5,25-28 °C,55-70%
2024,1,2024-01-01,Nordeste,PE,Jaboatão dos Guararapes,41.01,71.92,23.29,1.32,23.77,24.1,71.8,73.63,Moderada,Jan,1,Verão,False,36.909,17.98,5.8225,10.56,2.3770000000000002,PM2.5,22-25 °C,70-85%
2024,1,2024-01-01,Nordeste,CE,Fortaleza,31.36,46.89,32.47,1.38,60.35,26.3,40.6,65.16,Moderada,Jan,1,Verão,False,28.224,11.7225,8.1175,11.04,6.035,PM2.5,25-28 °C,até 55%
2024,1,2024-01-01,Nordeste,CE,Juazeiro do Norte,30.84,26.5,29.84,1.18,23.17,23.6,56.5,53.56,Moderada,Jan,1,Verão,False,27.756,6.625,7.46,9.44,2.317,PM2.5,22-25 °C,55-70%
2024,1,2024-01-01,Nordeste,MA,São Luís,41.55,64.38,36.39,1.07,43.4,29.5,71.9,75.51,Moderada,Jan,1,Verão,False,37.394999999999996,16.095,9.0975,8.56,4.34,PM2.5,acima de 28 °C,70-85%
2024,1,2024-01-01,Nordeste,PB,João Pessoa,34.56,75.0,33.78,0.48,36.04,31.3,58.4,65.77,Moderada,Jan,1,Verão,False,31.104000000000003,18.75,8.445,3.84,3.604,PM2.5,acima de 28 °C,55-70%
2024,1,2024-01-01,Centro-Oeste,DF,Brasília,38.57,61.52,16.83,0.94,38.21,23.1,72.2,65.67,Moderada,Jan,1,Verão,False,34.713,15.38,4.2075,7.52,3.821,PM2.5,22-25 °C,70-85%
2024,1,2024-01-01,Centro-Oeste,GO,Goiânia,47.05,67.09,14.21,1.71,44.26,23.8,52.6,80.8,Ruim,Jan,1,Verão,True,42.345,16.7725,3.5525,13.68,4.426,PM2.5,22-25 °C,até 55%
2024,1,2024-01-01,Centro-Oeste,GO,Aparecida de Goiânia,46.83,91.15,26.5,0.92,41.73,24.6,41.6,83.11,Ruim,Jan,1,Verão,True,42.147,22.7875,6.625,7.36,4.173,PM2.5,22-25 °C,até 55%
2024,1,2024-01-01,Centro-Oeste,MT,Cuiabá,33.67,55.8,27.7,1.24,38.03,24.7,89.9,64.93,Moderada,Jan,1,Verão,False,30.303,13.95,6.925,9.92,3.8030000000000004,PM2.5,22-25 °C,acima de 85%
2024,1,2024-01-01,Centro-Oeste,MS,Campo Grande,29.78,91.31,22.19,0.61,63.2,24.9,49.5,66.35,Moderada,Jan,1,Verão,False,26.802000000000003,22.8275,5.5475,4.88,6.32,PM2.5,22-25 °C,até 55%
2024,1,2024-01-01,Sudeste,SP,São Paulo,21.52,64.49,29.65,1.02,34.23,27.5,50.4,54.48,Moderada,Jan,1,Verão,False,19.368,16.1225,7.4125,8.16,3.423,PM2.5,25-28 °C,até 55%
2024,1,2024-01-01,Sudeste,SP,Campinas,45.47,92.94,30.07,0.56,46.81,22.0,56.4,80.84,Ruim,Jan,1,Verão,True,40.923,23.235,7.5175,4.48,4.681,PM2.5,até 22 °C,55-70%
2024,1,2024-01-01,Sudeste,SP,Ribeirão Preto,38.74,79.07,26.22,1.6,55.84,22.5,70.2,79.57,Moderada,Jan,1,Verão,False,34.866,19.7675,6.555,12.8,5.5840000000000005,PM2.5,22-25 °C,70-85%
2024,1,2024-01-01,Sudeste,RJ,Rio de Janeiro,26.65,77.72,28.75,0.7,47.91,23.7,69.7,60.96,Moderada,Jan,1,Verão,False,23.985,19.43,7.1875,5.6,4.7909999999999995,PM2.5,22-25 °C,55-70%
2024,1,2024-01-01,Sudeste,RJ,Niterói,18.25,78.42,29.34,1.55,37.22,21.3,55.1,59.49,Moderada,Jan,1,Verão,False,16.425,19.605,7.335,12.4,3.722,PM10,até 22 °C,55-70%
2024,1,2024-01-01,Sudeste,RJ,Nova Iguaçu,35.24,66.21,19.46,1.59,32.67,22.9,56.3,69.15,Moderada,Jan,1,Verão,False,31.716,16.5525,4.865,12.72,3.2670000000000003,PM2.5,22-25 °C,55-70%
2024,1,2024-01-01,Sudeste,RJ,Petrópolis,40.97,86.23,17.13,0.36,29.67,25.0,55.0,68.53,Moderada,Jan,1,Verão,False,36.873,21.5575,4.2825,2.88,2.9670000000000005,PM2.5,22-25 °C,até 55%
2024,1,2024-01-01,Sudeste,MG,Belo Horizonte,43.86,60.42,26.25,1.51,46.18,29.1,77.5,77.87,Moderada,Jan,1,Verão,False,39.474000000000004,15.105,6.5625,12.08,4.618,PM2.5,acima de 28 °C,70-85%
2024,1,2024-01-01,Sudeste,MG,Uberlândia,33.88,69.01,19.12,0.75,36.59,19.5,52.8,62.22,Moderada,Jan,1,Verão,False,30.492000000000004,17.2525,4.78,6.0,3.6590000000000007,PM2.5,até 22 °C,até 55%
2024,1,2024-01-01,Sudeste,MG,Juiz de Fora,31.88,65.44,22.62,1.65,37.42,25.8,68.8,67.67,Moderada,Jan,1,Verão,False,28.692,16.36,5.655,13.2,3.7420000000000004,PM2.5,25-28 °C,55-70%
2024,1,2024-01-01,Sudeste,ES,Vitória,27.18,102.63,38.84,1.64,27.5,25.2,76.0,75.74,Moderada,Jan,1,Verão,False,24.462,25.6575,9.71,13.12,2.75,PM10,25-28 °C,70-85%
2024,1,2024-01-01,Sudeste,ES,Vila Velha,44.49,47.49,22.73,1.18,49.14,23.3,78.0,71.97,Moderada,Jan,1,Verão,False,40.041000000000004,11.8725,5.6825,9.44,4.914000000000001,PM2.5,22-25 °C,70-85%
2024,1,2024-01-01,Sudeste,ES,Serra,38.06,64.14,13.92,0.81,29.83,27.3,62.9,63.2,Moderada,Jan,1,Verão,False,34.254000000000005,16.035,3.48,6.48,2.983,PM2.5,25-28 °C,55-70%
2024,1,2024-01-01,Sul,PR,Curitiba,40.7,70.76,20.23,0.76,43.97,24.7,87.1,69.83,Moderada,Jan,1,Verão,False,36.63,17.69,5.0575,6.08,4.397,PM2.5,22-25 °C,acima de 85%
2024,1,2024-01-01,Sul,PR,Londrina,15.31,87.54,35.41,1.0,80.9,26.1,49.9,60.6,Moderada,Jan,1,Verão,False,13.779,21.885,8.8525,8.0,8.090000000000002,PM10,25-28 °C,até 55%
2024,1,2024-01-01,Sul,SC,Florianópolis,43.42,108.1,28.45,1.08,37.05,23.5,89.7,85.58,Ruim,Jan,1,Verão,True,39.078,27.025,7.1125,8.64,3.705,PM2.5,22-25 °C,acima de 85%
2024,1,2024-01-01,Sul,SC,Joinville,53.8,69.18,34.18,1.68,56.35,23.2,65.6,93.36,Ruim,Jan,1,Verão,True,48.42,17.295,8.545,13.44,5.635000000000001,PM2.5,22-25 °C,55-70%
2024,1,2024-01-01,Sul,RS,Porto Alegre,41.23,63.32,30.48,1.24,48.18,26.0,88.6,75.32,Moderada,Jan,1,Verão,False,37.107,15.83,7.62,9.92,4.8180000000000005,PM2.5,25-28 °C,acima de 85%
2024,1,2024-01-01,Sul,RS,Caxias do Sul,48.81,102.23,18.56,0.73,42.91,26.3,67.0,84.25,Ruim,Jan,1,Verão,True,43.929,25.5575,4.64,5.84,4.2909999999999995,PM2.5,25-28 °C,55-70%
2024,2,2024-02-01,Norte,AM,Manaus,20.58,53.54,6.74,0.37,35.01,22.0,68.0,40.05,Boa,Fev,1,Verão,False,18.522,13.385,1.685,2.96,3.501,PM2.5,até 22 °C,55-70%
2024,2,2024-02-01,Norte,PA,Belém,27.19,38.33,26.31,1.38,43.43,23.5,94.2,56.0,Moderada,Fev,1,Verão,False,24.471,9.5825,6.5775,11.04,4.343,PM2.5,22-25 °C,acima de 85%
2024,2,2024-02-01,Norte,PA,Santarém,33.66,49.73,18.62,1.35,61.81,22.4,76.1,64.38,Moderada,Fev,1,Verão,False,30.293999999999997,12.4325,4.655,10.8,6.181000000000001,PM2.5,22-25 °C,70-85%
2024,2,2024-02-01,Norte,RO,Porto Velho,32.37,25.9,19.44,1.11,40.09,31.7,70.0,53.39,Moderada,Fev,1,Verão,False,29.133,6.475,4.86,8.88,4.009,PM2.5,acima de 28 °C,55-70%
2024,2,2024-02-01,Norte,TO,Palmas,53.83,51.93,17.86,1.29,34.92,26.7,48.5,79.74,Moderada,Fev,1,Verão,False,48.447,12.9825,4.465,10.32,3.4920000000000004,PM2.5,25-28 °C,até 55%
2024,2,2024-02-01,Nordeste,BA,Salvador,38.53,85.89,34.99,1.1,19.35,28.5,42.1,75.61,Moderada,Fev,1,Verão,False,34.677,21.4725,8.7475,8.8,1.9350000000000003,PM2.5,acima de 28 °C,até 55%
2024,2,2024-02-01,Nordeste,BA,Feira de Santana,29.13,89.06,35.73,0.88,30.96,29.2,59.4,67.52,Moderada,Fev,1,Verão,False,26.217,22.265,8.9325,7.04,3.096,PM2.5,acima de 28 °C,55-70%
2024,2,2024-02-01,Nordeste,PE,Recife,31.36,75.73,26.25,0.73,28.83,26.7,74.2,62.47,Moderada,Fev,1,Verão,False,28.224,18.9325,6.5625,5.84,2.883,PM2.5,25-28 °C,70-85%
2024,2,2024-02-01,Nordeste,PE,Jaboatão dos Guararapes,42.65,100.15,29.3,1.6,41.25,20.7,53.6,87.66,Ruim,Fev,1,Verão,True,38.385,25.0375,7.325,12.8,4.125,PM2.5,até 22 °C,até 55%
2024,2,2024-02-01,Nordeste,CE,Fortaleza,38.52,73.8,20.0,0.79,38.18,25.5,40.4,68.28,Moderada,Fev,1,Verão,False,34.668000000000006,18.45,5.0,6.32,3.818,PM2.5,25-28 °C,até 55%
2024,2,2024-02-01,Nordeste,CE,Juazeiro do Norte,37.37,38.26,16.15,1.2,49.67,30.0,60.9,61.8,Moderada,Fev,1,Verão,False,33.632999999999996,9.565,4.0375,9.6,4.9670000000000005,PM2.5,acima de 28 °C,55-70%
2024,2,2024-02-01,Nordeste,MA,São Luís,42.43,56.83,24.42,1.8,53.65,23.8,60.1,78.23,Moderada,Fev,1,Verão,False,38.187,14.2075,6.105,14.4,5.365,PM2.5,22-25 °C,55-70%
2024,2,2024-02-01,Nordeste,PB,João Pessoa,31.39,72.6,40.49,0.78,37.55,24.5,93.4,66.54,Moderada,Fev,1,Verão,False,28.251,18.15,10.1225,6.24,3.755,PM2.5,22-25 °C,acima de 85%
2024,2,2024-02-01,Centro-Oeste,DF,Brasília,19.4,64.45,20.61,1.73,52.54,25.4,75.9,57.81,Moderada,Fev,1,Verão,False,17.46,16.1125,5.1525,13.84,5.2540000000000004,PM2.5,25-28 °C,70-85%
2024,2,2024-02-01,Centro-Oeste,GO,Goiânia,41.39,64.21,27.79,1.5,29.77,22.0,49.5,75.24,Moderada,Fev,1,Verão,False,37.251000000000005,16.0525,6.9475,12.0,2.9770000000000003,PM2.5,até 22 °C,até 55%
2024,2,2024-02-01,Centro-Oeste,GO,Aparecida de Goiânia,38.68,26.22,30.24,0.78,46.95,28.2,49.5,59.84,Moderada,Fev,1,Verão,False,34.812,6.555,7.56,6.24,4.695,PM2.5,acima de 28 °C,até 55%
2024,2,2024-02-01,Centro-Oeste,MT,Cuiabá,46.52,77.5,20.14,1.62,51.02,24.6,87.6,84.33,Ruim,Fev,1,Verão,True,41.868,19.375,5.035,12.96,5.102,PM2.5,22-25 °C,acima de 85%
2024,2,2024-02-01,Centro-Oeste,MS,Campo Grande,37.83,57.16,37.97,1.66,43.4,21.8,46.6,75.41,Moderada,Fev,1,Verão,False,34.047,14.29,9.4925,13.28,4.34,PM2.5,até 22 °C,até 55%
2024,2,2024-02-01,Sudeste,SP,São Paulo,29.99,99.18,10.76,1.25,41.56,25.4,74.4,68.63,Moderada,Fev,1,Verão,False,26.991,24.795,2.69,10.0,4.156000000000001,PM2.5,25-28 °C,70-85%
2024,2,2024-02-01,Sudeste,SP,Campinas,21.21,52.62,23.5,0.52,46.44,26.2,82.3,46.94,Boa,Fev,1,Verão,False,19.089000000000002,13.155,5.875,4.16,4.644,PM2.5,25-28 °C,70-85%
2024,2,2024-02-01,Sudeste,SP,Ribeirão Preto,34.43,41.25,25.46,0.37,45.12,26.9,86.6,55.14,Moderada,Fev,1,Verão,False,30.987000000000002,10.3125,6.365,2.96,4.512,PM2.5,25-28 °C,acima de 85%
2024,2,2024-02-01,Sudeste,RJ,Rio de Janeiro,35.08,40.7,22.58,1.07,50.11,22.5,48.5,60.99,Moderada,Fev,1,Verão,False,31.572,10.175,5.645,8.56,5.011,PM2.5,22-25 °C,até 55%
2024,2,2024-02-01,Sudeste,RJ,Niterói,28.13,59.5,31.15,1.21,44.75,23.6,93.0,62.13,Moderada,Fev,1,Verão,False,25.317,14.875,7.7875,9.68,4.4750000000000005,PM2.5,22-25 °C,acima de 85%
2024,2,2024-02-01,Sudeste,RJ,Nova Iguaçu,35.37,96.39,24.08,1.07,32.98,24.9,92.4,73.79,Moderada,Fev,1,Verão,False,31.833,24.0975,6.02,8.56,3.298,PM2.5,22-25 °C,acima de 85%
2024,2,2024-02-01,Sudeste,RJ,Petrópolis,32.37,62.5,21.63,1.31,37.95,22.8,78.8,64.48,Moderada,Fev,1,Verão,False,29.133,15.625,5.4075,10.48,3.7950000000000004,PM2.5,22-25 °C,70-85%
2024,2,2024-02-01,Sudeste,MG,Belo Horizonte,31.62,83.26,25.76,1.09,34.9,24.8,78.3,67.89,Moderada,Fev,1,Verão,False,28.458000000000002,20.815,6.44,8.72,3.49,PM2.5,22-25 °C,70-85%
2024,2,2024-02-01,Sudeste,MG,Uberlândia,36.48,50.67,26.09,1.76,30.45,19.7,74.4,69.17,Moderada,Fev,1,Verão,False,32.832,12.6675,6.5225,14.08,3.045,PM2.5,até 22 °C,70-85%
2024,2,2024-02-01,Sudeste,MG,Juiz de Fora,43.6,96.73,27.11,1.06,53.14,21.2,91.7,84.01,Ruim,Fev,1,Verão,True,39.24,24.1825,6.7775,8.48,5.314,PM2.5,até 22 °C,acima de 85%
2024,2,2024-02-01,Sudeste,ES,Vitória,37.06,50.36,26.8,0.58,53.5,23.1,71.5,62.6,Moderada,Fev,1,Verão,False,33.354000000000006,12.59,6.7,4.64,5.3500000000000005,PM2.5,22-25 °C,70-85%
2024,2,2024-02-01,Sudeste,ES,Vila Velha,24.56,67.82,27.5,1.7,21.21,28.2,86.3,61.69,Moderada,Fev,1,Verão,False,22.104,16.955,6.875,13.6,2.121,PM2.5,acima de 28 °C,acima de 85%
2024,2,2024-02-01,Sudeste,ES,Serra,23.18,57.4,35.97,1.51,35.97,20.7,53.3,59.89,Moderada,Fev,1,Verão,False,20.862000000000002,14.35,8.9925,12.08,3.597,PM2.5,até 22 °C,até 55%
2024,2,2024-02-01,Sul,PR,Curitiba,42.19,70.98,26.78,1.37,41.04,20.6,89.5,77.47,Moderada,Fev,1,Verão,False,37.971,17.745,6.695,10.96,4.104,PM2.5,até 22 °C,acima de 85%
2024,2,2024-02-01,Sul,PR,Londrina,29.68,48.76,18.55,0.48,31.05,25.4,56.3,50.5,Moderada,Fev,1,Verão,False,26.712,12.19,4.6375,3.84,3.1050000000000004,PM2.5,25-28 °C,55-70%
2024,2,2024-02-01,Sul,SC,Florianópolis,29.82,80.06,27.4,1.78,29.92,28.3,69.5,70.93,Moderada,Fev,1,Verão,False,26.838,20.015,6.85,14.24,2.9920000000000004,PM2.5,acima de 28 °C,55-70%
2024,2,2024-02-01,Sul,SC,Joinville,40.05,69.99,21.68,1.08,35.51,28.7,62.7,71.13,Moderada,Fev,1,Verão,False,36.045,17.4975,5.42,8.64,3.551,PM2.5,acima de 28 °C,55-70%
2024,2,2024-02-01,Sul,RS,Porto Alegre,25.23,30.8,21.62,1.71,32.9,25.5,88.8,52.79,Moderada,Fev,1,Verão,False,22.707,7.7,5.405,13.68,3.29,PM2.5,25-28 °C,acima de 85%
2024,2,2024-02-01,Sul,RS,Caxias do Sul,12.61,96.83,23.13,1.48,45.15,25.1,42.4,57.65,Moderada,Fev,1,Verão,False,11.349,24.2075,5.7825,11.84,4.515,PM10,25-28 °C,até 55%
2024,3,2024-03-01,Norte,AM,Manaus,35.83,76.54,16.49,1.04,32.41,25.1,88.7,67.05,Moderada,Mar,1,Outono,False,32.247,19.135,4.1225,8.32,3.2409999999999997,PM2.5,25-28 °C,acima de 85%
2024,3,2024-03-01,Norte,PA,Belém,20.28,49.99,10.56,1.6,36.89,26.3,65.5,49.87,Boa,Mar,1,Outono,False,18.252000000000002,12.4975,2.64,12.8,3.689,PM2.5,25-28 °C,55-70%
2024,3,2024-03-01,Norte,PA,Santarém,41.45,58.47,24.75,0.63,47.95,20.0,66.1,67.98,Moderada,Mar,1,Outono,False,37.30500000000001,14.6175,6.1875,5.04,4.795000000000001,PM2.5,até 22 °C,55-70%
2024,3,2024-03-01,Norte,RO,Porto Velho,34.84,61.07,23.42,1.53,54.34,23.7,76.1,70.13,Moderada,Mar,1,Outono,False,31.356000000000005,15.2675,5.855,12.24,5.434000000000001,PM2.5,22-25 °C,70-85%
2024,3,2024-03-01,Norte,TO,Palmas,24.87,91.47,33.67,1.47,44.71,23.7,62.9,69.87,Moderada,Mar,1,Outono,False,22.383000000000003,22.8675,8.4175,11.76,4.471,PM10,22-25 °C,55-70%
2024,3,2024-03-01,Nordeste,BA,Salvador,30.97,77.71,30.0,0.54,57.27,26.1,94.5,64.82,Moderada,Mar,1,Outono,False,27.873,19.4275,7.5,4.32,5.727,PM2.5,25-28 °C,acima de 85%
2024,3,2024-03-01,Nordeste,BA,Feira de Santana,42.84,38.31,35.19,1.52,32.41,24.3,51.8,72.36,Moderada,Mar,1,Outono,False,38.556000000000004,9.5775,8.7975,12.16,3.2409999999999997,PM2.5,22-25 °C,até 55%
2024,3,2024-03-01,Nordeste,PE,Recife,42.81,75.73,18.96,0.47,26.96,28.1,80.8,68.68,Moderada,Mar,1,Outono,False,38.529,18.9325,4.74,3.76,2.696,PM2.5,acima de 28 °C,70-85%
2024,3,2024-03-01,Nordeste,PE,Jaboatão dos Guararapes,24.68,61.88,32.52,0.57,53.12,27.4,74.1,55.67,Moderada,Mar,1,Outono,False,22.212,15.47,8.13,4.56,5.312,PM2.5,25-28 °C,70-85%
2024,3,2024-03-01,Nordeste,CE,Fortaleza,47.1,104.18,31.45,1.08,33.95,21.9,87.0,88.37,Ruim,Mar,1,Outono,True,42.39,26.045,7.8625,8.64,3.3950000000000005,PM2.5,até 22 °C,acima de 85%
2024,3,2024-03-01,Nordeste,CE,Juazeiro do Norte,40.73,43.48,6.95,0.86,35.41,26.7,52.9,59.72,Moderada,Mar,1,Outono,False,36.657,10.87,1.7375,6.88,3.541,PM2.5,25-28 °C,até 55%
2024,3,2024-03-01,Nordeste,MA,São Luís,41.43,109.68,1.0,0.96,46.38,26.9,72.3,77.27,Moderada,Mar,1,Outono,False,37.287,27.42,0.25,7.68,4.638000000000001,PM2.5,25-28 °C,70-85%
2024,3,2024-03-01,Nordeste,PB,João Pessoa,48.56,106.21,23.57,1.08,36.76,30.0,71.6,88.46,Ruim,Mar,1,Outono,True,43.704,26.5525,5.8925,8.64,3.676,PM2.5,acima de 28 °C,70-85%
2024,3,2024-03-01,Centro-Oeste,DF,Brasília,23.82,54.36,17.6,1.48,46.94,22.0,85.7,56.0,Moderada,Mar,1,Outono,False,21.438000000000002,13.59,4.4,11.84,4.694,PM2.5,até 22 °C,acima de 85%
2024,3,2024-03-01,Centro-Oeste,GO,Goiânia,41.88,50.83,22.64,1.15,24.38,19.0,74.4,67.73,Moderada,Mar,1,Outono,False,37.692,12.7075,5.66,9.2,2.438,PM2.5,até 22 °C,70-85%
2024,3,2024-03-01,Centro-Oeste,GO,Aparecida de Goiânia,45.35,53.05,25.94,1.68,49.48,29.3,83.5,78.98,Moderada,Mar,1,Outono,False,40.815000000000005,13.2625,6.485,13.44,4.948,PM2.5,acima de 28 °C,70-85%
2024,3,2024-03-01,Centro-Oeste,MT,Cuiabá,37.29,88.32,16.41,0.76,44.47,18.4,84.6,70.31,Moderada,Mar,1,Outono,False,33.561,22.08,4.1025,6.08,4.447,PM2.5,até 22 °C,70-85%
2024,3,2024-03-01,Centro-Oeste,MS,Campo Grande,25.14,76.04,24.92,1.62,46.85,24.2,66.1,65.51,Moderada,Mar,1,Outono,False,22.626,19.01,6.23,12.96,4.6850000000000005,PM2.5,22-25 °C,55-70%
2024,3,2024-03-01,Sudeste,SP,São Paulo,39.5,68.54,26.8,1.78,42.5,26.2,64.9,77.89,Moderada,Mar,1,Outono,False,35.550000000000004,17.135,6.7,14.24,4.25,PM2.5,25-28 °C,55-70%
2024,3,2024-03-01,Sudeste,SP,Campinas,36.64,88.98,29.12,0.53,63.42,23.7,64.2,73.05,Moderada,Mar,1,Outono,False,32.976,22.245,7.28,4.24,6.3420000000000005,PM2.5,22-25 °C,55-70%
2024,3,2024-03-01,Sudeste,SP,Ribeirão Preto,30.39,38.2,31.21,0.87,48.08,24.0,42.9,56.48,Moderada,Mar,1,Outono,False,27.351000000000003,9.55,7.8025,6.96,4.808,PM2.5,22-25 °C,até 55%
2024,3,2024-03-01,Sudeste,RJ,Rio de Janeiro,25.5,57.31,34.67,1.22,43.18,25.2,69.8,60.06,Moderada,Mar,1,Outono,False,22.95,14.3275,8.6675,9.76,4.3180000000000005,PM2.5,25-28 °C,55-70%
2024,3,2024-03-01,Sudeste,RJ,Niterói,51.31,96.3,28.3,0.6,51.54,24.8,58.3,87.31,Ruim,Mar,1,Outono,True,46.179,24.075,7.075,4.8,5.154,PM2.5,22-25 °C,55-70%
2024,3,2024-03-01,Sudeste,RJ,Nova Iguaçu,33.82,80.02,17.85,1.52,37.24,27.3,61.8,70.76,Moderada,Mar,1,Outono,False,30.438000000000002,20.005,4.4625,12.16,3.724,PM2.5,25-28 °C,55-70%
2024,3,2024-03-01,Sudeste,RJ,Petrópolis,33.71,86.58,36.43,0.89,28.34,21.8,48.2,71.08,Moderada,Mar,1,Outono,False,30.339000000000002,21.645,9.1075,7.12,2.834,PM2.5,até 22 °C,até 55%
2024,3,2024-03-01,Sudeste,MG,Belo Horizonte,59.92,67.86,26.79,1.36,52.79,28.6,57.0,93.78,Ruim,Mar,1,Outono,True,53.928000000000004,16.965,6.6975,10.88,5.279,PM2.5,acima de 28 °C,55-70%
2024,3,2024-03-01,Sudeste,MG,Uberlândia,37.1,85.23,34.27,1.55,46.45,28.7,58.6,80.32,Ruim,Mar,1,Outono,True,33.39,21.3075,8.5675,12.4,4.6450000000000005,PM2.5,acima de 28 °C,55-70%
2024,3,2024-03-01,Sudeste,MG,Juiz de Fora,36.99,72.53,30.43,1.36,20.08,28.9,56.5,71.91,Moderada,Mar,1,Outono,False,33.291000000000004,18.1325,7.6075,10.88,2.008,PM2.5,acima de 28 °C,55-70%
2024,3,2024-03-01,Sudeste,ES,Vitória,43.01,93.27,17.75,0.9,37.82,28.8,53.8,77.48,Moderada,Mar,1,Outono,False,38.708999999999996,23.3175,4.4375,7.2,3.782,PM2.5,acima de 28 °C,até 55%
2024,3,2024-03-01,Sudeste,ES,Vila Velha,28.13,99.76,21.98,0.49,40.22,30.2,69.7,63.72,Moderada,Mar,1,Outono,False,25.317,24.94,5.495,3.92,4.022,PM2.5,acima de 28 °C,55-70%
2024,3,2024-03-01,Sudeste,ES,Serra,24.97,62.57,33.52,0.89,26.15,29.3,44.5,56.26,Moderada,Mar,1,Outono,False,22.473,15.6425,8.38,7.12,2.615,PM2.5,acima de 28 °C,até 55%
2024,3,2024-03-01,Sul,PR,Curitiba,34.16,67.62,41.11,1.26,41.94,22.7,92.3,72.19,Moderada,Mar,1,Outono,False,30.743999999999996,16.905,10.2775,10.08,4.194,PM2.5,22-25 °C,acima de 85%
2024,3,2024-03-01,Sul,PR,Londrina,35.1,67.85,31.55,0.99,43.12,26.4,48.0,68.71,Moderada,Mar,1,Outono,False,31.590000000000003,16.9625,7.8875,7.92,4.312,PM2.5,25-28 °C,até 55%
2024,3,2024-03-01,Sul,SC,Florianópolis,61.79,57.97,13.71,1.42,45.64,27.7,61.6,89.46,Ruim,Mar,1,Outono,True,55.611,14.4925,3.4275,11.36,4.564,PM2.5,25-28 °C,55-70%
2024,3,2024-03-01,Sul,SC,Joinville,42.74,109.79,18.77,1.37,56.13,26.1,72.6,87.19,Ruim,Mar,1,Outono,True,38.466,27.4475,4.6925,10.96,5.613,PM2.5,25-28 °C,70-85%
2024,3,2024-03-01,Sul,RS,Porto Alegre,24.25,90.99,23.23,0.45,54.8,20.8,57.8,59.42,Moderada,Mar,1,Outono,False,21.825,22.7475,5.8075,3.6,5.48,PM10,até 22 °C,55-70%
2024,3,2024-03-01,Sul,RS,Caxias do Sul,35.88,87.56,28.06,1.78,28.91,29.3,63.3,78.33,Moderada,Mar,1,Outono,False,32.292,21.89,7.015,14.24,2.891,PM2.5,acima de 28 °C,55-70%
2024,4,2024-04-01,Norte,AM,Manaus,29.73,45.14,21.17,0.57,38.89,22.7,63.4,51.79,Moderada,Abr,2,Outono,False,26.757,11.285,5.2925,4.56,3.8890000000000002,PM2.5,22-25 °C,55-70%
2024,4,2024-04-01,Norte,PA,Belém,35.69,73.61,40.98,1.57,50.59,24.3,64.4,78.41,Moderada,Abr,2,Outono,False,32.121,18.4025,10.245,12.56,5.059000000000001,PM2.5,22-25 °C,55-70%
2024,4,2024-04-01,Norte,PA,Santarém,33.72,72.9,27.66,1.38,54.38,21.6,90.2,71.99,Moderada,Abr,2,Outono,False,30.348,18.225,6.915,11.04,5.438000000000001,PM2.5,até 22 °C,acima de 85%
2024,4,2024-04-01,Norte,RO,Porto Velho,45.66,52.31,17.56,0.46,40.02,22.4,86.1,66.21,Moderada,Abr,2,Outono,False,41.094,13.0775,4.39,3.68,4.002000000000001,PM2.5,22-25 °C,acima de 85%
2024,4,2024-04-01,Norte,TO,Palmas,33.85,47.69,27.57,0.4,39.85,22.6,74.6,56.43,Moderada,Abr,2,Outono,False,30.465000000000003,11.9225,6.8925,3.2,3.9850000000000003,PM2.5,22-25 °C,70-85%
2024,4,2024-04-01,Nordeste,BA,Salvador,35.43,23.38,24.61,0.56,36.59,26.7,50.7,52.0,Moderada,Abr,2,Outono,False,31.887,5.845,6.1525,4.48,3.6590000000000007,PM2.5,25-28 °C,até 55%
2024,4,2024-04-01,Nordeste,BA,Feira de Santana,28.26,62.18,30.56,1.61,47.37,22.4,80.2,66.27,Moderada,Abr,2,Outono,False,25.434,15.545,7.64,12.88,4.737,PM2.5,22-25 °C,70-85%
2024,4,2024-04-01,Nordeste,PE,Recife,45.01,100.0,21.01,1.59,39.79,24.8,50.5,87.43,Ruim,Abr,2,Outono,True,40.509,25.0,5.2525,12.72,3.979,PM2.5,22-25 °C,até 55%
2024,4,2024-04-01,Nordeste,PE,Jaboatão dos Guararapes,50.7,50.19,28.22,0.94,65.83,24.4,85.0,79.31,Moderada,Abr,2,Outono,False,45.63,12.5475,7.055,7.52,6.583,PM2.5,22-25 °C,70-85%
2024,4,2024-04-01,Nordeste,CE,Fortaleza,25.03,80.09,39.0,0.77,41.39,24.0,65.9,62.61,Moderada,Abr,2,Outono,False,22.527,20.0225,9.75,6.16,4.139,PM2.5,22-25 °C,55-70%
2024,4,2024-04-01,Nordeste,CE,Juazeiro do Norte,50.87,54.23,31.74,1.73,39.92,23.8,52.4,85.14,Ruim,Abr,2,Outono,True,45.783,13.5575,7.935,13.84,3.9920000000000004,PM2.5,22-25 °C,até 55%
2024,4,2024-04-01,Nordeste,MA,São Luís,26.6,78.03,21.61,1.29,41.91,28.9,58.2,63.37,Moderada,Abr,2,Outono,False,23.94,19.5075,5.4025,10.32,4.191,PM2.5,acima de 28 °C,55-70%
2024,4,2024-04-01,Nordeste,PB,João Pessoa,37.5,94.54,17.97,0.95,59.3,26.2,74.3,75.44,Moderada,Abr,2,Outono,False,33.75,23.635,4.4925,7.6,5.93,PM2.5,25-28 °C,70-85%
2024,4,2024-04-01,Centro-Oeste,DF,Brasília,33.91,75.36,29.42,0.54,43.49,28.5,49.4,65.37,Moderada,Abr,2,Outono,False,30.519,18.84,7.355,4.32,4.349,PM2.5,acima de 28 °C,até 55%
2024,4,2024-04-01,Centro-Oeste,GO,Goiânia,44.34,56.13,19.87,1.12,47.14,20.6,53.5,72.55,Moderada,Abr,2,Outono,False,39.906000000000006,14.0325,4.9675,8.96,4.714,PM2.5,até 22 °C,até 55%
2024,4,2024-04-01,Centro-Oeste,GO,Aparecida de Goiânia,30.92,60.96,27.59,1.49,9.04,22.5,78.1,62.75,Moderada,Abr,2,Outono,False,27.828000000000003,15.24,6.8975,11.92,0.9039999999999999,PM2.5,22-25 °C,70-85%
2024,4,2024-04-01,Centro-Oeste,MT,Cuiabá,41.12,68.09,20.75,0.46,32.95,20.2,88.0,66.22,Moderada,Abr,2,Outono,False,37.007999999999996,17.0225,5.1875,3.68,3.2950000000000004,PM2.5,até 22 °C,acima de 85%
2024,4,2024-04-01,Centro-Oeste,MS,Campo Grande,26.81,40.73,37.67,1.49,42.11,19.1,65.3,59.9,Moderada,Abr,2,Outono,False,24.128999999999998,10.1825,9.4175,11.92,4.211,PM2.5,até 22 °C,55-70%
2024,4,2024-04-01,Sudeste,SP,São Paulo,34.19,67.49,18.58,0.96,34.22,25.3,60.4,63.41,Moderada,Abr,2,Outono,False,30.770999999999997,16.8725,4.645,7.68,3.422,PM2.5,25-28 °C,55-70%
2024,4,2024-04-01,Sudeste,SP,Campinas,41.4,81.3,33.79,1.03,42.69,26.2,48.7,78.53,Moderada,Abr,2,Outono,False,37.26,20.325,8.4475,8.24,4.269,PM2.5,25-28 °C,até 55%
2024,4,2024-04-01,Sudeste,SP,Ribeirão Preto,32.66,87.62,28.93,1.41,38.9,22.0,79.8,73.67,Moderada,Abr,2,Outono,False,29.394,21.905,7.2325,11.28,3.89,PM2.5,até 22 °C,70-85%
2024,4,2024-04-01,Sudeste,RJ,Rio de Janeiro,41.98,60.31,12.2,0.49,40.44,26.4,74.4,63.9,Moderada,Abr,2,Outono,False,37.782,15.0775,3.05,3.92,4.044,PM2.5,25-28 °C,70-85%
2024,4,2024-04-01,Sudeste,RJ,Niterói,33.57,85.36,16.98,1.5,35.59,20.2,91.3,71.34,Moderada,Abr,2,Outono,False,30.213,21.34,4.245,12.0,3.5590000000000006,PM2.5,até 22 °C,acima de 85%
2024,4,2024-04-01,Sudeste,RJ,Nova Iguaçu,24.2,55.68,33.1,1.23,33.06,24.0,45.6,57.09,Moderada,Abr,2,Outono,False,21.78,13.92,8.275,9.84,3.3060000000000005,PM2.5,22-25 °C,até 55%
2024,4,2024-04-01,Sudeste,RJ,Petrópolis,47.45,105.39,24.44,1.4,33.6,27.1,62.8,89.76,Ruim,Abr,2,Outono,True,42.705000000000005,26.3475,6.11,11.2,3.3600000000000003,PM2.5,25-28 °C,55-70%
2024,4,2024-04-01,Sudeste,MG,Belo Horizonte,31.78,41.18,7.51,0.53,37.59,25.7,43.7,48.78,Boa,Abr,2,Outono,False,28.602,10.295,1.8775,4.24,3.7590000000000003,PM2.5,25-28 °C,até 55%
2024,4,2024-04-01,Sudeste,MG,Uberlândia,29.61,46.45,18.67,0.4,34.0,22.6,75.0,49.5,Boa,Abr,2,Outono,False,26.649,11.6125,4.6675,3.2,3.4000000000000004,PM2.5,22-25 °C,70-85%
2024,4,2024-04-01,Sudeste,MG,Juiz de Fora,46.63,95.35,32.46,1.7,39.84,20.9,85.8,91.54,Ruim,Abr,2,Outono,True,41.967000000000006,23.8375,8.115,13.6,3.9840000000000004,PM2.5,até 22 °C,acima de 85%
2024,4,2024-04-01,Sudeste,ES,Vitória,35.46,63.55,16.55,1.48,36.27,19.8,48.8,67.4,Moderada,Abr,2,Outono,False,31.914,15.8875,4.1375,11.84,3.6270000000000007,PM2.5,até 22 °C,até 55%
2024,4,2024-04-01,Sudeste,ES,Vila Velha,41.99,46.29,17.38,0.81,48.92,25.6,56.7,65.09,Moderada,Abr,2,Outono,False,37.791000000000004,11.5725,4.345,6.48,4.892,PM2.5,25-28 °C,55-70%
2024,4,2024-04-01,Sudeste,ES,Serra,16.05,81.04,21.38,0.32,53.41,30.2,57.0,47.99,Boa,Abr,2,Outono,False,14.445,20.26,5.345,2.56,5.341,PM10,acima de 28 °C,55-70%
2024,4,2024-04-01,Sul,PR,Curitiba,30.52,48.81,34.23,1.13,56.53,27.1,56.6,62.95,Moderada,Abr,2,Outono,False,27.468,12.2025,8.5575,9.04,5.6530000000000005,PM2.5,25-28 °C,55-70%
2024,4,2024-04-01,Sul,PR,Londrina,43.35,48.18,20.42,1.4,38.51,25.9,71.9,71.23,Moderada,Abr,2,Outono,False,39.015,12.045,5.105,11.2,3.851,PM2.5,25-28 °C,70-85%
2024,4,2024-04-01,Sul,SC,Florianópolis,28.11,55.93,30.98,0.61,32.75,22.1,53.6,55.2,Moderada,Abr,2,Outono,False,25.299,13.9825,7.745,4.88,3.2750000000000004,PM2.5,22-25 °C,até 55%
2024,4,2024-04-01,Sul,SC,Joinville,42.31,60.13,24.37,0.99,49.85,22.2,62.9,72.13,Moderada,Abr,2,Outono,False,38.079,15.0325,6.0925,7.92,4.985,PM2.5,22-25 °C,55-70%
2024,4,2024-04-01,Sul,RS,Porto Alegre,36.67,48.53,8.86,1.14,61.33,22.8,90.6,62.6,Moderada,Abr,2,Outono,False,33.003,12.1325,2.215,9.12,6.133,PM2.5,22-25 °C,acima de 85%
2024,4,2024-04-01,Sul,RS,Caxias do Sul,38.46,70.17,14.18,1.25,44.92,26.6,76.2,70.2,Moderada,Abr,2,Outono,False,34.614000000000004,17.5425,3.545,10.0,4.492,PM2.5,25-28 °C,70-85%
2024,5,2024-05-01,Norte,AM,Manaus,41.06,50.74,31.17,0.54,62.81,23.3,94.6,68.03,Moderada,Mai,2,Outono,False,36.954,12.685,7.7925,4.32,6.281000000000001,PM2.5,22-25 °C,acima de 85%
2024,5,2024-05-01,Norte,PA,Belém,50.95,61.02,19.9,0.56,31.33,25.7,40.1,73.7,Moderada,Mai,2,Outono,False,45.855000000000004,15.255,4.975,4.48,3.133,PM2.5,25-28 °C,até 55%
2024,5,2024-05-01,Norte,PA,Santarém,26.33,77.9,31.85,1.04,44.88,25.5,46.4,63.97,Moderada,Mai,2,Outono,False,23.697,19.475,7.9625,8.32,4.488,PM2.5,25-28 °C,até 55%
2024,5,2024-05-01,Norte,RO,Porto Velho,35.72,86.09,15.22,0.89,33.29,22.7,46.3,67.9,Moderada,Mai,2,Outono,False,32.148,21.5225,3.805,7.12,3.329,PM2.5,22-25 °C,até 55%
2024,5,2024-05-01,Norte,TO,Palmas,31.99,98.01,15.64,1.04,31.32,23.5,91.2,68.64,Moderada,Mai,2,Outono,False,28.791,24.5025,3.91,8.32,3.132,PM2.5,22-25 °C,acima de 85%
2024,5,2024-05-01,Nordeste,BA,Salvador,18.91,65.79,35.43,0.42,34.45,26.2,75.0,49.16,Boa,Mai,2,Outono,False,17.019000000000002,16.4475,8.8575,3.36,3.4450000000000003,PM2.5,25-28 °C,70-85%
2024,5,2024-05-01,Nordeste,BA,Feira de Santana,35.96,96.21,17.96,0.38,40.34,24.8,82.0,67.99,Moderada,Mai,2,Outono,False,32.364000000000004,24.0525,4.49,3.04,4.034000000000001,PM2.5,22-25 °C,70-85%
2024,5,2024-05-01,Nordeste,PE,Recife,32.0,62.97,27.51,0.51,43.81,23.1,91.5,59.92,Moderada,Mai,2,Outono,False,28.8,15.7425,6.8775,4.08,4.381,PM2.5,22-25 °C,acima de 85%
2024,5,2024-05-01,Nordeste,PE,Jaboatão dos Guararapes,44.57,67.5,21.95,0.75,46.14,23.4,78.3,73.11,Moderada,Mai,2,Outono,False,40.113,16.875,5.4875,6.0,4.614,PM2.5,22-25 °C,70-85%
2024,5,2024-05-01,Nordeste,CE,Fortaleza,46.82,71.56,18.51,1.37,27.29,17.2,79.0,78.34,Moderada,Mai,2,Outono,False,42.138,17.89,4.6275,10.96,2.729,PM2.5,até 22 °C,70-85%
2024,5,2024-05-01,Nordeste,CE,Juazeiro do Norte,19.47,72.51,32.85,1.35,40.17,29.9,59.5,58.71,Moderada,Mai,2,Outono,False,17.523,18.1275,8.2125,10.8,4.017,PM10,acima de 28 °C,55-70%
2024,5,2024-05-01,Nordeste,MA,São Luís,35.75,51.99,25.76,1.69,38.2,29.9,56.1,68.99,Moderada,Mai,2,Outono,False,32.175000000000004,12.9975,6.44,13.52,3.8200000000000003,PM2.5,acima de 28 °C,55-70%
2024,5,2024-05-01,Nordeste,PB,João Pessoa,35.66,56.54,8.5,1.41,41.26,21.6,81.2,63.79,Moderada,Mai,2,Outono,False,32.094,14.135,2.125,11.28,4.126,PM2.5,até 22 °C,70-85%
2024,5,2024-05-01,Centro-Oeste,DF,Brasília,31.59,44.63,28.02,1.67,34.68,24.4,48.0,63.43,Moderada,Mai,2,Outono,False,28.431,11.1575,7.005,13.36,3.468,PM2.5,22-25 °C,até 55%
2024,5,2024-05-01,Centro-Oeste,GO,Goiânia,32.28,29.65,27.57,1.25,33.28,29.5,47.5,56.73,Moderada,Mai,2,Outono,False,29.052000000000003,7.4125,6.8925,10.0,3.3280000000000003,PM2.5,acima de 28 °C,até 55%
2024,5,2024-05-01,Centro-Oeste,GO,Aparecida de Goiânia,38.27,69.74,25.72,0.76,54.38,28.9,54.7,69.86,Moderada,Mai,2,Outono,False,34.443000000000005,17.435,6.43,6.08,5.438000000000001,PM2.5,acima de 28 °C,até 55%
2024,5,2024-05-01,Centro-Oeste,MT,Cuiabá,59.44,79.45,18.31,1.63,60.57,27.0,67.8,97.02,Ruim,Mai,2,Outono,True,53.496,19.8625,4.5775,13.04,6.057,PM2.5,25-28 °C,55-70%
2024,5,2024-05-01,Centro-Oeste,MS,Campo Grande,41.2,93.02,32.49,0.88,54.97,23.3,66.1,80.97,Ruim,Mai,2,Outono,True,37.080000000000005,23.255,8.1225,7.04,5.497,PM2.5,22-25 °C,55-70%
2024,5,2024-05-01,Sudeste,SP,São Paulo,48.26,80.55,13.22,0.32,65.5,23.5,53.2,75.97,Moderada,Mai,2,Outono,False,43.434,20.1375,3.305,2.56,6.550000000000001,PM2.5,22-25 °C,até 55%
2024,5,2024-05-01,Sudeste,SP,Campinas,46.7,74.71,31.0,1.31,34.61,27.6,85.2,82.41,Ruim,Mai,2,Outono,True,42.03,18.6775,7.75,10.48,3.4610000000000003,PM2.5,25-28 °C,acima de 85%
2024,5,2024-05-01,Sudeste,SP,Ribeirão Preto,39.22,89.4,23.44,0.51,54.44,27.7,58.4,72.99,Moderada,Mai,2,Outono,False,35.298,22.35,5.86,4.08,5.444,PM2.5,25-28 °C,55-70%
2024,5,2024-05-01,Sudeste,RJ,Rio de Janeiro,38.66,87.51,16.45,1.53,29.63,23.3,84.6,75.96,Moderada,Mai,2,Outono,False,34.794,21.8775,4.1125,12.24,2.963,PM2.5,22-25 °C,70-85%
2024,5,2024-05-01,Sudeste,RJ,Niterói,21.11,88.83,24.18,1.43,19.68,21.0,55.1,60.66,Moderada,Mai,2,Outono,False,18.999,22.2075,6.045,11.44,1.968,PM10,até 22 °C,55-70%
2024,5,2024-05-01,Sudeste,RJ,Nova Iguaçu,16.28,90.8,22.92,1.72,58.44,22.6,86.0,62.66,Moderada,Mai,2,Outono,False,14.652000000000001,22.7,5.73,13.76,5.844,PM10,22-25 °C,acima de 85%
2024,5,2024-05-01,Sudeste,RJ,Petrópolis,33.52,73.86,17.13,0.83,41.01,22.2,62.4,63.69,Moderada,Mai,2,Outono,False,30.168000000000003,18.465,4.2825,6.64,4.101,PM2.5,22-25 °C,55-70%
2024,5,2024-05-01,Sudeste,MG,Belo Horizonte,21.18,70.73,26.68,1.04,40.85,22.3,62.8,55.82,Moderada,Mai,2,Outono,False,19.062,17.6825,6.67,8.32,4.085,PM2.5,22-25 °C,55-70%
2024,5,2024-05-01,Sudeste,MG,Uberlândia,39.49,56.94,25.88,0.62,50.03,29.7,70.1,66.22,Moderada,Mai,2,Outono,False,35.541000000000004,14.235,6.47,4.96,5.003,PM2.5,acima de 28 °C,70-85%
2024,5,2024-05-01,Sudeste,MG,Juiz de Fora,40.18,61.21,26.34,1.65,22.62,22.0,45.9,73.54,Moderada,Mai,2,Outono,False,36.162,15.3025,6.585,13.2,2.262,PM2.5,até 22 °C,até 55%
2024,5,2024-05-01,Sudeste,ES,Vitória,18.41,96.43,28.05,1.25,39.93,26.2,69.1,61.65,Moderada,Mai,2,Outono,False,16.569,24.1075,7.0125,10.0,3.9930000000000003,PM10,25-28 °C,55-70%
2024,5,2024-05-01,Sudeste,ES,Vila Velha,35.28,62.98,27.0,1.71,36.7,28.6,84.0,71.64,Moderada,Mai,2,Outono,False,31.752000000000002,15.745,6.75,13.68,3.6700000000000004,PM2.5,acima de 28 °C,70-85%
2024,5,2024-05-01,Sudeste,ES,Serra,42.04,67.67,25.83,0.43,45.04,26.5,51.0,69.17,Moderada,Mai,2,Outono,False,37.836,16.9175,6.4575,3.44,4.5040000000000004,PM2.5,25-28 °C,até 55%
2024,5,2024-05-01,Sul,PR,Curitiba,22.55,89.08,9.93,1.14,23.7,20.5,46.8,56.55,Moderada,Mai,2,Outono,False,20.295,22.27,2.4825,9.12,2.37,PM10,até 22 °C,até 55%
2024,5,2024-05-01,Sul,PR,Londrina,41.65,78.22,27.4,1.56,53.01,24.4,92.1,81.71,Ruim,Mai,2,Outono,True,37.485,19.555,6.85,12.48,5.301,PM2.5,22-25 °C,acima de 85%
2024,5,2024-05-01,Sul,SC,Florianópolis,13.75,76.29,20.27,0.51,26.56,23.7,55.2,43.25,Boa,Mai,2,Outono,False,12.375,19.0725,5.0675,4.08,2.656,PM10,22-25 °C,55-70%
2024,5,2024-05-01,Sul,SC,Joinville,29.96,62.23,21.76,1.12,45.84,20.5,90.8,61.5,Moderada,Mai,2,Outono,False,26.964000000000002,15.5575,5.44,8.96,4.5840000000000005,PM2.5,até 22 °C,acima de 85%
2024,5,2024-05-01,Sul,RS,Porto Alegre,29.55,64.91,29.62,1.44,44.56,22.8,44.4,66.2,Moderada,Mai,2,Outono,False,26.595000000000002,16.2275,7.405,11.52,4.456,PM2.5,22-25 °C,até 55%
2024,5,2024-05-01,Sul,RS,Caxias do Sul,25.58,66.94,28.61,1.36,31.76,29.5,52.3,60.99,Moderada,Mai,2,Outono,False,23.022,16.735,7.1525,10.88,3.176,PM2.5,acima de 28 °C,até 55%
2024,6,2024-06-01,Norte,AM,Manaus,43.54,103.26,5.94,1.62,41.66,20.8,40.4,83.58,Ruim,Jun,2,Inverno,True,39.186,25.815,1.485,12.96,4.1659999999999995,PM2.5,até 22 °C,até 55%
2024,6,2024-06-01,Norte,PA,Belém,44.86,101.9,24.55,1.28,32.99,21.1,54.5,85.5,Ruim,Jun,2,Inverno,True,40.374,25.475,6.1375,10.24,3.2990000000000004,PM2.5,até 22 °C,até 55%
2024,6,2024-06-01,Norte,PA,Santarém,36.51,83.24,23.95,0.46,44.68,26.3,87.5,67.77,Moderada,Jun,2,Inverno,False,32.859,20.81,5.9875,3.68,4.468,PM2.5,25-28 °C,acima de 85%
2024,6,2024-06-01,Norte,RO,Porto Velho,30.31,63.15,28.03,1.51,39.67,23.1,65.5,66.09,Moderada,Jun,2,Inverno,False,27.279,15.7875,7.0075,12.08,3.9670000000000005,PM2.5,22-25 °C,55-70%
2024,6,2024-06-01,Norte,TO,Palmas,38.15,29.87,22.56,0.42,48.2,26.4,58.6,55.64,Moderada,Jun,2,Inverno,False,34.335,7.4675,5.64,3.36,4.82,PM2.5,25-28 °C,55-70%
2024,6,2024-06-01,Nordeste,BA,Salvador,38.93,75.96,28.26,0.33,41.12,21.0,93.9,67.84,Moderada,Jun,2,Inverno,False,35.037,18.99,7.065,2.64,4.112,PM2.5,até 22 °C,acima de 85%
2024,6,2024-06-01,Nordeste,BA,Feira de Santana,40.09,53.11,19.14,0.73,46.7,24.4,46.4,64.65,Moderada,Jun,2,Inverno,False,36.081,13.2775,4.785,5.84,4.670000000000001,PM2.5,22-25 °C,até 55%
2024,6,2024-06-01,Nordeste,PE,Recife,43.9,45.82,23.9,1.23,34.92,22.8,92.2,70.3,Moderada,Jun,2,Inverno,False,39.51,11.455,5.975,9.84,3.4920000000000004,PM2.5,22-25 °C,acima de 85%
2024,6,2024-06-01,Nordeste,PE,Jaboatão dos Guararapes,44.79,81.19,26.37,0.59,25.71,26.6,75.9,74.47,Moderada,Jun,2,Inverno,False,40.311,20.2975,6.5925,4.72,2.571,PM2.5,25-28 °C,70-85%
2024,6,2024-06-01,Nordeste,CE,Fortaleza,33.13,47.73,29.53,1.42,32.48,28.6,41.6,63.74,Moderada,Jun,2,Inverno,False,29.817000000000004,11.9325,7.3825,11.36,3.2479999999999998,PM2.5,acima de 28 °C,até 55%
2024,6,2024-06-01,Nordeste,CE,Juazeiro do Norte,37.32,91.66,22.39,0.32,60.53,22.9,79.3,70.73,Moderada,Jun,2,Inverno,False,33.588,22.915,5.5975,2.56,6.053000000000001,PM2.5,22-25 °C,70-85%
2024,6,2024-06-01,Nordeste,MA,São Luís,32.8,61.1,28.6,1.24,42.96,24.6,71.5,66.17,Moderada,Jun,2,Inverno,False,29.52,15.275,7.15,9.92,4.296,PM2.5,22-25 °C,70-85%
2024,6,2024-06-01,Nordeste,PB,João Pessoa,27.74,59.26,34.17,1.07,48.39,24.6,92.3,61.69,Moderada,Jun,2,Inverno,False,24.965999999999998,14.815,8.5425,8.56,4.839,PM2.5,22-25 °C,acima de 85%
2024,6,2024-06-01,Centro-Oeste,DF,Brasília,32.86,82.39,21.74,0.65,57.42,26.1,43.8,66.55,Moderada,Jun,2,Inverno,False,29.574,20.5975,5.435,5.2,5.742000000000001,PM2.5,25-28 °C,até 55%
2024,6,2024-06-01,Centro-Oeste,GO,Goiânia,21.75,78.5,18.93,1.67,38.5,23.3,62.8,61.17,Moderada,Jun,2,Inverno,False,19.575,19.625,4.7325,13.36,3.85,PM10,22-25 °C,55-70%
2024,6,2024-06-01,Centro-Oeste,GO,Aparecida de Goiânia,20.41,75.45,29.45,0.41,69.12,31.4,78.3,54.81,Moderada,Jun,2,Inverno,False,18.369,18.8625,7.3625,3.28,6.912000000000001,PM10,acima de 28 °C,70-85%
2024,6,2024-06-01,Centro-Oeste,MT,Cuiabá,33.53,79.11,22.11,1.03,48.15,23.0,69.4,68.53,Moderada,Jun,2,Inverno,False,30.177000000000003,19.7775,5.5275,8.24,4.815,PM2.5,22-25 °C,55-70%
2024,6,2024-06-01,Centro-Oeste,MS,Campo Grande,28.31,79.1,18.81,0.67,44.33,25.2,68.7,59.78,Moderada,Jun,2,Inverno,False,25.479,19.775,4.7025,5.36,4.433,PM2.5,25-28 °C,55-70%
2024,6,2024-06-01,Sudeste,SP,São Paulo,27.15,74.9,23.17,0.48,38.46,28.1,64.2,56.65,Moderada,Jun,2,Inverno,False,24.435,18.725,5.7925,3.84,3.846,PM2.5,acima de 28 °C,55-70%
2024,6,2024-06-01,Sudeste,SP,Campinas,30.23,60.25,25.37,1.75,46.69,22.4,73.3,67.24,Moderada,Jun,2,Inverno,False,27.207,15.0625,6.3425,14.0,4.669,PM2.5,22-25 °C,70-85%
2024,6,2024-06-01,Sudeste,SP,Ribeirão Preto,35.18,59.82,32.83,1.1,28.98,27.1,94.7,66.49,Moderada,Jun,2,Inverno,False,31.662,14.955,8.2075,8.8,2.898,PM2.5,25-28 °C,acima de 85%
2024,6,2024-06-01,Sudeste,RJ,Rio de Janeiro,22.96,24.61,16.27,1.5,34.99,23.2,45.7,46.38,Boa,Jun,2,Inverno,False,20.664,6.1525,4.0675,12.0,3.4990000000000006,PM2.5,22-25 °C,até 55%
2024,6,2024-06-01,Sudeste,RJ,Niterói,30.51,59.13,23.31,1.06,31.03,26.6,59.4,59.63,Moderada,Jun,2,Inverno,False,27.459000000000003,14.7825,5.8275,8.48,3.103,PM2.5,25-28 °C,55-70%
2024,6,2024-06-01,Sudeste,RJ,Nova Iguaçu,41.01,65.49,25.86,1.57,26.58,29.2,51.5,74.98,Moderada,Jun,2,Inverno,False,36.909,16.3725,6.465,12.56,2.658,PM2.5,acima de 28 °C,até 55%
2024,6,2024-06-01,Sudeste,RJ,Petrópolis,37.95,57.8,19.24,0.32,33.81,24.2,79.7,59.36,Moderada,Jun,2,Inverno,False,34.155,14.45,4.81,2.56,3.3810000000000002,PM2.5,22-25 °C,70-85%
2024,6,2024-06-01,Sudeste,MG,Belo Horizonte,48.89,97.51,22.84,1.6,49.81,22.3,81.8,91.85,Ruim,Jun,2,Inverno,True,44.001000000000005,24.3775,5.71,12.8,4.981000000000001,PM2.5,22-25 °C,70-85%
2024,6,2024-06-01,Sudeste,MG,Uberlândia,35.27,56.62,31.65,1.08,41.07,24.1,69.5,66.58,Moderada,Jun,2,Inverno,False,31.743000000000002,14.155,7.9125,8.64,4.107,PM2.5,22-25 °C,55-70%
2024,6,2024-06-01,Sudeste,MG,Juiz de Fora,39.51,49.98,24.8,1.07,30.34,24.2,53.2,65.81,Moderada,Jun,2,Inverno,False,35.559,12.495,6.2,8.56,3.0340000000000003,PM2.5,22-25 °C,até 55%
2024,6,2024-06-01,Sudeste,ES,Vitória,31.97,86.26,15.3,1.77,60.85,20.6,65.1,74.43,Moderada,Jun,2,Inverno,False,28.773,21.565,3.825,14.16,6.085000000000001,PM2.5,até 22 °C,55-70%
2024,6,2024-06-01,Sudeste,ES,Vila Velha,21.21,72.98,17.04,1.04,35.43,20.8,66.1,53.48,Moderada,Jun,2,Inverno,False,19.089000000000002,18.245,4.26,8.32,3.543,PM2.5,até 22 °C,55-70%
2024,6,2024-06-01,Sudeste,ES,Serra,30.64,91.23,6.76,0.89,41.4,23.5,92.1,63.3,Moderada,Jun,2,Inverno,False,27.576,22.8075,1.69,7.12,4.14,PM2.5,22-25 °C,acima de 85%
2024,6,2024-06-01,Sul,PR,Curitiba,32.19,84.13,10.47,1.52,32.07,26.5,40.9,68.02,Moderada,Jun,2,Inverno,False,28.971,21.0325,2.6175,12.16,3.2070000000000003,PM2.5,25-28 °C,até 55%
2024,6,2024-06-01,Sul,PR,Londrina,34.54,78.78,37.21,0.51,54.22,20.9,46.7,69.55,Moderada,Jun,2,Inverno,False,31.086,19.695,9.3025,4.08,5.422000000000001,PM2.5,até 22 °C,até 55%
2024,6,2024-06-01,Sul,SC,Florianópolis,43.86,68.04,16.68,1.49,32.7,21.0,60.0,75.87,Moderada,Jun,2,Inverno,False,39.474000000000004,17.01,4.17,11.92,3.2700000000000005,PM2.5,até 22 °C,55-70%
2024,6,2024-06-01,Sul,SC,Joinville,38.64,76.31,18.36,1.17,46.4,29.3,92.7,72.43,Moderada,Jun,2,Inverno,False,34.776,19.0775,4.59,9.36,4.64,PM2.5,acima de 28 °C,acima de 85%
2024,6,2024-06-01,Sul,RS,Porto Alegre,42.03,70.66,29.08,1.0,27.99,30.0,88.2,73.53,Moderada,Jun,2,Inverno,False,37.827000000000005,17.665,7.27,8.0,2.799,PM2.5,acima de 28 °C,acima de 85%
2024,6,2024-06-01,Sul,RS,Caxias do Sul,42.13,92.93,27.66,0.49,39.5,25.9,92.1,75.94,Moderada,Jun,2,Inverno,False,37.917,23.2325,6.915,3.92,3.95,PM2.5,25-28 °C,acima de 85%
2024,7,2024-07-01,Norte,AM,Manaus,21.13,55.77,25.08,1.04,33.12,24.1,75.1,50.82,Moderada,Jul,3,Inverno,False,19.017,13.9425,6.27,8.32,3.312,PM2.5,22-25 °C,70-85%
2024,7,2024-07-01,Norte,PA,Belém,35.58,81.5,33.07,1.4,38.75,30.1,93.6,75.74,Moderada,Jul,3,Inverno,False,32.022,20.375,8.2675,11.2,3.875,PM2.5,acima de 28 °C,acima de 85%
2024,7,2024-07-01,Norte,PA,Santarém,33.36,47.07,10.0,0.68,25.44,21.2,90.6,52.31,Moderada,Jul,3,Inverno,False,30.024,11.7675,2.5,5.44,2.5440000000000005,PM2.5,até 22 °C,acima de 85%
2024,7,2024-07-01,Norte,RO,Porto Velho,37.95,43.41,31.62,1.52,47.42,27.7,83.2,69.82,Moderada,Jul,3,Inverno,False,34.155,10.8525,7.905,12.16,4.742,PM2.5,25-28 °C,70-85%
2024,7,2024-07-01,Norte,TO,Palmas,42.25,60.22,22.81,1.12,17.88,24.8,78.0,69.51,Moderada,Jul,3,Inverno,False,38.025,15.055,5.7025,8.96,1.788,PM2.5,22-25 °C,70-85%
2024,7,2024-07-01,Nordeste,BA,Salvador,33.67,60.46,25.78,1.21,32.17,23.9,48.7,64.79,Moderada,Jul,3,Inverno,False,30.303,15.115,6.445,9.68,3.2170000000000005,PM2.5,22-25 °C,até 55%
2024,7,2024-07-01,Nordeste,BA,Feira de Santana,39.45,89.7,36.61,0.93,30.61,27.1,70.0,77.62,Moderada,Jul,3,Inverno,False,35.505,22.425,9.1525,7.44,3.061,PM2.5,25-28 °C,55-70%
2024,7,2024-07-01,Nordeste,PE,Recife,59.81,82.04,23.66,0.4,40.57,28.5,62.9,87.49,Ruim,Jul,3,Inverno,True,53.829,20.51,5.915,3.2,4.057,PM2.5,acima de 28 °C,55-70%
2024,7,2024-07-01,Nordeste,PE,Jaboatão dos Guararapes,51.11,71.78,31.27,1.46,30.28,24.0,69.2,86.48,Ruim,Jul,3,Inverno,True,45.999,17.945,7.8175,11.68,3.0280000000000005,PM2.5,22-25 °C,55-70%
2024,7,2024-07-01,Nordeste,CE,Fortaleza,18.78,67.25,27.03,1.39,33.45,25.5,59.2,54.9,Moderada,Jul,3,Inverno,False,16.902,16.8125,6.7575,11.12,3.3450000000000006,PM2.5,25-28 °C,55-70%
2024,7,2024-07-01,Nordeste,CE,Juazeiro do Norte,38.55,113.09,31.9,0.68,48.04,29.1,65.5,81.18,Ruim,Jul,3,Inverno,True,34.695,28.2725,7.975,5.44,4.804,PM2.5,acima de 28 °C,55-70%
2024,7,2024-07-01,Nordeste,MA,São Luís,33.63,38.74,25.68,0.44,53.15,26.2,93.9,55.22,Moderada,Jul,3,Inverno,False,30.267000000000003,9.685,6.42,3.52,5.315,PM2.5,25-28 °C,acima de 85%
2024,7,2024-07-01,Nordeste,PB,João Pessoa,34.83,71.16,26.87,1.59,53.71,22.6,64.0,73.91,Moderada,Jul,3,Inverno,False,31.346999999999998,17.79,6.7175,12.72,5.371,PM2.5,22-25 °C,55-70%
2024,7,2024-07-01,Centro-Oeste,DF,Brasília,45.79,65.51,22.84,1.13,40.37,23.7,48.6,76.34,Moderada,Jul,3,Inverno,False,41.211,16.3775,5.71,9.04,4.037,PM2.5,22-25 °C,até 55%
2024,7,2024-07-01,Centro-Oeste,GO,Goiânia,29.16,57.02,21.94,1.26,44.15,26.2,48.7,60.45,Moderada,Jul,3,Inverno,False,26.244,14.255,5.485,10.08,4.415,PM2.5,25-28 °C,até 55%
2024,7,2024-07-01,Centro-Oeste,GO,Aparecida de Goiânia,29.8,42.57,29.73,1.57,42.2,26.3,75.0,61.69,Moderada,Jul,3,Inverno,False,26.82,10.6425,7.4325,12.56,4.220000000000001,PM2.5,25-28 °C,70-85%
2024,7,2024-07-01,Centro-Oeste,MT,Cuiabá,29.14,59.79,13.01,1.67,30.72,24.4,86.2,60.85,Moderada,Jul,3,Inverno,False,26.226000000000003,14.9475,3.2525,13.36,3.072,PM2.5,22-25 °C,acima de 85%
2024,7,2024-07-01,Centro-Oeste,MS,Campo Grande,25.27,24.2,24.4,0.84,46.03,28.3,40.8,46.24,Boa,Jul,3,Inverno,False,22.743,6.05,6.1,6.72,4.603000000000001,PM2.5,acima de 28 °C,até 55%
2024,7,2024-07-01,Sudeste,SP,São Paulo,33.5,56.97,18.9,0.62,46.6,24.5,67.8,58.73,Moderada,Jul,3,Inverno,False,30.150000000000002,14.2425,4.725,4.96,4.66,PM2.5,22-25 °C,55-70%
2024,7,2024-07-01,Sudeste,SP,Campinas,50.36,100.58,13.32,1.73,31.31,27.0,77.3,90.79,Ruim,Jul,3,Inverno,True,45.324,25.145,3.33,13.84,3.1310000000000002,PM2.5,25-28 °C,70-85%
2024,7,2024-07-01,Sudeste,SP,Ribeirão Preto,29.77,41.35,15.86,0.34,46.21,28.3,60.5,48.47,Boa,Jul,3,Inverno,False,26.793,10.3375,3.965,2.72,4.621,PM2.5,acima de 28 °C,55-70%
2024,7,2024-07-01,Sudeste,RJ,Rio de Janeiro,42.36,57.53,39.32,1.5,34.77,24.9,54.7,77.82,Moderada,Jul,3,Inverno,False,38.124,14.3825,9.83,12.0,3.4770000000000003,PM2.5,22-25 °C,até 55%
2024,7,2024-07-01,Sudeste,RJ,Niterói,45.38,88.61,29.2,1.76,47.84,27.5,66.4,89.16,Ruim,Jul,3,Inverno,True,40.842000000000006,22.1525,7.3,14.08,4.784000000000001,PM2.5,25-28 °C,55-70%
2024,7,2024-07-01,Sudeste,RJ,Nova Iguaçu,26.7,68.62,21.96,1.59,37.11,21.1,76.0,63.14,Moderada,Jul,3,Inverno,False,24.03,17.155,5.49,12.72,3.7110000000000003,PM2.5,até 22 °C,70-85%
2024,7,2024-07-01,Sudeste,RJ,Petrópolis,36.04,74.12,21.53,1.59,30.5,25.3,64.5,72.12,Moderada,Jul,3,Inverno,False,32.436,18.53,5.3825,12.72,3.0500000000000003,PM2.5,25-28 °C,55-70%
2024,7,2024-07-01,Sudeste,MG,Belo Horizonte,24.67,85.78,25.2,1.69,53.33,23.9,48.3,68.85,Moderada,Jul,3,Inverno,False,22.203000000000003,21.445,6.3,13.52,5.333,PM2.5,22-25 °C,até 55%
2024,7,2024-07-01,Sudeste,MG,Uberlândia,35.36,97.39,25.69,1.43,50.62,22.9,80.8,79.07,Moderada,Jul,3,Inverno,False,31.824,24.3475,6.4225,11.44,5.062,PM2.5,22-25 °C,70-85%
2024,7,2024-07-01,Sudeste,MG,Juiz de Fora,40.85,82.85,16.43,0.79,28.45,25.5,77.5,70.74,Moderada,Jul,3,Inverno,False,36.765,20.7125,4.1075,6.32,2.845,PM2.5,25-28 °C,70-85%
2024,7,2024-07-01,Sudeste,ES,Vitória,40.08,79.52,32.68,0.35,32.15,25.5,81.1,70.17,Moderada,Jul,3,Inverno,False,36.072,19.88,8.17,2.8,3.215,PM2.5,25-28 °C,70-85%
2024,7,2024-07-01,Sudeste,ES,Vila Velha,33.39,102.74,26.55,1.1,39.87,23.3,52.2,75.15,Moderada,Jul,3,Inverno,False,30.051000000000002,25.685,6.6375,8.8,3.987,PM2.5,22-25 °C,até 55%
2024,7,2024-07-01,Sudeste,ES,Serra,33.48,93.51,20.74,1.46,43.88,24.3,40.2,74.77,Moderada,Jul,3,Inverno,False,30.131999999999998,23.3775,5.185,11.68,4.388000000000001,PM2.5,22-25 °C,até 55%
2024,7,2024-07-01,Sul,PR,Curitiba,21.78,64.46,28.65,1.28,33.39,29.1,94.0,56.45,Moderada,Jul,3,Inverno,False,19.602,16.115,7.1625,10.24,3.3390000000000004,PM2.5,acima de 28 °C,acima de 85%
2024,7,2024-07-01,Sul,PR,Londrina,28.41,64.99,35.05,0.31,47.81,25.7,56.6,57.85,Moderada,Jul,3,Inverno,False,25.569,16.2475,8.7625,2.48,4.781000000000001,PM2.5,25-28 °C,55-70%
2024,7,2024-07-01,Sul,SC,Florianópolis,25.41,84.08,32.68,1.46,30.83,24.1,94.5,66.78,Moderada,Jul,3,Inverno,False,22.869,21.02,8.17,11.68,3.083,PM2.5,22-25 °C,acima de 85%
2024,7,2024-07-01,Sul,SC,Joinville,32.08,65.26,15.0,0.94,49.95,22.8,93.7,61.42,Moderada,Jul,3,Inverno,False,28.872,16.315,3.75,7.52,4.995000000000001,PM2.5,22-25 °C,acima de 85%
2024,7,2024-07-01,Sul,RS,Porto Alegre,14.93,68.32,18.54,0.91,40.17,26.7,81.9,46.47,Boa,Jul,3,Inverno,False,13.437,17.08,4.635,7.28,4.017,PM10,25-28 °C,70-85%
2024,7,2024-07-01,Sul,RS,Caxias do Sul,23.21,58.66,31.64,0.87,42.57,21.1,76.9,54.7,Moderada,Jul,3,Inverno,False,20.889000000000003,14.665,7.91,6.96,4.257000000000001,PM2.5,até 22 °C,70-85%
2024,8,2024-08-01,Norte,AM,Manaus,32.1,46.6,32.88,1.41,49.03,29.8,63.2,64.91,Moderada,Ago,3,Inverno,False,28.89,11.65,8.22,11.28,4.9030000000000005,PM2.5,acima de 28 °C,55-70%
2024,8,2024-08-01,Norte,PA,Belém,40.92,73.07,31.67,0.47,34.76,27.8,89.0,70.28,Moderada,Ago,3,Inverno,False,36.828,18.2675,7.9175,3.76,3.476,PM2.5,25-28 °C,acima de 85%
2024,8,2024-08-01,Norte,PA,Santarém,31.28,54.34,27.2,1.55,41.09,21.7,83.7,65.09,Moderada,Ago,3,Inverno,False,28.152,13.585,6.8,12.4,4.109000000000001,PM2.5,até 22 °C,70-85%
2024,8,2024-08-01,Norte,RO,Porto Velho,42.36,81.33,25.44,1.13,24.19,25.8,77.9,76.26,Moderada,Ago,3,Inverno,False,38.124,20.3325,6.36,9.04,2.4190000000000005,PM2.5,25-28 °C,70-85%
2024,8,2024-08-01,Norte,TO,Palmas,31.89,63.76,36.32,1.48,53.94,25.7,89.6,70.93,Moderada,Ago,3,Inverno,False,28.701,15.94,9.08,11.84,5.394,PM2.5,25-28 °C,acima de 85%
2024,8,2024-08-01,Nordeste,BA,Salvador,29.59,70.84,14.49,0.6,28.05,25.0,61.8,55.55,Moderada,Ago,3,Inverno,False,26.631,17.71,3.6225,4.8,2.805,PM2.5,22-25 °C,55-70%
2024,8,2024-08-01,Nordeste,BA,Feira de Santana,47.76,58.95,17.1,1.62,52.76,22.9,50.0,80.2,Ruim,Ago,3,Inverno,True,42.984,14.7375,4.275,12.96,5.276,PM2.5,22-25 °C,até 55%
2024,8,2024-08-01,Nordeste,PE,Recife,22.76,57.31,43.88,0.32,31.67,22.8,86.6,51.51,Moderada,Ago,3,Inverno,False,20.484,14.3275,10.97,2.56,3.1670000000000003,PM2.5,22-25 °C,acima de 85%
2024,8,2024-08-01,Nordeste,PE,Jaboatão dos Guararapes,37.0,57.31,18.6,0.48,33.7,24.0,81.7,59.52,Moderada,Ago,3,Inverno,False,33.300000000000004,14.3275,4.65,3.84,3.3700000000000006,PM2.5,22-25 °C,70-85%
2024,8,2024-08-01,Nordeste,CE,Fortaleza,27.38,40.06,3.27,0.75,35.62,26.2,90.9,45.03,Boa,Ago,3,Inverno,False,24.642,10.015,0.8175,6.0,3.562,PM2.5,25-28 °C,acima de 85%
2024,8,2024-08-01,Nordeste,CE,Juazeiro do Norte,38.03,43.77,28.35,1.76,36.87,30.9,69.4,70.02,Moderada,Ago,3,Inverno,False,34.227000000000004,10.9425,7.0875,14.08,3.687,PM2.5,acima de 28 °C,55-70%
2024,8,2024-08-01,Nordeste,MA,São Luís,22.52,54.24,33.48,1.11,46.3,23.9,88.1,55.71,Moderada,Ago,3,Inverno,False,20.268,13.56,8.37,8.88,4.63,PM2.5,22-25 °C,acima de 85%
2024,8,2024-08-01,Nordeste,PB,João Pessoa,37.0,92.47,5.9,1.57,37.24,25.9,69.7,74.17,Moderada,Ago,3,Inverno,False,33.300000000000004,23.1175,1.475,12.56,3.724,PM2.5,25-28 °C,55-70%
2024,8,2024-08-01,Centro-Oeste,DF,Brasília,50.29,87.87,17.53,1.59,37.74,21.6,59.5,88.12,Ruim,Ago,3,Inverno,True,45.261,21.9675,4.3825,12.72,3.7740000000000005,PM2.5,até 22 °C,55-70%
2024,8,2024-08-01,Centro-Oeste,GO,Goiânia,37.17,79.13,21.87,1.08,46.3,21.1,93.7,71.97,Moderada,Ago,3,Inverno,False,33.453,19.7825,5.4675,8.64,4.63,PM2.5,até 22 °C,acima de 85%
2024,8,2024-08-01,Centro-Oeste,GO,Aparecida de Goiânia,27.33,92.37,15.68,0.9,58.2,23.1,42.4,64.6,Moderada,Ago,3,Inverno,False,24.596999999999998,23.0925,3.92,7.2,5.82,PM2.5,22-25 °C,até 55%
2024,8,2024-08-01,Centro-Oeste,MT,Cuiabá,32.28,50.9,27.64,0.62,55.36,21.5,43.7,59.2,Moderada,Ago,3,Inverno,False,29.052000000000003,12.725,6.91,4.96,5.5360000000000005,PM2.5,até 22 °C,até 55%
2024,8,2024-08-01,Centro-Oeste,MS,Campo Grande,42.37,81.46,32.36,0.59,51.61,31.5,67.0,76.5,Moderada,Ago,3,Inverno,False,38.132999999999996,20.365,8.09,4.72,5.1610000000000005,PM2.5,acima de 28 °C,55-70%
2024,8,2024-08-01,Sudeste,SP,São Paulo,32.25,58.55,22.93,1.27,29.59,24.2,92.5,62.55,Moderada,Ago,3,Inverno,False,29.025000000000002,14.6375,5.7325,10.16,2.959,PM2.5,22-25 °C,acima de 85%
2024,8,2024-08-01,Sudeste,SP,Campinas,30.78,89.83,18.69,0.63,65.67,25.6,45.1,66.43,Moderada,Ago,3,Inverno,False,27.702,22.4575,4.6725,5.04,6.567,PM2.5,25-28 °C,até 55%
2024,8,2024-08-01,Sudeste,SP,Ribeirão Preto,26.53,69.28,21.95,0.55,35.69,25.8,65.0,54.68,Moderada,Ago,3,Inverno,False,23.877000000000002,17.32,5.4875,4.4,3.569,PM2.5,25-28 °C,55-70%
2024,8,2024-08-01,Sudeste,RJ,Rio de Janeiro,17.95,52.68,31.09,1.08,18.2,28.4,83.5,47.55,Boa,Ago,3,Inverno,False,16.155,13.17,7.7725,8.64,1.82,PM2.5,acima de 28 °C,70-85%
2024,8,2024-08-01,Sudeste,RJ,Niterói,33.75,56.64,16.61,0.93,47.32,26.7,79.6,60.89,Moderada,Ago,3,Inverno,False,30.375,14.16,4.1525,7.44,4.732,PM2.5,25-28 °C,70-85%
2024,8,2024-08-01,Sudeste,RJ,Nova Iguaçu,41.57,45.05,29.76,0.72,23.76,21.8,46.6,64.27,Moderada,Ago,3,Inverno,False,37.413000000000004,11.2625,7.44,5.76,2.3760000000000003,PM2.5,até 22 °C,até 55%
2024,8,2024-08-01,Sudeste,RJ,Petrópolis,52.09,84.22,40.24,0.76,36.4,29.1,58.4,87.69,Ruim,Ago,3,Inverno,True,46.88100000000001,21.055,10.06,6.08,3.64,PM2.5,acima de 28 °C,55-70%
2024,8,2024-08-01,Sudeste,MG,Belo Horizonte,37.5,64.78,28.29,0.76,47.12,26.8,47.4,67.8,Moderada,Ago,3,Inverno,False,33.75,16.195,7.0725,6.08,4.712,PM2.5,25-28 °C,até 55%
2024,8,2024-08-01,Sudeste,MG,Uberlândia,29.35,56.54,25.25,0.45,47.73,23.1,79.4,55.27,Moderada,Ago,3,Inverno,False,26.415000000000003,14.135,6.3125,3.6,4.773,PM2.5,22-25 °C,70-85%
2024,8,2024-08-01,Sudeste,MG,Juiz de Fora,42.87,81.5,32.0,0.48,22.59,25.9,55.6,73.06,Moderada,Ago,3,Inverno,False,38.583,20.375,8.0,3.84,2.259,PM2.5,25-28 °C,55-70%
2024,8,2024-08-01,Sudeste,ES,Vitória,25.21,62.52,24.97,0.81,50.43,27.8,67.4,56.11,Moderada,Ago,3,Inverno,False,22.689,15.63,6.2425,6.48,5.043,PM2.5,25-28 °C,55-70%
2024,8,2024-08-01,Sudeste,ES,Vila Velha,42.29,68.5,25.56,1.6,41.96,24.0,41.2,78.58,Moderada,Ago,3,Inverno,False,38.061,17.125,6.39,12.8,4.196000000000001,PM2.5,22-25 °C,até 55%
2024,8,2024-08-01,Sudeste,ES,Serra,9.92,58.88,41.6,1.18,41.69,24.9,53.7,47.68,Boa,Ago,3,Inverno,False,8.928,14.72,10.4,9.44,4.169,PM10,22-25 °C,até 55%
2024,8,2024-08-01,Sul,PR,Curitiba,23.52,76.01,33.17,1.04,27.13,29.1,66.7,59.47,Moderada,Ago,3,Inverno,False,21.168,19.0025,8.2925,8.32,2.713,PM2.5,acima de 28 °C,55-70%
2024,8,2024-08-01,Sul,PR,Londrina,30.52,75.77,19.26,0.55,53.72,31.0,52.6,60.96,Moderada,Ago,3,Inverno,False,27.468,18.9425,4.815,4.4,5.372,PM2.5,acima de 28 °C,até 55%
2024,8,2024-08-01,Sul,SC,Florianópolis,39.94,88.34,8.46,1.48,59.49,24.7,79.7,77.94,Moderada,Ago,3,Inverno,False,35.946,22.085,2.115,11.84,5.949000000000001,PM2.5,22-25 °C,70-85%
2024,8,2024-08-01,Sul,SC,Joinville,47.7,76.18,29.43,1.2,52.4,26.4,76.4,84.18,Ruim,Ago,3,Inverno,True,42.93000000000001,19.045,7.3575,9.6,5.24,PM2.5,25-28 °C,70-85%
2024,8,2024-08-01,Sul,RS,Porto Alegre,32.13,55.74,19.23,0.58,37.0,30.2,59.4,56.04,Moderada,Ago,3,Inverno,False,28.917,13.935,4.8075,4.64,3.7,PM2.5,acima de 28 °C,55-70%
2024,8,2024-08-01,Sul,RS,Caxias do Sul,37.11,64.2,18.84,0.39,38.19,24.1,71.1,61.07,Moderada,Ago,3,Inverno,False,33.399,16.05,4.71,3.12,3.819,PM2.5,22-25 °C,70-85%
2024,9,2024-09-01,Norte,AM,Manaus,21.85,71.23,25.22,0.6,44.02,24.8,94.2,52.98,Moderada,Set,3,Primavera,False,19.665000000000003,17.8075,6.305,4.8,4.402,PM2.5,22-25 °C,acima de 85%
2024,9,2024-09-01,Norte,PA,Belém,20.79,53.75,27.78,1.3,23.94,29.4,62.0,51.89,Moderada,Set,3,Primavera,False,18.711,13.4375,6.945,10.4,2.394,PM2.5,acima de 28 °C,55-70%
2024,9,2024-09-01,Norte,PA,Santarém,45.85,67.66,23.17,1.2,39.0,30.0,65.6,77.49,Moderada,Set,3,Primavera,False,41.265,16.915,5.7925,9.6,3.9000000000000004,PM2.5,acima de 28 °C,55-70%
2024,9,2024-09-01,Norte,RO,Porto Velho,24.45,74.56,15.98,0.74,35.84,23.3,72.2,54.18,Moderada,Set,3,Primavera,False,22.005,18.64,3.995,5.92,3.5840000000000005,PM2.5,22-25 °C,70-85%
2024,9,2024-09-01,Norte,TO,Palmas,32.76,58.01,28.94,1.31,38.86,27.4,67.8,65.56,Moderada,Set,3,Primavera,False,29.483999999999998,14.5025,7.235,10.48,3.886,PM2.5,25-28 °C,55-70%
2024,9,2024-09-01,Nordeste,BA,Salvador,45.18,126.32,42.28,0.5,58.6,26.2,42.2,92.67,Ruim,Set,3,Primavera,True,40.662,31.58,10.57,4.0,5.86,PM2.5,25-28 °C,até 55%
2024,9,2024-09-01,Nordeste,BA,Feira de Santana,32.38,54.79,27.06,1.34,49.98,25.5,93.7,65.29,Moderada,Set,3,Primavera,False,29.142000000000003,13.6975,6.765,10.72,4.998,PM2.5,25-28 °C,acima de 85%
2024,9,2024-09-01,Nordeste,PE,Recife,49.58,52.27,50.11,0.89,21.24,28.6,77.1,79.47,Moderada,Set,3,Primavera,False,44.622,13.0675,12.5275,7.12,2.124,PM2.5,acima de 28 °C,70-85%
2024,9,2024-09-01,Nordeste,PE,Jaboatão dos Guararapes,47.6,95.47,1.0,1.33,56.14,25.0,45.5,83.23,Ruim,Set,3,Primavera,True,42.84,23.8675,0.25,10.64,5.614000000000001,PM2.5,22-25 °C,até 55%
2024,9,2024-09-01,Nordeste,CE,Fortaleza,32.54,32.89,7.26,1.7,25.99,25.7,72.3,55.54,Moderada,Set,3,Primavera,False,29.286,8.2225,1.815,13.6,2.599,PM2.5,25-28 °C,70-85%
2024,9,2024-09-01,Nordeste,CE,Juazeiro do Norte,43.31,44.05,23.76,0.54,59.55,21.2,63.5,66.24,Moderada,Set,3,Primavera,False,38.979000000000006,11.0125,5.94,4.32,5.955,PM2.5,até 22 °C,55-70%
2024,9,2024-09-01,Nordeste,MA,São Luís,41.99,76.7,18.51,0.31,52.49,23.7,73.2,69.28,Moderada,Set,3,Primavera,False,37.791000000000004,19.175,4.6275,2.48,5.2490000000000006,PM2.5,22-25 °C,70-85%
2024,9,2024-09-01,Nordeste,PB,João Pessoa,47.91,64.24,22.72,0.77,26.82,27.3,52.2,73.71,Moderada,Set,3,Primavera,False,43.119,16.06,5.68,6.16,2.6820000000000004,PM2.5,25-28 °C,até 55%
2024,9,2024-09-01,Centro-Oeste,DF,Brasília,33.19,77.66,22.04,0.33,45.7,29.8,54.6,62.03,Moderada,Set,3,Primavera,False,29.871,19.415,5.51,2.64,4.57,PM2.5,acima de 28 °C,até 55%
2024,9,2024-09-01,Centro-Oeste,GO,Goiânia,24.81,21.56,42.71,0.95,33.55,28.1,92.3,49.31,Boa,Set,3,Primavera,False,22.329,5.39,10.6775,7.6,3.355,PM2.5,acima de 28 °C,acima de 85%
2024,9,2024-09-01,Centro-Oeste,GO,Aparecida de Goiânia,37.93,64.9,24.42,0.33,41.74,28.1,49.8,63.28,Moderada,Set,3,Primavera,False,34.137,16.225,6.105,2.64,4.174,PM2.5,acima de 28 °C,até 55%
2024,9,2024-09-01,Centro-Oeste,MT,Cuiabá,38.57,94.71,36.83,1.27,24.75,30.9,59.4,80.26,Ruim,Set,3,Primavera,True,34.713,23.6775,9.2075,10.16,2.475,PM2.5,acima de 28 °C,55-70%
2024,9,2024-09-01,Centro-Oeste,MS,Campo Grande,39.85,63.77,22.91,0.43,28.0,23.9,70.9,63.79,Moderada,Set,3,Primavera,False,35.865,15.9425,5.7275,3.44,2.8000000000000003,PM2.5,22-25 °C,70-85%
2024,9,2024-09-01,Sudeste,SP,São Paulo,40.72,48.92,31.01,0.91,46.28,23.2,50.1,68.56,Moderada,Set,3,Primavera,False,36.648,12.23,7.7525,7.28,4.628,PM2.5,22-25 °C,até 55%
2024,9,2024-09-01,Sudeste,SP,Campinas,35.0,77.27,16.58,0.3,43.06,17.0,87.5,61.69,Moderada,Set,3,Primavera,False,31.5,19.3175,4.145,2.4,4.306,PM2.5,até 22 °C,acima de 85%
2024,9,2024-09-01,Sudeste,SP,Ribeirão Preto,34.46,88.11,39.25,1.16,40.52,28.0,94.5,76.21,Moderada,Set,3,Primavera,False,31.014000000000003,22.0275,9.8125,9.28,4.0520000000000005,PM2.5,25-28 °C,acima de 85%
2024,9,2024-09-01,Sudeste,RJ,Rio de Janeiro,38.36,84.85,21.13,1.38,35.67,25.0,62.3,75.66,Moderada,Set,3,Primavera,False,34.524,21.2125,5.2825,11.04,3.567,PM2.5,22-25 °C,55-70%
2024,9,2024-09-01,Sudeste,RJ,Niterói,49.81,26.97,34.12,0.65,50.93,24.3,65.8,70.4,Moderada,Set,3,Primavera,False,44.829,6.7425,8.53,5.2,5.093,PM2.5,22-25 °C,55-70%
2024,9,2024-09-01,Sudeste,RJ,Nova Iguaçu,27.56,37.26,5.02,0.65,46.22,21.3,47.7,45.22,Boa,Set,3,Primavera,False,24.804,9.315,1.255,5.2,4.622,PM2.5,até 22 °C,até 55%
2024,9,2024-09-01,Sudeste,RJ,Petrópolis,20.44,44.49,24.78,1.18,43.32,25.4,45.5,49.51,Boa,Set,3,Primavera,False,18.396,11.1225,6.195,9.44,4.332,PM2.5,25-28 °C,até 55%
2024,9,2024-09-01,Sudeste,MG,Belo Horizonte,43.97,55.44,12.84,1.05,45.07,27.2,51.3,69.52,Moderada,Set,3,Primavera,False,39.573,13.86,3.21,8.4,4.507000000000001,PM2.5,25-28 °C,até 55%
2024,9,2024-09-01,Sudeste,MG,Uberlândia,18.44,69.82,21.72,1.76,49.93,25.2,48.2,58.55,Moderada,Set,3,Primavera,False,16.596,17.455,5.43,14.08,4.993,PM10,25-28 °C,até 55%
2024,9,2024-09-01,Sudeste,MG,Juiz de Fora,36.66,78.06,36.57,1.68,43.36,24.4,67.1,79.4,Moderada,Set,3,Primavera,False,32.994,19.515,9.1425,13.44,4.336,PM2.5,22-25 °C,55-70%
2024,9,2024-09-01,Sudeste,ES,Vitória,48.19,77.89,12.49,0.39,34.3,21.9,84.2,72.53,Moderada,Set,3,Primavera,False,43.371,19.4725,3.1225,3.12,3.4299999999999997,PM2.5,até 22 °C,70-85%
2024,9,2024-09-01,Sudeste,ES,Vila Velha,48.3,33.98,23.8,1.54,51.19,17.2,69.1,75.38,Moderada,Set,3,Primavera,False,43.47,8.495,5.95,12.32,5.119,PM2.5,até 22 °C,55-70%
2024,9,2024-09-01,Sudeste,ES,Serra,27.99,92.41,25.09,0.67,45.32,28.1,74.2,64.44,Moderada,Set,3,Primavera,False,25.191,23.1025,6.2725,5.36,4.532,PM2.5,acima de 28 °C,70-85%
2024,9,2024-09-01,Sul,PR,Curitiba,29.55,92.1,24.39,0.91,30.48,26.5,91.1,66.01,Moderada,Set,3,Primavera,False,26.595000000000002,23.025,6.0975,7.28,3.048,PM2.5,25-28 °C,acima de 85%
2024,9,2024-09-01,Sul,PR,Londrina,35.46,52.09,15.72,1.02,14.99,22.2,51.5,58.55,Moderada,Set,3,Primavera,False,31.914,13.0225,3.93,8.16,1.499,PM2.5,22-25 °C,até 55%
2024,9,2024-09-01,Sul,SC,Florianópolis,33.67,83.45,19.83,1.03,42.36,25.1,81.4,68.6,Moderada,Set,3,Primavera,False,30.303,20.8625,4.9575,8.24,4.236,PM2.5,25-28 °C,70-85%
2024,9,2024-09-01,Sul,SC,Joinville,22.39,61.67,23.72,0.88,44.14,31.4,70.7,52.93,Moderada,Set,3,Primavera,False,20.151,15.4175,5.93,7.04,4.414000000000001,PM2.5,acima de 28 °C,70-85%
2024,9,2024-09-01,Sul,RS,Porto Alegre,15.5,59.84,32.84,0.45,38.15,26.8,48.9,44.58,Boa,Set,3,Primavera,False,13.950000000000001,14.96,8.21,3.6,3.815,PM10,25-28 °C,até 55%
2024,9,2024-09-01,Sul,RS,Caxias do Sul,43.31,64.29,31.13,1.52,32.21,24.9,44.5,78.21,Moderada,Set,3,Primavera,False,38.979000000000006,16.0725,7.7825,12.16,3.221,PM2.5,22-25 °C,até 55%
2024,10,2024-10-01,Norte,AM,Manaus,43.11,85.1,20.67,1.42,36.96,24.1,40.9,80.34,Ruim,Out,4,Primavera,True,38.799,21.275,5.1675,11.36,3.696,PM2.5,22-25 °C,até 55%
2024,10,2024-10-01,Norte,PA,Belém,20.06,108.86,29.2,1.16,30.52,28.5,60.1,64.91,Moderada,Out,4,Primavera,False,18.054,27.215,7.3,9.28,3.052,PM10,acima de 28 °C,55-70%
2024,10,2024-10-01,Norte,PA,Santarém,30.68,79.54,33.13,0.49,27.73,32.5,55.2,62.47,Moderada,Out,4,Primavera,False,27.612000000000002,19.885,8.2825,3.92,2.773,PM2.5,acima de 28 °C,55-70%
2024,10,2024-10-01,Norte,RO,Porto Velho,16.17,36.06,25.42,1.0,45.17,28.1,71.8,42.42,Boa,Out,4,Primavera,False,14.553000000000003,9.015,6.355,8.0,4.517,PM2.5,acima de 28 °C,70-85%
2024,10,2024-10-01,Norte,TO,Palmas,27.93,88.73,27.84,1.06,40.66,19.2,87.0,66.86,Moderada,Out,4,Primavera,False,25.137,22.1825,6.96,8.48,4.066,PM2.5,até 22 °C,acima de 85%
2024,10,2024-10-01,Nordeste,BA,Salvador,46.33,89.71,40.45,1.67,28.65,22.2,73.0,90.49,Ruim,Out,4,Primavera,True,41.697,22.4275,10.1125,13.36,2.865,PM2.5,22-25 °C,70-85%
2024,10,2024-10-01,Nordeste,BA,Feira de Santana,34.79,103.37,33.11,1.05,49.02,22.6,64.3,78.7,Moderada,Out,4,Primavera,False,31.311,25.8425,8.2775,8.4,4.902000000000001,PM2.5,22-25 °C,55-70%
2024,10,2024-10-01,Nordeste,PE,Recife,44.09,78.24,19.28,0.91,38.27,28.8,67.9,75.18,Moderada,Out,4,Primavera,False,39.681000000000004,19.56,4.82,7.28,3.8270000000000004,PM2.5,acima de 28 °C,55-70%
2024,10,2024-10-01,Nordeste,PE,Jaboatão dos Guararapes,30.29,83.28,27.11,0.38,41.25,24.7,43.9,62.03,Moderada,Out,4,Primavera,False,27.261,20.82,6.7775,3.04,4.125,PM2.5,22-25 °C,até 55%
2024,10,2024-10-01,Nordeste,CE,Fortaleza,19.16,123.14,20.2,1.23,37.5,27.4,56.0,66.7,Moderada,Out,4,Primavera,False,17.244,30.785,5.05,9.84,3.75,PM10,25-28 °C,55-70%
2024,10,2024-10-01,Nordeste,CE,Juazeiro do Norte,29.17,56.27,33.07,1.56,32.83,25.2,46.4,64.37,Moderada,Out,4,Primavera,False,26.253000000000004,14.0675,8.2675,12.48,3.283,PM2.5,25-28 °C,até 55%
2024,10,2024-10-01,Nordeste,MA,São Luís,37.64,50.27,18.33,1.74,41.46,25.2,75.1,69.1,Moderada,Out,4,Primavera,False,33.876000000000005,12.5675,4.5825,13.92,4.146,PM2.5,25-28 °C,70-85%
2024,10,2024-10-01,Nordeste,PB,João Pessoa,25.5,71.43,28.3,1.68,47.24,22.6,69.9,66.06,Moderada,Out,4,Primavera,False,22.95,17.8575,7.075,13.44,4.724,PM2.5,22-25 °C,55-70%
2024,10,2024-10-01,Centro-Oeste,DF,Brasília,33.43,72.02,18.04,1.65,48.18,27.3,87.3,70.61,Moderada,Out,4,Primavera,False,30.087,18.005,4.51,13.2,4.8180000000000005,PM2.5,25-28 °C,acima de 85%
2024,10,2024-10-01,Centro-Oeste,GO,Goiânia,34.71,63.4,22.24,1.5,42.13,24.2,48.3,68.82,Moderada,Out,4,Primavera,False,31.239,15.85,5.56,12.0,4.213,PM2.5,22-25 °C,até 55%
2024,10,2024-10-01,Centro-Oeste,GO,Aparecida de Goiânia,27.12,70.23,20.48,1.59,36.37,26.2,64.2,63.48,Moderada,Out,4,Primavera,False,24.408,17.5575,5.12,12.72,3.637,PM2.5,25-28 °C,55-70%
2024,10,2024-10-01,Centro-Oeste,MT,Cuiabá,54.1,53.97,23.16,1.53,33.43,28.0,62.5,83.59,Ruim,Out,4,Primavera,True,48.690000000000005,13.4925,5.79,12.24,3.343,PM2.5,25-28 °C,55-70%
2024,10,2024-10-01,Centro-Oeste,MS,Campo Grande,34.0,44.14,34.76,1.72,20.53,24.8,45.7,66.15,Moderada,Out,4,Primavera,False,30.6,11.035,8.69,13.76,2.0530000000000004,PM2.5,22-25 °C,até 55%
2024,10,2024-10-01,Sudeste,SP,São Paulo,35.02,23.71,26.78,1.75,41.71,24.1,93.7,62.29,Moderada,Out,4,Primavera,False,31.518000000000004,5.9275,6.695,14.0,4.171,PM2.5,22-25 °C,acima de 85%
2024,10,2024-10-01,Sudeste,SP,Campinas,37.78,75.14,31.24,1.38,38.63,24.1,43.0,75.53,Moderada,Out,4,Primavera,False,34.002,18.785,7.81,11.04,3.8630000000000004,PM2.5,22-25 °C,até 55%
2024,10,2024-10-01,Sudeste,SP,Ribeirão Preto,30.17,66.58,33.75,1.47,51.49,25.8,41.3,69.18,Moderada,Out,4,Primavera,False,27.153000000000002,16.645,8.4375,11.76,5.149000000000001,PM2.5,25-28 °C,até 55%
2024,10,2024-10-01,Sudeste,RJ,Rio de Janeiro,41.7,73.22,41.36,1.63,43.29,26.8,67.7,83.58,Ruim,Out,4,Primavera,True,37.53,18.305,10.34,13.04,4.329,PM2.5,25-28 °C,55-70%
2024,10,2024-10-01,Sudeste,RJ,Niterói,35.38,90.78,18.65,0.81,43.8,28.8,73.6,70.02,Moderada,Out,4,Primavera,False,31.842000000000002,22.695,4.6625,6.48,4.38,PM2.5,acima de 28 °C,70-85%
2024,10,2024-10-01,Sudeste,RJ,Nova Iguaçu,39.32,62.57,31.05,0.98,34.07,25.2,80.8,70.03,Moderada,Out,4,Primavera,False,35.388,15.6425,7.7625,7.84,3.407,PM2.5,25-28 °C,70-85%
2024,10,2024-10-01,Sudeste,RJ,Petrópolis,40.61,85.54,13.41,1.63,40.57,19.1,76.9,78.41,Moderada,Out,4,Primavera,False,36.549,21.385,3.3525,13.04,4.057,PM2.5,até 22 °C,70-85%
2024,10,2024-10-01,Sudeste,MG,Belo Horizonte,34.27,68.5,15.92,1.47,43.07,25.8,63.0,67.99,Moderada,Out,4,Primavera,False,30.843000000000004,17.125,3.98,11.76,4.307,PM2.5,25-28 °C,55-70%
2024,10,2024-10-01,Sudeste,MG,Uberlândia,33.16,91.4,21.36,1.3,39.97,28.4,92.0,72.47,Moderada,Out,4,Primavera,False,29.843999999999998,22.85,5.34,10.4,3.997,PM2.5,acima de 28 °C,acima de 85%
2024,10,2024-10-01,Sudeste,MG,Juiz de Fora,53.95,69.81,15.76,0.67,40.63,20.4,73.1,79.36,Moderada,Out,4,Primavera,False,48.55500000000001,17.4525,3.94,5.36,4.063000000000001,PM2.5,até 22 °C,70-85%
2024,10,2024-10-01,Sudeste,ES,Vitória,36.57,73.96,28.55,1.77,30.52,27.0,47.9,75.78,Moderada,Out,4,Primavera,False,32.913000000000004,18.49,7.1375,14.16,3.052,PM2.5,25-28 °C,até 55%
2024,10,2024-10-01,Sudeste,ES,Vila Velha,32.63,76.87,16.07,1.02,42.44,26.7,85.0,65.02,Moderada,Out,4,Primavera,False,29.367000000000004,19.2175,4.0175,8.16,4.244,PM2.5,25-28 °C,70-85%
2024,10,2024-10-01,Sudeste,ES,Serra,33.42,92.72,28.18,0.68,45.1,20.5,48.5,70.23,Moderada,Out,4,Primavera,False,30.078000000000003,23.18,7.045,5.44,4.510000000000001,PM2.5,até 22 °C,até 55%
2024,10,2024-10-01,Sul,PR,Curitiba,42.73,72.54,27.07,1.51,43.22,23.5,81.8,79.77,Moderada,Out,4,Primavera,False,38.457,18.135,6.7675,12.08,4.322,PM2.5,22-25 °C,70-85%
2024,10,2024-10-01,Sul,PR,Londrina,39.74,67.71,20.69,1.67,49.0,24.8,41.4,76.16,Moderada,Out,4,Primavera,False,35.766000000000005,16.9275,5.1725,13.36,4.9,PM2.5,22-25 °C,até 55%
2024,10,2024-10-01,Sul,SC,Florianópolis,30.09,87.71,38.44,1.53,40.13,25.9,64.6,74.91,Moderada,Out,4,Primavera,False,27.081,21.9275,9.61,12.24,4.013000000000001,PM2.5,25-28 °C,55-70%
2024,10,2024-10-01,Sul,SC,Joinville,31.23,63.79,40.41,1.74,47.61,25.2,85.0,72.81,Moderada,Out,4,Primavera,False,28.107,15.9475,10.1025,13.92,4.761,PM2.5,25-28 °C,70-85%
2024,10,2024-10-01,Sul,RS,Porto Alegre,37.24,74.62,25.24,1.64,43.38,22.7,55.4,75.93,Moderada,Out,4,Primavera,False,33.516000000000005,18.655,6.31,13.12,4.338,PM2.5,22-25 °C,55-70%
2024,10,2024-10-01,Sul,RS,Caxias do Sul,21.61,79.69,28.62,1.31,50.3,22.1,71.4,62.07,Moderada,Out,4,Primavera,False,19.449,19.9225,7.155,10.48,5.03,PM10,22-25 °C,70-85%
2024,11,2024-11-01,Norte,AM,Manaus,6.46,77.11,21.1,1.6,39.87,30.1,86.8,47.14,Boa,Nov,4,Primavera,False,5.814,19.2775,5.275,12.8,3.987,PM10,acima de 28 °C,acima de 85%
2024,11,2024-11-01,Norte,PA,Belém,20.56,77.76,31.3,0.5,41.32,27.2,44.1,53.89,Moderada,Nov,4,Primavera,False,18.503999999999998,19.44,7.825,4.0,4.132000000000001,PM10,25-28 °C,até 55%
2024,11,2024-11-01,Norte,PA,Santarém,35.54,57.63,23.73,1.58,52.55,22.2,42.7,70.18,Moderada,Nov,4,Primavera,False,31.986,14.4075,5.9325,12.64,5.255,PM2.5,22-25 °C,até 55%
2024,11,2024-11-01,Norte,RO,Porto Velho,37.27,44.59,19.94,0.74,39.61,24.0,88.8,59.54,Moderada,Nov,4,Primavera,False,33.543000000000006,11.1475,4.985,5.92,3.9610000000000003,PM2.5,22-25 °C,acima de 85%
2024,11,2024-11-01,Norte,TO,Palmas,33.74,74.4,33.02,1.42,51.32,26.8,57.2,73.73,Moderada,Nov,4,Primavera,False,30.366000000000003,18.6,8.255,11.36,5.132000000000001,PM2.5,25-28 °C,55-70%
2024,11,2024-11-01,Nordeste,BA,Salvador,35.21,48.45,14.45,1.13,32.97,26.1,59.5,59.78,Moderada,Nov,4,Primavera,False,31.689,12.1125,3.6125,9.04,3.297,PM2.5,25-28 °C,55-70%
2024,11,2024-11-01,Nordeste,BA,Feira de Santana,31.06,70.77,22.89,0.9,47.12,29.9,63.8,63.28,Moderada,Nov,4,Primavera,False,27.954,17.6925,5.7225,7.2,4.712,PM2.5,acima de 28 °C,55-70%
2024,11,2024-11-01,Nordeste,PE,Recife,24.87,59.93,26.46,1.14,48.36,23.2,55.6,57.94,Moderada,Nov,4,Primavera,False,22.383000000000003,14.9825,6.615,9.12,4.836,PM2.5,22-25 °C,55-70%
2024,11,2024-11-01,Nordeste,PE,Jaboatão dos Guararapes,39.82,85.35,18.49,0.74,28.06,22.0,68.0,70.54,Moderada,Nov,4,Primavera,False,35.838,21.3375,4.6225,5.92,2.806,PM2.5,até 22 °C,55-70%
2024,11,2024-11-01,Nordeste,CE,Fortaleza,36.46,61.21,28.75,1.16,40.4,25.5,60.6,68.6,Moderada,Nov,4,Primavera,False,32.814,15.3025,7.1875,9.28,4.04,PM2.5,25-28 °C,55-70%
2024,11,2024-11-01,Nordeste,CE,Juazeiro do Norte,12.79,47.54,32.03,0.58,41.75,23.4,77.7,40.25,Boa,Nov,4,Primavera,False,11.511,11.885,8.0075,4.64,4.175,PM10,22-25 °C,70-85%
2024,11,2024-11-01,Nordeste,MA,São Luís,30.93,60.35,32.27,0.45,33.2,29.3,81.2,57.94,Moderada,Nov,4,Primavera,False,27.837,15.0875,8.0675,3.6,3.3200000000000003,PM2.5,acima de 28 °C,70-85%
2024,11,2024-11-01,Nordeste,PB,João Pessoa,40.91,69.53,31.89,0.62,38.49,27.7,72.4,71.01,Moderada,Nov,4,Primavera,False,36.818999999999996,17.3825,7.9725,4.96,3.849,PM2.5,25-28 °C,70-85%
2024,11,2024-11-01,Centro-Oeste,DF,Brasília,27.99,90.14,34.92,0.79,37.31,21.0,40.9,66.51,Moderada,Nov,4,Primavera,False,25.191,22.535,8.73,6.32,3.7310000000000003,PM2.5,até 22 °C,até 55%
2024,11,2024-11-01,Centro-Oeste,GO,Goiânia,38.17,73.59,16.82,1.04,33.09,24.0,56.5,68.57,Moderada,Nov,4,Primavera,False,34.353,18.3975,4.205,8.32,3.3090000000000006,PM2.5,22-25 °C,55-70%
2024,11,2024-11-01,Centro-Oeste,GO,Aparecida de Goiânia,35.93,56.91,25.51,0.46,42.63,21.8,87.5,60.85,Moderada,Nov,4,Primavera,False,32.337,14.2275,6.3775,3.68,4.263000000000001,PM2.5,até 22 °C,acima de 85%
2024,11,2024-11-01,Centro-Oeste,MT,Cuiabá,39.41,66.79,24.66,1.19,43.94,26.0,61.3,72.27,Moderada,Nov,4,Primavera,False,35.469,16.6975,6.165,9.52,4.394,PM2.5,25-28 °C,55-70%
2024,11,2024-11-01,Centro-Oeste,MS,Campo Grande,44.68,89.94,11.32,1.78,53.68,22.3,94.7,85.15,Ruim,Nov,4,Primavera,True,40.212,22.485,2.83,14.24,5.368,PM2.5,22-25 °C,acima de 85%
2024,11,2024-11-01,Sudeste,SP,São Paulo,26.68,73.26,38.22,0.78,31.01,22.5,90.3,61.24,Moderada,Nov,4,Primavera,False,24.012,18.315,9.555,6.24,3.1010000000000004,PM2.5,22-25 °C,acima de 85%
2024,11,2024-11-01,Sudeste,SP,Campinas,22.25,90.05,31.4,1.19,35.96,28.6,83.8,63.5,Moderada,Nov,4,Primavera,False,20.025000000000002,22.5125,7.85,9.52,3.596,PM10,acima de 28 °C,70-85%
2024,11,2024-11-01,Sudeste,SP,Ribeirão Preto,37.78,43.2,27.77,1.26,16.59,26.4,93.3,63.52,Moderada,Nov,4,Primavera,False,34.002,10.8,6.9425,10.08,1.659,PM2.5,25-28 °C,acima de 85%
2024,11,2024-11-01,Sudeste,RJ,Rio de Janeiro,42.45,96.44,35.77,0.41,35.56,26.3,79.8,78.13,Moderada,Nov,4,Primavera,False,38.205000000000005,24.11,8.9425,3.28,3.5560000000000005,PM2.5,25-28 °C,70-85%
2024,11,2024-11-01,Sudeste,RJ,Niterói,42.78,92.23,30.25,0.43,50.35,24.4,83.8,77.64,Moderada,Nov,4,Primavera,False,38.502,23.0575,7.5625,3.44,5.035,PM2.5,22-25 °C,70-85%
2024,11,2024-11-01,Sudeste,RJ,Nova Iguaçu,43.11,59.35,22.2,1.43,43.65,23.9,68.9,75.02,Moderada,Nov,4,Primavera,False,38.799,14.8375,5.55,11.44,4.365,PM2.5,22-25 °C,55-70%
2024,11,2024-11-01,Sudeste,RJ,Petrópolis,35.76,104.1,19.79,0.52,45.97,25.5,56.4,71.93,Moderada,Nov,4,Primavera,False,32.184,26.025,4.9475,4.16,4.597,PM2.5,25-28 °C,55-70%
2024,11,2024-11-01,Sudeste,MG,Belo Horizonte,36.59,49.09,24.53,0.91,29.41,26.1,66.0,61.54,Moderada,Nov,4,Primavera,False,32.931000000000004,12.2725,6.1325,7.28,2.9410000000000003,PM2.5,25-28 °C,55-70%
2024,11,2024-11-01,Sudeste,MG,Uberlândia,27.33,62.04,25.79,1.49,23.69,22.4,52.0,60.84,Moderada,Nov,4,Primavera,False,24.596999999999998,15.51,6.4475,11.92,2.369,PM2.5,22-25 °C,até 55%
2024,11,2024-11-01,Sudeste,MG,Juiz de Fora,22.59,73.0,16.06,0.77,32.0,27.3,71.7,51.94,Moderada,Nov,4,Primavera,False,20.331,18.25,4.015,6.16,3.2,PM2.5,25-28 °C,70-85%
2024,11,2024-11-01,Sudeste,ES,Vitória,43.73,84.05,39.77,0.99,44.79,23.9,51.1,82.74,Ruim,Nov,4,Primavera,True,39.357,21.0125,9.9425,7.92,4.479,PM2.5,22-25 °C,até 55%
2024,11,2024-11-01,Sudeste,ES,Vila Velha,29.3,61.12,27.3,0.85,42.07,26.9,87.1,59.5,Moderada,Nov,4,Primavera,False,26.37,15.28,6.825,6.8,4.207,PM2.5,25-28 °C,acima de 85%
2024,11,2024-11-01,Sudeste,ES,Serra,37.06,77.01,22.16,0.36,57.22,28.2,94.7,66.74,Moderada,Nov,4,Primavera,False,33.354000000000006,19.2525,5.54,2.88,5.722,PM2.5,acima de 28 °C,acima de 85%
2024,11,2024-11-01,Sul,PR,Curitiba,38.27,68.19,28.21,1.21,31.01,26.6,58.6,71.29,Moderada,Nov,4,Primavera,False,34.443000000000005,17.0475,7.0525,9.68,3.1010000000000004,PM2.5,25-28 °C,55-70%
2024,11,2024-11-01,Sul,PR,Londrina,50.87,50.82,24.21,1.03,41.31,23.8,61.0,76.94,Moderada,Nov,4,Primavera,False,45.783,12.705,6.0525,8.24,4.131,PM2.5,22-25 °C,55-70%
2024,11,2024-11-01,Sul,SC,Florianópolis,25.15,49.75,17.21,0.53,59.65,25.3,57.3,49.55,Boa,Nov,4,Primavera,False,22.634999999999998,12.4375,4.3025,4.24,5.965,PM2.5,25-28 °C,55-70%
2024,11,2024-11-01,Sul,SC,Joinville,33.33,66.86,18.52,0.57,51.59,23.1,68.8,61.03,Moderada,Nov,4,Primavera,False,29.997,16.715,4.63,4.56,5.159000000000001,PM2.5,22-25 °C,55-70%
2024,11,2024-11-01,Sul,RS,Porto Alegre,39.08,73.88,15.58,0.31,54.04,19.8,80.5,65.43,Moderada,Nov,4,Primavera,False,35.172,18.47,3.895,2.48,5.404,PM2.5,até 22 °C,70-85%
2024,11,2024-11-01,Sul,RS,Caxias do Sul,32.51,66.32,28.74,0.86,24.72,31.5,61.3,62.35,Moderada,Nov,4,Primavera,False,29.259,16.58,7.185,6.88,2.472,PM2.5,acima de 28 °C,55-70%
2024,12,2024-12-01,Norte,AM,Manaus,23.27,64.12,31.81,0.63,31.04,22.0,93.3,53.03,Moderada,Dez,4,Verão,False,20.943,16.03,7.9525,5.04,3.104,PM2.5,até 22 °C,acima de 85%
2024,12,2024-12-01,Norte,PA,Belém,28.0,132.53,27.64,1.17,52.69,22.7,50.2,79.89,Moderada,Dez,4,Verão,False,25.2,33.1325,6.91,9.36,5.269,PM10,22-25 °C,até 55%
2024,12,2024-12-01,Norte,PA,Santarém,33.82,66.46,14.14,1.23,48.24,26.8,59.7,65.27,Moderada,Dez,4,Verão,False,30.438000000000002,16.615,3.535,9.84,4.824000000000001,PM2.5,25-28 °C,55-70%
2024,12,2024-12-01,Norte,RO,Porto Velho,24.95,75.26,18.12,0.44,33.08,24.9,65.8,52.63,Moderada,Dez,4,Verão,False,22.455,18.815,4.53,3.52,3.308,PM2.5,22-25 °C,55-70%
2024,12,2024-12-01,Norte,TO,Palmas,32.38,65.95,22.63,0.5,42.95,23.2,46.3,59.56,Moderada,Dez,4,Verão,False,29.142000000000003,16.4875,5.6575,4.0,4.295000000000001,PM2.5,22-25 °C,até 55%
2024,12,2024-12-01,Nordeste,BA,Salvador,35.63,85.27,18.23,1.62,51.17,32.2,57.5,76.04,Moderada,Dez,4,Verão,False,32.067,21.3175,4.5575,12.96,5.117000000000001,PM2.5,acima de 28 °C,55-70%
2024,12,2024-12-01,Nordeste,BA,Feira de Santana,49.14,78.48,32.46,0.9,49.06,24.4,92.9,84.03,Ruim,Dez,4,Verão,True,44.226,19.62,8.115,7.2,4.906000000000001,PM2.5,22-25 °C,acima de 85%
2024,12,2024-12-01,Nordeste,PE,Recife,39.65,65.86,23.83,1.03,40.91,25.7,93.2,70.41,Moderada,Dez,4,Verão,False,35.685,16.465,5.9575,8.24,4.091,PM2.5,25-28 °C,acima de 85%
2024,12,2024-12-01,Nordeste,PE,Jaboatão dos Guararapes,28.14,110.15,11.4,0.42,36.92,23.9,92.2,62.79,Moderada,Dez,4,Verão,False,25.326,27.5375,2.85,3.36,3.692,PM10,22-25 °C,acima de 85%
2024,12,2024-12-01,Nordeste,CE,Fortaleza,7.41,71.8,14.51,0.83,52.31,22.1,50.0,40.12,Boa,Dez,4,Verão,False,6.6690000000000005,17.95,3.6275,6.64,5.231000000000001,PM10,22-25 °C,até 55%
2024,12,2024-12-01,Nordeste,CE,Juazeiro do Norte,43.62,83.76,27.94,0.76,41.81,23.8,72.4,77.41,Moderada,Dez,4,Verão,False,39.257999999999996,20.94,6.985,6.08,4.181,PM2.5,22-25 °C,70-85%
2024,12,2024-12-01,Nordeste,MA,São Luís,36.43,75.8,25.35,0.94,34.08,19.4,68.3,69.04,Moderada,Dez,4,Verão,False,32.787,18.95,6.3375,7.52,3.408,PM2.5,até 22 °C,55-70%
2024,12,2024-12-01,Nordeste,PB,João Pessoa,31.5,75.67,14.43,1.2,19.23,28.0,47.0,62.37,Moderada,Dez,4,Verão,False,28.35,18.9175,3.6075,9.6,1.923,PM2.5,25-28 °C,até 55%
2024,12,2024-12-01,Centro-Oeste,DF,Brasília,47.89,63.91,28.67,1.62,56.28,27.1,65.3,84.86,Ruim,Dez,4,Verão,True,43.101,15.9775,7.1675,12.96,5.628,PM2.5,25-28 °C,55-70%
2024,12,2024-12-01,Centro-Oeste,GO,Goiânia,50.8,70.39,23.32,0.83,50.37,27.4,62.3,80.79,Ruim,Dez,4,Verão,True,45.72,17.5975,5.83,6.64,5.037,PM2.5,25-28 °C,55-70%
2024,12,2024-12-01,Centro-Oeste,GO,Aparecida de Goiânia,27.64,85.31,10.33,0.81,33.45,28.7,76.0,58.58,Moderada,Dez,4,Verão,False,24.876,21.3275,2.5825,6.48,3.3450000000000006,PM2.5,acima de 28 °C,70-85%
2024,12,2024-12-01,Centro-Oeste,MT,Cuiabá,23.62,87.58,25.56,1.72,44.31,33.3,48.8,67.72,Moderada,Dez,4,Verão,False,21.258000000000003,21.895,6.39,13.76,4.431,PM10,acima de 28 °C,até 55%
2024,12,2024-12-01,Centro-Oeste,MS,Campo Grande,33.13,114.75,24.26,1.29,42.3,26.8,92.9,79.15,Moderada,Dez,4,Verão,False,29.817000000000004,28.6875,6.065,10.32,4.2299999999999995,PM2.5,25-28 °C,acima de 85%
2024,12,2024-12-01,Sudeste,SP,São Paulo,42.76,56.89,26.55,0.86,31.58,21.4,60.6,69.38,Moderada,Dez,4,Verão,False,38.484,14.2225,6.6375,6.88,3.158,PM2.5,até 22 °C,55-70%
2024,12,2024-12-01,Sudeste,SP,Campinas,27.24,75.67,22.42,1.09,44.35,22.5,64.7,62.21,Moderada,Dez,4,Verão,False,24.516,18.9175,5.605,8.72,4.4350000000000005,PM2.5,22-25 °C,55-70%
2024,12,2024-12-01,Sudeste,SP,Ribeirão Preto,23.11,92.59,23.9,1.59,41.13,27.6,54.2,66.76,Moderada,Dez,4,Verão,False,20.799,23.1475,5.975,12.72,4.113,PM10,25-28 °C,até 55%
2024,12,2024-12-01,Sudeste,RJ,Rio de Janeiro,30.22,55.65,19.88,0.65,48.39,27.4,52.8,56.09,Moderada,Dez,4,Verão,False,27.198,13.9125,4.97,5.2,4.839,PM2.5,25-28 °C,até 55%
2024,12,2024-12-01,Sudeste,RJ,Niterói,40.52,52.16,22.45,0.99,31.08,30.0,87.3,66.13,Moderada,Dez,4,Verão,False,36.468,13.04,5.6125,7.92,3.108,PM2.5,acima de 28 °C,acima de 85%
2024,12,2024-12-01,Sudeste,RJ,Nova Iguaçu,29.72,78.18,13.67,1.53,63.17,30.3,54.7,68.25,Moderada,Dez,4,Verão,False,26.748,19.545,3.4175,12.24,6.317,PM2.5,acima de 28 °C,até 55%
2024,12,2024-12-01,Sudeste,RJ,Petrópolis,41.16,50.61,29.57,0.63,45.62,28.5,68.2,66.73,Moderada,Dez,4,Verão,False,37.044,12.6525,7.3925,5.04,4.562,PM2.5,acima de 28 °C,55-70%
2024,12,2024-12-01,Sudeste,MG,Belo Horizonte,29.69,82.27,18.35,1.06,34.36,27.0,77.0,63.78,Moderada,Dez,4,Verão,False,26.721,20.5675,4.5875,8.48,3.436,PM2.5,25-28 °C,70-85%
2024,12,2024-12-01,Sudeste,MG,Uberlândia,25.72,24.27,32.65,1.17,35.34,22.4,70.3,50.31,Moderada,Dez,4,Verão,False,23.148,6.0675,8.1625,9.36,3.5340000000000007,PM2.5,22-25 °C,70-85%
2024,12,2024-12-01,Sudeste,MG,Juiz de Fora,34.51,98.62,19.35,0.43,49.44,27.5,56.8,68.91,Moderada,Dez,4,Verão,False,31.058999999999997,24.655,4.8375,3.44,4.944,PM2.5,25-28 °C,55-70%
2024,12,2024-12-01,Sudeste,ES,Vitória,44.06,47.29,28.79,1.39,53.87,30.1,79.7,75.2,Moderada,Dez,4,Verão,False,39.654,11.8225,7.1975,11.12,5.3870000000000005,PM2.5,acima de 28 °C,70-85%
2024,12,2024-12-01,Sudeste,ES,Vila Velha,34.44,85.79,13.0,0.76,27.0,31.4,56.3,64.51,Moderada,Dez,4,Verão,False,30.996,21.4475,3.25,6.08,2.7,PM2.5,acima de 28 °C,55-70%
2024,12,2024-12-01,Sudeste,ES,Serra,42.2,92.91,1.0,1.26,37.43,29.2,74.7,75.27,Moderada,Dez,4,Verão,False,37.980000000000004,23.2275,0.25,10.08,3.7430000000000003,PM2.5,acima de 28 °C,70-85%
2024,12,2024-12-01,Sul,PR,Curitiba,20.69,69.91,24.67,1.18,27.73,19.6,51.7,54.46,Moderada,Dez,4,Verão,False,18.621000000000002,17.4775,6.1675,9.44,2.773,PM2.5,até 22 °C,até 55%
2024,12,2024-12-01,Sul,PR,Londrina,27.23,87.46,21.22,1.53,28.46,24.9,93.0,66.78,Moderada,Dez,4,Verão,False,24.507,21.865,5.305,12.24,2.846,PM2.5,22-25 °C,acima de 85%
2024,12,2024-12-01,Sul,SC,Florianópolis,36.99,33.91,48.55,0.45,50.89,25.0,85.9,62.57,Moderada,Dez,4,Verão,False,33.291000000000004,8.4775,12.1375,3.6,5.089,PM2.5,22-25 °C,acima de 85%
2024,12,2024-12-01,Sul,SC,Joinville,42.17,81.18,24.63,1.45,38.95,26.8,82.9,79.87,Moderada,Dez,4,Verão,False,37.953,20.295,6.1575,11.6,3.8950000000000005,PM2.5,25-28 °C,70-85%
2024,12,2024-12-01,Sul,RS,Porto Alegre,26.01,53.97,22.5,0.43,27.85,21.4,79.1,48.76,Boa,Dez,4,Verão,False,23.409000000000002,13.4925,5.625,3.44,2.785,PM2.5,até 22 °C,70-85%
2024,12,2024-12-01,Sul,RS,Caxias do Sul,40.06,70.65,29.85,0.45,39.67,25.5,57.6,68.74,Moderada,Dez,4,Verão,False,36.054,17.6625,7.4625,3.6,3.9670000000000005,PM2.5,25-28 °C,55-70%
